{"type":"FeatureCollection","features":[{"type":"Feature","properties":{"PLATEBOUND":"CA-NA","STEPCLASS":"OCB","BOUNDCONT":"FALSE","OROGEN":"TRUE"},"geometry":{"type":"LineString","coordinates":[[-61.553,18.959],[-61.561291,18.963227],[-61.569583,18.967454],[-61.577875,18.971681],[-61.586167,18.975907],[-61.59446,18.980132],[-61.602753,18.984358],[-61.611047,18.988583],[-61.619341,18.992807],[-61.627635,18.997032],[-61.63593,19.001255],[-61.644225,19.005479],[-61.652521,19.009702],[-61.660817,19.013925],[-61.669114,19.018147],[-61.677411,19.022369],[-61.685708,19.026591],[-61.694006,19.030812],[-61.702304,19.035033],[-61.710603,19.039253],[-61.718902,19.043474],[-61.727202,19.047693],[-61.735502,19.051913],[-61.743802,19.056132],[-61.752103,19.06035],[-61.760404,19.064569],[-61.768705,19.068786],[-61.777007,19.073004],[-61.78531,19.077221],[-61.793613,19.081438],[-61.801916,19.085654],[-61.81022,19.08987],[-61.818524,19.094086],[-61.826828,19.098301],[-61.835133,19.102516],[-61.843439,19.10673],[-61.851745,19.110944],[-61.860051,19.115158],[-61.868357,19.119372],[-61.876664,19.123585],[-61.884972,19.127797],[-61.89328,19.132009],[-61.901588,19.136221],[-61.909897,19.140433],[-61.918206,19.144644],[-61.926516,19.148855],[-61.934826,19.153065],[-61.943136,19.157275],[-61.951447,19.161484],[-61.959758,19.165694],[-61.96807,19.169902],[-61.976382,19.174111],[-61.984695,19.178319],[-61.993008,19.182527],[-62.001321,19.186734],[-62.009635,19.190941],[-62.017949,19.195147],[-62.026264,19.199354],[-62.034579,19.203559],[-62.042894,19.207765],[-62.05121,19.21197],[-62.059527,19.216175],[-62.067843,19.220379],[-62.076161,19.224583],[-62.084478,19.228786],[-62.092796,19.232989],[-62.101115,19.237192],[-62.109434,19.241395],[-62.117753,19.245597],[-62.126073,19.249798],[-62.134393,19.253999],[-62.142713,19.2582],[-62.151034,19.262401],[-62.159356,19.266601],[-62.167678,19.270801],[-62.176,19.275]]}},{"type":"Feature","properties":{"PLATEBOUND":"CA-NA","STEPCLASS":"OCB","BOUNDCONT":"TRUE","OROGEN":"TRUE"},"geometry":{"type":"LineString","coordinates":[[-62.176,19.275],[-62.184587,19.278849],[-62.193175,19.282698],[-62.201762,19.286546],[-62.210351,19.290394],[-62.218939,19.294241],[-62.227528,19.298088],[-62.236118,19.301935],[-62.244708,19.305781],[-62.253298,19.309627],[-62.261889,19.313472],[-62.27048,19.317317],[-62.279071,19.321162],[-62.287663,19.325006],[-62.296255,19.32885],[-62.304848,19.332693],[-62.313441,19.336536],[-62.322035,19.340378],[-62.330628,19.344221],[-62.339223,19.348062],[-62.347817,19.351904],[-62.356413,19.355744],[-62.365008,19.359585],[-62.373604,19.363425],[-62.3822,19.367265],[-62.390797,19.371104],[-62.399394,19.374943],[-62.407992,19.378781],[-62.41659,19.382619],[-62.425188,19.386457],[-62.433787,19.390294],[-62.442386,19.394131],[-62.450985,19.397968],[-62.459585,19.401804],[-62.468185,19.405639],[-62.476786,19.409474],[-62.485387,19.413309],[-62.493989,19.417144],[-62.502591,19.420978],[-62.511193,19.424811],[-62.519796,19.428644],[-62.528399,19.432477],[-62.537003,19.436309],[-62.545607,19.440141],[-62.554211,19.443973],[-62.562816,19.447804],[-62.571421,19.451635],[-62.580026,19.455465],[-62.588632,19.459295],[-62.597239,19.463124],[-62.605846,19.466953],[-62.614453,19.470782],[-62.62306,19.47461],[-62.631668,19.478438],[-62.640277,19.482265],[-62.648886,19.486092],[-62.657495,19.489919],[-62.666104,19.493745],[-62.674714,19.497571],[-62.683325,19.501396],[-62.691936,19.505221],[-62.700547,19.509046],[-62.709159,19.51287],[-62.717771,19.516694],[-62.726383,19.520517],[-62.734996,19.52434],[-62.743609,19.528162],[-62.752223,19.531984],[-62.760837,19.535806],[-62.769451,19.539627],[-62.778066,19.543448],[-62.786682,19.547269],[-62.795297,19.551089],[-62.803913,19.554908],[-62.81253,19.558727],[-62.821147,19.562546],[-62.829764,19.566365],[-62.838382,19.570182],[-62.847,19.574]]}},{"type":"Feature","properties":{"PLATEBOUND":"CA-NA","STEPCLASS":"OCB","BOUNDCONT":"TRUE","OROGEN":"TRUE"},"geometry":{"type":"LineString","coordinates":[[-62.847,19.574],[-62.856154,19.576102],[-62.865309,19.578204],[-62.874463,19.580305],[-62.883618,19.582406],[-62.892773,19.584506],[-62.901929,19.586606],[-62.911084,19.588705],[-62.92024,19.590804],[-62.929396,19.592902],[-62.938553,19.595],[-62.947709,19.597098],[-62.956866,19.599195],[-62.966023,19.601291],[-62.97518,19.603387],[-62.984338,19.605483],[-62.993496,19.607578],[-63.002654,19.609673],[-63.011812,19.611767],[-63.02097,19.61386],[-63.030129,19.615954],[-63.039288,19.618046],[-63.048447,19.620139],[-63.057607,19.622231],[-63.066766,19.624322],[-63.075926,19.626413],[-63.085086,19.628503],[-63.094247,19.630593],[-63.103407,19.632683],[-63.112568,19.634772],[-63.121729,19.636861],[-63.13089,19.638949],[-63.140052,19.641036],[-63.149214,19.643124],[-63.158376,19.64521],[-63.167538,19.647297],[-63.1767,19.649382],[-63.185863,19.651468],[-63.195026,19.653553],[-63.204189,19.655637],[-63.213353,19.657721],[-63.222516,19.659804],[-63.23168,19.661887],[-63.240845,19.66397],[-63.250009,19.666052],[-63.259174,19.668133],[-63.268338,19.670215],[-63.277503,19.672295],[-63.286669,19.674375],[-63.295834,19.676455],[-63.305,19.678534],[-63.314166,19.680613],[-63.323333,19.682691],[-63.332499,19.684769],[-63.341666,19.686847],[-63.350833,19.688924],[-63.36,19.691]]}},{"type":"Feature","properties":{"PLATEBOUND":"CA-NA","STEPCLASS":"OTF","BOUNDCONT":"TRUE","OROGEN":"TRUE"},"geometry":{"type":"LineString","coordinates":[[-63.36,19.691],[-63.3693,19.691778],[-63.378601,19.692555],[-63.387902,19.693331],[-63.397202,19.694107],[-63.406503,19.694883],[-63.415804,19.695658],[-63.425105,19.696433],[-63.434406,19.697207],[-63.443707,19.697981],[-63.453009,19.698754],[-63.46231,19.699527],[-63.471611,19.700299],[-63.480913,19.701071],[-63.490215,19.701842],[-63.499516,19.702613],[-63.508818,19.703383],[-63.51812,19.704153],[-63.527422,19.704922],[-63.536724,19.705691],[-63.546026,19.70646],[-63.555328,19.707228],[-63.564631,19.707995],[-63.573933,19.708762],[-63.583236,19.709529],[-63.592538,19.710295],[-63.601841,19.71106],[-63.611144,19.711825],[-63.620447,19.71259],[-63.629749,19.713354],[-63.639052,19.714117],[-63.648356,19.71488],[-63.657659,19.715643],[-63.666962,19.716405],[-63.676266,19.717167],[-63.685569,19.717928],[-63.694873,19.718689],[-63.704176,19.719449],[-63.71348,19.720209],[-63.722784,19.720968],[-63.732088,19.721727],[-63.741392,19.722485],[-63.750696,19.723243],[-63.76,19.724]]}},{"type":"Feature","properties":{"PLATEBOUND":"CA-NA","STEPCLASS":"OTF","BOUNDCONT":"TRUE","OROGEN":"TRUE"},"geometry":{"type":"LineString","coordinates":[[-63.76,19.724],[-63.769416,19.724902],[-63.778832,19.725804],[-63.788249,19.726705],[-63.797665,19.727606],[-63.807082,19.728506],[-63.816499,19.729406],[-63.825915,19.730305],[-63.835332,19.731204],[-63.844749,19.732102],[-63.854166,19.733],[-63.863584,19.733897],[-63.873001,19.734794],[-63.882418,19.73569],[-63.891836,19.736586],[-63.901254,19.737481],[-63.910671,19.738376],[-63.920089,19.73927],[-63.929507,19.740164],[-63.938925,19.741057],[-63.948343,19.74195],[-63.957762,19.742842],[-63.96718,19.743734],[-63.976598,19.744625],[-63.986017,19.745516],[-63.995436,19.746407],[-64.004854,19.747296],[-64.014273,19.748186],[-64.023692,19.749075],[-64.033111,19.749963],[-64.042531,19.750851],[-64.05195,19.751738],[-64.061369,19.752625],[-64.070789,19.753511],[-64.080209,19.754397],[-64.089628,19.755283],[-64.099048,19.756167],[-64.108468,19.757052],[-64.117888,19.757936],[-64.127308,19.758819],[-64.136728,19.759702],[-64.146149,19.760584],[-64.155569,19.761466],[-64.16499,19.762348],[-64.17441,19.763229],[-64.183831,19.764109],[-64.193252,19.764989],[-64.202673,19.765868],[-64.212094,19.766747],[-64.221515,19.767626],[-64.230937,19.768504],[-64.240358,19.769381],[-64.249779,19.770258],[-64.259201,19.771134],[-64.268623,19.77201],[-64.278045,19.772886],[-64.287466,19.773761],[-64.296888,19.774635],[-64.306311,19.775509],[-64.315733,19.776383],[-64.325155,19.777256],[-64.334577,19.778128],[-64.344,19.779]]}},{"type":"Feature","properties":{"PLATEBOUND":"CA-NA","STEPCLASS":"OTF","BOUNDCONT":"TRUE","OROGEN":"TRUE"},"geometry":{"type":"LineString","coordinates":[[-64.344,19.779],[-64.353455,19.779671],[-64.362909,19.780342],[-64.372364,19.781012],[-64.381819,19.781681],[-64.391274,19.782351],[-64.400729,19.783019],[-64.410184,19.783687],[-64.419639,19.784355],[-64.429095,19.785022],[-64.43855,19.785689],[-64.448005,19.786355],[-64.457461,19.78702],[-64.466917,19.787686],[-64.476372,19.78835],[-64.485828,19.789014],[-64.495284,19.789678],[-64.50474,19.790341],[-64.514196,19.791004],[-64.523652,19.791666],[-64.533108,19.792327],[-64.542564,19.792989],[-64.55202,19.793649],[-64.561477,19.794309],[-64.570933,19.794969],[-64.58039,19.795628],[-64.589846,19.796287],[-64.599303,19.796945],[-64.60876,19.797602],[-64.618217,19.798259],[-64.627674,19.798916],[-64.637131,19.799572],[-64.646588,19.800228],[-64.656045,19.800883],[-64.665502,19.801538],[-64.674959,19.802192],[-64.684417,19.802845],[-64.693874,19.803498],[-64.703332,19.804151],[-64.712789,19.804803],[-64.722247,19.805455],[-64.731705,19.806106],[-64.741163,19.806756],[-64.750621,19.807407],[-64.760079,19.808056],[-64.769537,19.808705],[-64.778995,19.809354],[-64.788453,19.810002],[-64.797911,19.81065],[-64.80737,19.811297],[-64.816828,19.811943],[-64.826287,19.812589],[-64.835745,19.813235],[-64.845204,19.81388],[-64.854663,19.814525],[-64.864122,19.815169],[-64.873581,19.815812],[-64.88304,19.816455],[-64.892499,19.817098],[-64.901958,19.81774],[-64.911417,19.818382],[-64.920876,19.819023],[-64.930336,19.819663],[-64.939795,19.820304],[-64.949255,19.820943],[-64.958714,19.821582],[-64.968174,19.822221],[-64.977634,19.822859],[-64.987094,19.823496],[-64.996553,19.824134],[-65.006013,19.82477],[-65.015474,19.825406],[-65.024934,19.826042],[-65.034394,19.826677],[-65.043854,19.827311],[-65.053314,19.827945],[-65.062775,19.828579],[-65.072235,19.829212],[-65.081696,19.829845],[-65.091157,19.830477],[-65.100617,19.831108],[-65.110078,19.831739],[-65.119539,19.83237],[-65.129,19.833]]}},{"type":"Feature","properties":{"PLATEBOUND":"CA-NA","STEPCLASS":"OTF","BOUNDCONT":"TRUE","OROGEN":"TRUE"},"geometry":{"type":"LineString","coordinates":[[-65.129,19.833],[-65.138417,19.832948],[-65.147834,19.832895],[-65.157251,19.832842],[-65.166667,19.832789],[-65.176084,19.832735],[-65.185501,19.83268],[-65.194918,19.832626],[-65.204335,19.83257],[-65.213752,19.832514],[-65.223169,19.832458],[-65.232585,19.832401],[-65.242002,19.832343],[-65.251419,19.832285],[-65.260836,19.832227],[-65.270253,19.832168],[-65.279669,19.832108],[-65.289086,19.832048],[-65.298503,19.831988],[-65.30792,19.831927],[-65.317336,19.831865],[-65.326753,19.831803],[-65.33617,19.831741],[-65.345587,19.831678],[-65.355003,19.831615],[-65.36442,19.831551],[-65.373837,19.831486],[-65.383253,19.831421],[-65.39267,19.831356],[-65.402087,19.83129],[-65.411504,19.831224],[-65.42092,19.831157],[-65.430337,19.831089],[-65.439754,19.831021],[-65.44917,19.830953],[-65.458587,19.830884],[-65.468003,19.830815],[-65.47742,19.830745],[-65.486837,19.830674],[-65.496253,19.830603],[-65.50567,19.830532],[-65.515086,19.83046],[-65.524503,19.830388],[-65.53392,19.830315],[-65.543336,19.830242],[-65.552753,19.830168],[-65.562169,19.830093],[-65.571586,19.830018],[-65.581002,19.829943],[-65.590419,19.829867],[-65.599835,19.829791],[-65.609252,19.829714],[-65.618668,19.829637],[-65.628085,19.829559],[-65.637501,19.82948],[-65.646918,19.829402],[-65.656334,19.829322],[-65.665751,19.829242],[-65.675167,19.829162],[-65.684584,19.829081],[-65.694,19.829]]}},{"type":"Feature","properties":{"PLATEBOUND":"CA-NA","STEPCLASS":"OTF","BOUNDCONT":"TRUE","OROGEN":"TRUE"},"geometry":{"type":"LineString","coordinates":[[-65.694,19.829],[-65.703417,19.828948],[-65.712834,19.828895],[-65.722251,19.828842],[-65.731667,19.828789],[-65.741084,19.828735],[-65.750501,19.82868],[-65.759918,19.828625],[-65.769335,19.82857],[-65.778752,19.828514],[-65.788169,19.828458],[-65.797585,19.828401],[-65.807002,19.828343],[-65.816419,19.828285],[-65.825836,19.828227],[-65.835253,19.828168],[-65.844669,19.828108],[-65.854086,19.828048],[-65.863503,19.827988],[-65.87292,19.827927],[-65.882336,19.827865],[-65.891753,19.827803],[-65.90117,19.827741],[-65.910587,19.827678],[-65.920003,19.827615],[-65.92942,19.827551],[-65.938837,19.827486],[-65.948253,19.827421],[-65.95767,19.827356],[-65.967087,19.82729],[-65.976504,19.827224],[-65.98592,19.827157],[-65.995337,19.827089],[-66.004754,19.827021],[-66.01417,19.826953],[-66.023587,19.826884],[-66.033003,19.826815],[-66.04242,19.826745],[-66.051837,19.826674],[-66.061253,19.826603],[-66.07067,19.826532],[-66.080086,19.82646],[-66.089503,19.826388],[-66.09892,19.826315],[-66.108336,19.826242],[-66.117753,19.826168],[-66.127169,19.826093],[-66.136586,19.826018],[-66.146002,19.825943],[-66.155419,19.825867],[-66.164835,19.825791],[-66.174252,19.825714],[-66.183668,19.825637],[-66.193085,19.825559],[-66.202501,19.82548],[-66.211918,19.825402],[-66.221334,19.825322],[-66.230751,19.825242],[-66.240167,19.825162],[-66.249584,19.825081],[-66.259,19.825]]}},{"type":"Feature","properties":{"PLATEBOUND":"CA-NA","STEPCLASS":"OTF","BOUNDCONT":"TRUE","OROGEN":"TRUE"},"geometry":{"type":"LineString","coordinates":[[-66.259,19.825],[-66.268414,19.824165],[-66.277827,19.823329],[-66.287241,19.822493],[-66.296654,19.821657],[-66.306068,19.82082],[-66.315481,19.819982],[-66.324894,19.819144],[-66.334307,19.818305],[-66.34372,19.817466],[-66.353133,19.816627],[-66.362546,19.815787],[-66.371958,19.814946],[-66.381371,19.814105],[-66.390783,19.813263],[-66.400196,19.812421],[-66.409608,19.811579],[-66.41902,19.810736],[-66.428432,19.809892],[-66.437844,19.809048],[-66.447256,19.808204],[-66.456668,19.807359],[-66.466079,19.806513],[-66.475491,19.805667],[-66.484902,19.804821],[-66.494314,19.803974],[-66.503725,19.803126],[-66.513136,19.802278],[-66.522547,19.80143],[-66.531958,19.800581],[-66.541369,19.799731],[-66.55078,19.798881],[-66.56019,19.798031],[-66.569601,19.79718],[-66.579011,19.796328],[-66.588422,19.795476],[-66.597832,19.794624],[-66.607242,19.793771],[-66.616652,19.792918],[-66.626062,19.792064],[-66.635472,19.791209],[-66.644882,19.790354],[-66.654291,19.789499],[-66.663701,19.788643],[-66.67311,19.787786],[-66.68252,19.78693],[-66.691929,19.786072],[-66.701338,19.785214],[-66.710747,19.784356],[-66.720156,19.783497],[-66.729565,19.782637],[-66.738974,19.781778],[-66.748382,19.780917],[-66.757791,19.780056],[-66.767199,19.779195],[-66.776608,19.778333],[-66.786016,19.777471],[-66.795424,19.776608],[-66.804832,19.775745],[-66.81424,19.774881],[-66.823648,19.774016],[-66.833056,19.773152],[-66.842463,19.772286],[-66.851871,19.77142],[-66.861278,19.770554],[-66.870686,19.769687],[-66.880093,19.76882],[-66.8895,19.767952],[-66.898907,19.767084],[-66.908314,19.766215],[-66.917721,19.765346],[-66.927127,19.764476],[-66.936534,19.763606],[-66.94594,19.762735],[-66.955347,19.761864],[-66.964753,19.760992],[-66.974159,19.76012],[-66.983566,19.759247],[-66.992972,19.758374],[-67.002377,19.7575],[-67.011783,19.756626],[-67.021189,19.755751],[-67.030595,19.754876],[-67.04,19.754]]}},{"type":"Feature","properties":{"PLATEBOUND":"CA-NA","STEPCLASS":"OTF","BOUNDCONT":"TRUE","OROGEN":"FALSE"},"geometry":{"type":"LineString","coordinates":[[-67.04,19.754],[-67.049444,19.753378],[-67.058888,19.752756],[-67.068332,19.752133],[-67.077776,19.751509],[-67.08722,19.750885],[-67.096664,19.750261],[-67.106108,19.749636],[-67.115552,19.749011],[-67.124995,19.748385],[-67.134439,19.747758],[-67.143882,19.747131],[-67.153326,19.746504],[-67.162769,19.745876],[-67.172212,19.745248],[-67.181655,19.744619],[-67.191098,19.743989],[-67.200541,19.74336],[-67.209984,19.742729],[-67.219427,19.742098],[-67.22887,19.741467],[-67.238313,19.740835],[-67.247755,19.740203],[-67.257198,19.73957],[-67.26664,19.738936],[-67.276083,19.738303],[-67.285525,19.737668],[-67.294967,19.737033],[-67.30441,19.736398],[-67.313852,19.735762],[-67.323294,19.735126],[-67.332736,19.734489],[-67.342178,19.733852],[-67.35162,19.733214],[-67.361061,19.732575],[-67.370503,19.731936],[-67.379945,19.731297],[-67.389386,19.730657],[-67.398828,19.730017],[-67.408269,19.729376],[-67.41771,19.728735],[-67.427152,19.728093],[-67.436593,19.727451],[-67.446034,19.726808],[-67.455475,19.726164],[-67.464916,19.725521],[-67.474356,19.724876],[-67.483797,19.724232],[-67.493238,19.723586],[-67.502679,19.72294],[-67.512119,19.722294],[-67.52156,19.721647],[-67.531,19.721]]}},{"type":"Feature","properties":{"PLATEBOUND":"CA-NA","STEPCLASS":"OTF","BOUNDCONT":"TRUE","OROGEN":"FALSE"},"geometry":{"type":"LineString","coordinates":[[-67.531,19.721],[-67.540444,19.720359],[-67.549888,19.719717],[-67.559333,19.719075],[-67.568777,19.718432],[-67.578221,19.717789],[-67.587664,19.717146],[-67.597108,19.716501],[-67.606552,19.715857],[-67.615996,19.715212],[-67.625439,19.714566],[-67.634883,19.71392],[-67.644326,19.713273],[-67.653769,19.712626],[-67.663213,19.711978],[-67.672656,19.71133],[-67.682099,19.710682],[-67.691542,19.710032],[-67.700985,19.709383],[-67.710428,19.708733],[-67.719871,19.708082],[-67.729313,19.707431],[-67.738756,19.706779],[-67.748199,19.706127],[-67.757641,19.705475],[-67.767084,19.704822],[-67.776526,19.704168],[-67.785968,19.703514],[-67.79541,19.702859],[-67.804853,19.702204],[-67.814295,19.701549],[-67.823737,19.700893],[-67.833178,19.700236],[-67.84262,19.699579],[-67.852062,19.698921],[-67.861504,19.698263],[-67.870945,19.697605],[-67.880387,19.696946],[-67.889828,19.696286],[-67.89927,19.695626],[-67.908711,19.694965],[-67.918152,19.694304],[-67.927593,19.693643],[-67.937034,19.692981],[-67.946475,19.692318],[-67.955916,19.691655],[-67.965357,19.690992],[-67.974798,19.690328],[-67.984238,19.689663],[-67.993679,19.688998],[-68.003119,19.688333],[-68.01256,19.687667],[-68.022,19.687]]}},{"type":"Feature","properties":{"PLATEBOUND":"CA-NA","STEPCLASS":"OTF","BOUNDCONT":"TRUE","OROGEN":"FALSE"},"geometry":{"type":"LineString","coordinates":[[-68.022,19.687],[-68.031449,19.685908],[-68.040898,19.684815],[-68.050346,19.683722],[-68.059794,19.682629],[-68.069243,19.681535],[-68.078691,19.68044],[-68.088139,19.679345],[-68.097587,19.67825],[-68.107035,19.677154],[-68.116482,19.676057],[-68.12593,19.67496],[-68.135377,19.673863],[-68.144825,19.672765],[-68.154272,19.671666],[-68.163719,19.670567],[-68.173166,19.669468],[-68.182612,19.668368],[-68.192059,19.667267],[-68.201506,19.666166],[-68.210952,19.665065],[-68.220398,19.663963],[-68.229844,19.66286],[-68.23929,19.661757],[-68.248736,19.660654],[-68.258182,19.65955],[-68.267627,19.658445],[-68.277073,19.65734],[-68.286518,19.656235],[-68.295963,19.655129],[-68.305409,19.654022],[-68.314853,19.652915],[-68.324298,19.651808],[-68.333743,19.6507],[-68.343188,19.649592],[-68.352632,19.648483],[-68.362076,19.647373],[-68.37152,19.646263],[-68.380965,19.645153],[-68.390408,19.644042],[-68.399852,19.64293],[-68.409296,19.641819],[-68.418739,19.640706],[-68.428183,19.639593],[-68.437626,19.63848],[-68.447069,19.637366],[-68.456512,19.636252],[-68.465955,19.635137],[-68.475398,19.634021],[-68.48484,19.632905],[-68.494283,19.631789],[-68.503725,19.630672],[-68.513167,19.629555],[-68.52261,19.628437],[-68.532052,19.627319],[-68.541493,19.6262],[-68.550935,19.62508],[-68.560377,19.623961],[-68.569818,19.62284],[-68.579259,19.621719],[-68.588701,19.620598],[-68.598142,19.619476],[-68.607582,19.618354],[-68.617023,19.617231],[-68.626464,19.616108],[-68.635904,19.614984],[-68.645345,19.61386],[-68.654785,19.612735],[-68.664225,19.61161],[-68.673665,19.610484],[-68.683105,19.609358],[-68.692545,19.608231],[-68.701984,19.607104],[-68.711424,19.605976],[-68.720863,19.604848],[-68.730302,19.603719],[-68.739741,19.60259],[-68.74918,19.60146],[-68.758619,19.60033],[-68.768058,19.599199],[-68.777496,19.598068],[-68.786935,19.596936],[-68.796373,19.595804],[-68.805811,19.594671],[-68.815249,19.593538],[-68.824687,19.592404],[-68.834125,19.59127],[-68.843563,19.590135],[-68.853,19.589]]}},{"type":"Feature","properties":{"PLATEBOUND":"CA-NA","STEPCLASS":"OTF","BOUNDCONT":"TRUE","OROGEN":"FALSE"},"geometry":{"type":"LineString","coordinates":[[-68.853,19.589],[-68.862207,19.590768],[-68.871414,19.592536],[-68.880622,19.594303],[-68.88983,19.59607],[-68.899038,19.597837],[-68.908246,19.599602],[-68.917454,19.601368],[-68.926662,19.603133],[-68.935871,19.604897],[-68.94508,19.606661],[-68.954289,19.608425],[-68.963498,19.610188],[-68.972708,19.61195],[-68.981918,19.613713],[-68.991128,19.615474],[-69.000338,19.617235],[-69.009548,19.618996],[-69.018759,19.620756],[-69.027969,19.622516],[-69.03718,19.624275],[-69.046391,19.626034],[-69.055603,19.627793],[-69.064814,19.629551],[-69.074026,19.631308],[-69.083238,19.633065],[-69.09245,19.634821],[-69.101662,19.636577],[-69.110875,19.638333],[-69.120087,19.640088],[-69.1293,19.641843],[-69.138513,19.643597],[-69.147727,19.64535],[-69.15694,19.647103],[-69.166154,19.648856],[-69.175368,19.650608],[-69.184582,19.65236],[-69.193796,19.654111],[-69.203011,19.655862],[-69.212226,19.657612],[-69.221441,19.659362],[-69.230656,19.661112],[-69.239871,19.662861],[-69.249087,19.664609],[-69.258302,19.666357],[-69.267518,19.668105],[-69.276734,19.669852],[-69.285951,19.671598],[-69.295167,19.673344],[-69.304384,19.67509],[-69.313601,19.676835],[-69.322818,19.67858],[-69.332035,19.680324],[-69.341253,19.682067],[-69.35047,19.683811],[-69.359688,19.685553],[-69.368906,19.687296],[-69.378125,19.689037],[-69.387343,19.690779],[-69.396562,19.69252],[-69.405781,19.69426],[-69.415,19.696]]}},{"type":"Feature","properties":{"PLATEBOUND":"CA-NA","STEPCLASS":"CTF","BOUNDCONT":"TRUE","OROGEN":"FALSE"},"geometry":{"type":"LineString","coordinates":[[-69.415,19.696],[-69.424224,19.697752],[-69.433447,19.699503],[-69.442671,19.701254],[-69.451895,19.703005],[-69.46112,19.704755],[-69.470344,19.706505],[-69.479569,19.708254],[-69.488794,19.710002],[-69.498019,19.711751],[-69.507244,19.713498],[-69.51647,19.715246],[-69.525695,19.716992],[-69.534921,19.718739],[-69.544147,19.720484],[-69.553374,19.72223],[-69.5626,19.723975],[-69.571827,19.725719],[-69.581054,19.727463],[-69.590281,19.729206],[-69.599508,19.730949],[-69.608736,19.732692],[-69.617963,19.734434],[-69.627191,19.736175],[-69.636419,19.737916],[-69.645648,19.739657],[-69.654876,19.741397],[-69.664105,19.743136],[-69.673334,19.744876],[-69.682563,19.746614],[-69.691792,19.748352],[-69.701022,19.75009],[-69.710252,19.751827],[-69.719481,19.753564],[-69.728712,19.7553],[-69.737942,19.757036],[-69.747172,19.758772],[-69.756403,19.760506],[-69.765634,19.762241],[-69.774865,19.763975],[-69.784096,19.765708],[-69.793328,19.767441],[-69.80256,19.769174],[-69.811792,19.770906],[-69.821024,19.772637],[-69.830256,19.774368],[-69.839489,19.776099],[-69.848721,19.777829],[-69.857954,19.779558],[-69.867187,19.781288],[-69.876421,19.783016],[-69.885654,19.784744],[-69.894888,19.786472],[-69.904122,19.788199],[-69.913356,19.789926],[-69.92259,19.791652],[-69.931825,19.793378],[-69.941059,19.795103],[-69.950294,19.796828],[-69.959529,19.798553],[-69.968765,19.800277],[-69.978,19.802]]}},{"type":"Feature","properties":{"PLATEBOUND":"CA-NA","STEPCLASS":"CCB","BOUNDCONT":"TRUE","OROGEN":"FALSE"},"geometry":{"type":"LineString","coordinates":[[-69.978,19.802],[-69.987003,19.804794],[-69.996006,19.807588],[-70.005009,19.810381],[-70.014013,19.813173],[-70.023017,19.815965],[-70.032021,19.818757],[-70.041026,19.821548],[-70.050031,19.824339],[-70.059036,19.827129],[-70.068041,19.829919],[-70.077047,19.832709],[-70.086053,19.835498],[-70.09506,19.838286],[-70.104067,19.841074],[-70.113074,19.843862],[-70.122081,19.846649],[-70.131089,19.849436],[-70.140097,19.852222],[-70.149106,19.855008],[-70.158114,19.857793],[-70.167123,19.860578],[-70.176133,19.863363],[-70.185142,19.866146],[-70.194152,19.86893],[-70.203162,19.871713],[-70.212173,19.874496],[-70.221184,19.877278],[-70.230195,19.880059],[-70.239207,19.882841],[-70.248219,19.885621],[-70.257231,19.888402],[-70.266243,19.891182],[-70.275256,19.893961],[-70.284269,19.89674],[-70.293282,19.899518],[-70.302296,19.902296],[-70.31131,19.905074],[-70.320325,19.907851],[-70.329339,19.910628],[-70.338354,19.913404],[-70.34737,19.91618],[-70.356385,19.918955],[-70.365401,19.92173],[-70.374417,19.924504],[-70.383434,19.927278],[-70.392451,19.930052],[-70.401468,19.932825],[-70.410485,19.935597],[-70.419503,19.938369],[-70.428521,19.941141],[-70.43754,19.943912],[-70.446559,19.946683],[-70.455578,19.949453],[-70.464597,19.952223],[-70.473617,19.954992],[-70.482637,19.957761],[-70.491657,19.960529],[-70.500678,19.963297],[-70.509699,19.966065],[-70.51872,19.968832],[-70.527742,19.971598],[-70.536764,19.974364],[-70.545786,19.97713],[-70.554808,19.979895],[-70.563831,19.98266],[-70.572854,19.985424],[-70.581878,19.988188],[-70.590902,19.990951],[-70.599926,19.993714],[-70.60895,19.996477],[-70.617975,19.999238],[-70.627,20.002]]}},{"type":"Feature","properties":{"PLATEBOUND":"CA-NA","STEPCLASS":"CTF","BOUNDCONT":"TRUE","OROGEN":"FALSE"},"geometry":{"type":"LineString","coordinates":[[-74.749,20.037],[-74.758426,20.036109],[-74.767852,20.035217],[-74.777277,20.034325],[-74.786703,20.033433],[-74.796128,20.03254],[-74.805553,20.031646],[-74.814978,20.030752],[-74.824404,20.029858],[-74.833828,20.028962],[-74.843253,20.028067],[-74.852678,20.027171],[-74.862103,20.026274],[-74.871527,20.025377],[-74.880952,20.02448],[-74.890376,20.023581],[-74.8998,20.022683],[-74.909224,20.021784],[-74.918648,20.020884],[-74.928072,20.019984],[-74.937496,20.019084],[-74.94692,20.018182],[-74.956343,20.017281],[-74.965767,20.016379],[-74.97519,20.015476],[-74.984613,20.014573],[-74.994036,20.013669],[-75.003459,20.012765],[-75.012882,20.011861],[-75.022305,20.010956],[-75.031728,20.01005],[-75.04115,20.009144],[-75.050573,20.008237],[-75.059995,20.00733],[-75.069418,20.006423],[-75.07884,20.005515],[-75.088262,20.004606],[-75.097684,20.003697],[-75.107106,20.002787],[-75.116527,20.001877],[-75.125949,20.000966],[-75.13537,20.000055],[-75.144792,19.999144],[-75.154213,19.998232],[-75.163634,19.997319],[-75.173055,19.996406],[-75.182476,19.995492],[-75.191897,19.994578],[-75.201318,19.993663],[-75.210739,19.992748],[-75.220159,19.991833],[-75.22958,19.990917],[-75.239,19.99]]}},{"type":"Feature","properties":{"PLATEBOUND":"CA-NA","STEPCLASS":"CTF","BOUNDCONT":"TRUE","OROGEN":"FALSE"},"geometry":{"type":"LineString","coordinates":[[-75.239,19.99],[-75.248426,19.98909],[-75.257852,19.988179],[-75.267277,19.987268],[-75.276703,19.986356],[-75.286128,19.985443],[-75.295554,19.984531],[-75.304979,19.983617],[-75.314404,19.982703],[-75.323829,19.981789],[-75.333254,19.980874],[-75.342679,19.979959],[-75.352103,19.979043],[-75.361528,19.978127],[-75.370952,19.97721],[-75.380377,19.976293],[-75.389801,19.975375],[-75.399225,19.974457],[-75.408649,19.973538],[-75.418073,19.972618],[-75.427497,19.971699],[-75.43692,19.970778],[-75.446344,19.969857],[-75.455767,19.968936],[-75.465191,19.968014],[-75.474614,19.967092],[-75.484037,19.966169],[-75.49346,19.965246],[-75.502883,19.964322],[-75.512306,19.963398],[-75.521729,19.962473],[-75.531151,19.961547],[-75.540574,19.960622],[-75.549996,19.959695],[-75.559418,19.958768],[-75.56884,19.957841],[-75.578262,19.956913],[-75.587684,19.955985],[-75.597106,19.955056],[-75.606528,19.954127],[-75.615949,19.953197],[-75.625371,19.952267],[-75.634792,19.951336],[-75.644214,19.950404],[-75.653635,19.949473],[-75.663056,19.94854],[-75.672477,19.947607],[-75.681898,19.946674],[-75.691318,19.94574],[-75.700739,19.944806],[-75.710159,19.943871],[-75.71958,19.942936],[-75.729,19.942]]}},{"type":"Feature","properties":{"PLATEBOUND":"CA-NA","STEPCLASS":"CTF","BOUNDCONT":"TRUE","OROGEN":"FALSE"},"geometry":{"type":"LineString","coordinates":[[-75.729,19.942],[-75.738364,19.940568],[-75.747727,19.939137],[-75.757091,19.937704],[-75.766454,19.936271],[-75.775817,19.934838],[-75.78518,19.933404],[-75.794543,19.931969],[-75.803906,19.930534],[-75.813268,19.929099],[-75.82263,19.927663],[-75.831993,19.926226],[-75.841355,19.924789],[-75.850716,19.923352],[-75.860078,19.921914],[-75.869439,19.920476],[-75.878801,19.919037],[-75.888162,19.917597],[-75.897523,19.916157],[-75.906883,19.914717],[-75.916244,19.913276],[-75.925604,19.911835],[-75.934965,19.910393],[-75.944325,19.908951],[-75.953685,19.907508],[-75.963044,19.906064],[-75.972404,19.904621],[-75.981763,19.903176],[-75.991123,19.901731],[-76.000482,19.900286],[-76.009841,19.89884],[-76.019199,19.897394],[-76.028558,19.895947],[-76.037916,19.8945],[-76.047275,19.893052],[-76.056633,19.891604],[-76.06599,19.890155],[-76.075348,19.888706],[-76.084706,19.887256],[-76.094063,19.885806],[-76.10342,19.884355],[-76.112777,19.882904],[-76.122134,19.881452],[-76.131491,19.88],[-76.140847,19.878547],[-76.150204,19.877094],[-76.15956,19.875641],[-76.168916,19.874186],[-76.178272,19.872732],[-76.187627,19.871277],[-76.196983,19.869821],[-76.206338,19.868365],[-76.215693,19.866908],[-76.225048,19.865451],[-76.234403,19.863994],[-76.243758,19.862535],[-76.253112,19.861077],[-76.262466,19.859618],[-76.271821,19.858158],[-76.281175,19.856698],[-76.290528,19.855238],[-76.299882,19.853777],[-76.309235,19.852315],[-76.318589,19.850853],[-76.327942,19.84939],[-76.337295,19.847927],[-76.346647,19.846464],[-76.356,19.845]]}},{"type":"Feature","properties":{"PLATEBOUND":"CA-NA","STEPCLASS":"OTF","BOUNDCONT":"TRUE","OROGEN":"FALSE"},"geometry":{"type":"LineString","coordinates":[[-76.356,19.845],[-76.365364,19.843554],[-76.374728,19.842107],[-76.384091,19.840659],[-76.393454,19.839211],[-76.402817,19.837763],[-76.41218,19.836314],[-76.421543,19.834864],[-76.430906,19.833414],[-76.440268,19.831964],[-76.449631,19.830513],[-76.458993,19.829062],[-76.468355,19.82761],[-76.477717,19.826157],[-76.487078,19.824704],[-76.49644,19.823251],[-76.505801,19.821797],[-76.515162,19.820343],[-76.524523,19.818888],[-76.533884,19.817433],[-76.543244,19.815977],[-76.552605,19.81452],[-76.561965,19.813064],[-76.571325,19.811606],[-76.580685,19.810149],[-76.590045,19.80869],[-76.599405,19.807231],[-76.608764,19.805772],[-76.618123,19.804312],[-76.627482,19.802852],[-76.636841,19.801392],[-76.6462,19.79993],[-76.655558,19.798469],[-76.664917,19.797006],[-76.674275,19.795544],[-76.683633,19.79408],[-76.692991,19.792617],[-76.702349,19.791153],[-76.711706,19.789688],[-76.721064,19.788223],[-76.730421,19.786757],[-76.739778,19.785291],[-76.749135,19.783824],[-76.758491,19.782357],[-76.767848,19.78089],[-76.777204,19.779422],[-76.78656,19.777953],[-76.795916,19.776484],[-76.805272,19.775014],[-76.814628,19.773544],[-76.823983,19.772074],[-76.833339,19.770603],[-76.842694,19.769131],[-76.852049,19.767659],[-76.861403,19.766187],[-76.870758,19.764714],[-76.880112,19.76324],[-76.889467,19.761766],[-76.898821,19.760292],[-76.908175,19.758817],[-76.917529,19.757342],[-76.926882,19.755866],[-76.936236,19.754389],[-76.945589,19.752912],[-76.954942,19.751435],[-76.964295,19.749957],[-76.973647,19.748479],[-76.983,19.747]]}},{"type":"Feature","properties":{"PLATEBOUND":"CA-NA","STEPCLASS":"OTF","BOUNDCONT":"TRUE","OROGEN":"FALSE"},"geometry":{"type":"LineString","coordinates":[[-76.983,19.747],[-76.992331,19.745342],[-77.001663,19.743684],[-77.010994,19.742025],[-77.020324,19.740365],[-77.029655,19.738705],[-77.038985,19.737045],[-77.048316,19.735384],[-77.057646,19.733723],[-77.066976,19.732061],[-77.076305,19.730398],[-77.085635,19.728736],[-77.094964,19.727072],[-77.104293,19.725408],[-77.113622,19.723744],[-77.122951,19.722079],[-77.132279,19.720414],[-77.141607,19.718748],[-77.150935,19.717082],[-77.160263,19.715415],[-77.169591,19.713748],[-77.178919,19.712081],[-77.188246,19.710412],[-77.197573,19.708744],[-77.2069,19.707075],[-77.216227,19.705405],[-77.225553,19.703735],[-77.23488,19.702064],[-77.244206,19.700393],[-77.253532,19.698722],[-77.262858,19.69705],[-77.272183,19.695377],[-77.281509,19.693704],[-77.290834,19.69203],[-77.300159,19.690357],[-77.309484,19.688682],[-77.318808,19.687007],[-77.328133,19.685332],[-77.337457,19.683656],[-77.346781,19.681979],[-77.356105,19.680302],[-77.365429,19.678625],[-77.374752,19.676947],[-77.384075,19.675269],[-77.393398,19.67359],[-77.402721,19.671911],[-77.412044,19.670231],[-77.421366,19.668551],[-77.430689,19.66687],[-77.440011,19.665188],[-77.449333,19.663507],[-77.458654,19.661825],[-77.467976,19.660142],[-77.477297,19.658459],[-77.486618,19.656775],[-77.495939,19.655091],[-77.50526,19.653406],[-77.514581,19.651721],[-77.523901,19.650035],[-77.533221,19.648349],[-77.542541,19.646663],[-77.551861,19.644976],[-77.56118,19.643288],[-77.5705,19.6416],[-77.579819,19.639912],[-77.589138,19.638223],[-77.598457,19.636533],[-77.607775,19.634843],[-77.617094,19.633153],[-77.626412,19.631462],[-77.63573,19.62977],[-77.645048,19.628079],[-77.654365,19.626386],[-77.663683,19.624693],[-77.673,19.623]]}},{"type":"Feature","properties":{"PLATEBOUND":"CA-NA","STEPCLASS":"OTF","BOUNDCONT":"TRUE","OROGEN":"FALSE"},"geometry":{"type":"LineString","coordinates":[[-77.673,19.623],[-77.682304,19.621315],[-77.691609,19.619629],[-77.700913,19.617943],[-77.710216,19.616256],[-77.71952,19.614569],[-77.728824,19.612882],[-77.738127,19.611194],[-77.74743,19.609505],[-77.756733,19.607816],[-77.766035,19.606126],[-77.775338,19.604436],[-77.78464,19.602746],[-77.793942,19.601055],[-77.803244,19.599364],[-77.812546,19.597672],[-77.821847,19.595979],[-77.831149,19.594286],[-77.84045,19.592593],[-77.849751,19.590899],[-77.859051,19.589205],[-77.868352,19.58751],[-77.877652,19.585815],[-77.886952,19.584119],[-77.896252,19.582423],[-77.905552,19.580726],[-77.914851,19.579029],[-77.924151,19.577331],[-77.93345,19.575633],[-77.942749,19.573934],[-77.952048,19.572235],[-77.961346,19.570536],[-77.970645,19.568836],[-77.979943,19.567135],[-77.989241,19.565434],[-77.998539,19.563732],[-78.007836,19.56203],[-78.017134,19.560328],[-78.026431,19.558625],[-78.035728,19.556922],[-78.045025,19.555218],[-78.054321,19.553513],[-78.063618,19.551808],[-78.072914,19.550103],[-78.08221,19.548397],[-78.091506,19.546691],[-78.100801,19.544984],[-78.110097,19.543277],[-78.119392,19.541569],[-78.128687,19.539861],[-78.137982,19.538152],[-78.147277,19.536443],[-78.156571,19.534733],[-78.165865,19.533023],[-78.17516,19.531313],[-78.184453,19.529602],[-78.193747,19.52789],[-78.203041,19.526178],[-78.212334,19.524465],[-78.221627,19.522752],[-78.23092,19.521039],[-78.240213,19.519325],[-78.249505,19.51761],[-78.258797,19.515896],[-78.26809,19.51418],[-78.277381,19.512464],[-78.286673,19.510748],[-78.295965,19.509031],[-78.305256,19.507314],[-78.314547,19.505596],[-78.323838,19.503878],[-78.333129,19.502159],[-78.342419,19.50044],[-78.35171,19.49872],[-78.361,19.497]]}},{"type":"Feature","properties":{"PLATEBOUND":"CA-NA","STEPCLASS":"OTF","BOUNDCONT":"TRUE","OROGEN":"FALSE"},"geometry":{"type":"LineString","coordinates":[[-78.361,19.497],[-78.370292,19.495374],[-78.379584,19.493747],[-78.388876,19.492119],[-78.398167,19.490491],[-78.407459,19.488863],[-78.41675,19.487234],[-78.426041,19.485605],[-78.435332,19.483975],[-78.444623,19.482345],[-78.453913,19.480714],[-78.463203,19.479083],[-78.472493,19.477451],[-78.481783,19.475819],[-78.491073,19.474187],[-78.500363,19.472553],[-78.509652,19.47092],[-78.518941,19.469286],[-78.52823,19.467651],[-78.537519,19.466016],[-78.546808,19.464381],[-78.556096,19.462745],[-78.565384,19.461108],[-78.574672,19.459471],[-78.58396,19.457834],[-78.593248,19.456196],[-78.602535,19.454558],[-78.611823,19.452919],[-78.62111,19.45128],[-78.630397,19.44964],[-78.639683,19.448],[-78.64897,19.446359],[-78.658256,19.444718],[-78.667543,19.443076],[-78.676829,19.441434],[-78.686114,19.439791],[-78.6954,19.438148],[-78.704685,19.436505],[-78.713971,19.43486],[-78.723256,19.433216],[-78.732541,19.431571],[-78.741825,19.429925],[-78.75111,19.428279],[-78.760394,19.426633],[-78.769678,19.424986],[-78.778962,19.423339],[-78.788246,19.421691],[-78.79753,19.420043],[-78.806813,19.418394],[-78.816096,19.416744],[-78.825379,19.415095],[-78.834662,19.413444],[-78.843945,19.411794],[-78.853227,19.410143],[-78.862509,19.408491],[-78.871791,19.406839],[-78.881073,19.405186],[-78.890355,19.403533],[-78.899637,19.40188],[-78.908918,19.400226],[-78.918199,19.398571],[-78.92748,19.396916],[-78.936761,19.395261],[-78.946041,19.393605],[-78.955322,19.391948],[-78.964602,19.390291],[-78.973882,19.388634],[-78.983162,19.386976],[-78.992441,19.385318],[-79.001721,19.383659],[-79.011,19.382]]}},{"type":"Feature","properties":{"PLATEBOUND":"CA-NA","STEPCLASS":"OTF","BOUNDCONT":"TRUE","OROGEN":"FALSE"},"geometry":{"type":"LineString","coordinates":[[-79.011,19.382],[-79.020278,19.380331],[-79.029556,19.378661],[-79.038833,19.37699],[-79.048111,19.375319],[-79.057388,19.373648],[-79.066665,19.371976],[-79.075942,19.370304],[-79.085219,19.368631],[-79.094495,19.366958],[-79.103771,19.365284],[-79.113047,19.36361],[-79.122323,19.361936],[-79.131599,19.360261],[-79.140874,19.358585],[-79.15015,19.356909],[-79.159425,19.355232],[-79.1687,19.353555],[-79.177975,19.351878],[-79.187249,19.3502],[-79.196524,19.348522],[-79.205798,19.346843],[-79.215072,19.345163],[-79.224346,19.343484],[-79.233619,19.341803],[-79.242893,19.340123],[-79.252166,19.338441],[-79.261439,19.33676],[-79.270712,19.335077],[-79.279984,19.333395],[-79.289257,19.331712],[-79.298529,19.330028],[-79.307801,19.328344],[-79.317073,19.326659],[-79.326345,19.324974],[-79.335616,19.323289],[-79.344888,19.321603],[-79.354159,19.319916],[-79.36343,19.31823],[-79.372701,19.316542],[-79.381971,19.314854],[-79.391242,19.313166],[-79.400512,19.311477],[-79.409782,19.309788],[-79.419052,19.308098],[-79.428321,19.306408],[-79.437591,19.304717],[-79.44686,19.303026],[-79.456129,19.301335],[-79.465398,19.299643],[-79.474667,19.29795],[-79.483935,19.296257],[-79.493203,19.294563],[-79.502471,19.292869],[-79.511739,19.291175],[-79.521007,19.28948],[-79.530275,19.287785],[-79.539542,19.286089],[-79.548809,19.284393],[-79.558076,19.282696],[-79.567343,19.280998],[-79.576609,19.279301],[-79.585876,19.277603],[-79.595142,19.275904],[-79.604408,19.274205],[-79.613674,19.272505],[-79.622939,19.270805],[-79.632205,19.269104],[-79.64147,19.267403],[-79.650735,19.265702],[-79.66,19.264]]}},{"type":"Feature","properties":{"PLATEBOUND":"CA-NA","STEPCLASS":"OTF","BOUNDCONT":"TRUE","OROGEN":"FALSE"},"geometry":{"type":"LineString","coordinates":[[-79.66,19.264],[-79.669328,19.262251],[-79.678655,19.260502],[-79.687983,19.258752],[-79.69731,19.257001],[-79.706637,19.255251],[-79.715964,19.253499],[-79.72529,19.251747],[-79.734617,19.249995],[-79.743943,19.248242],[-79.753269,19.246489],[-79.762595,19.244736],[-79.77192,19.242981],[-79.781246,19.241227],[-79.790571,19.239472],[-79.799896,19.237716],[-79.809221,19.23596],[-79.818545,19.234203],[-79.82787,19.232446],[-79.837194,19.230689],[-79.846518,19.228931],[-79.855842,19.227172],[-79.865166,19.225414],[-79.874489,19.223654],[-79.883812,19.221894],[-79.893135,19.220134],[-79.902458,19.218373],[-79.911781,19.216612],[-79.921103,19.21485],[-79.930425,19.213088],[-79.939747,19.211325],[-79.949069,19.209562],[-79.958391,19.207798],[-79.967712,19.206034],[-79.977034,19.204269],[-79.986355,19.202504],[-79.995676,19.200739],[-80.004996,19.198973],[-80.014317,19.197206],[-80.023637,19.195439],[-80.032957,19.193672],[-80.042277,19.191904],[-80.051596,19.190135],[-80.060916,19.188367],[-80.070235,19.186597],[-80.079554,19.184827],[-80.088873,19.183057],[-80.098192,19.181286],[-80.10751,19.179515],[-80.116828,19.177743],[-80.126146,19.175971],[-80.135464,19.174198],[-80.144782,19.172425],[-80.154099,19.170652],[-80.163417,19.168878],[-80.172734,19.167103],[-80.182051,19.165328],[-80.191367,19.163552],[-80.200684,19.161776],[-80.21,19.16]]}},{"type":"Feature","properties":{"PLATEBOUND":"CA-NA","STEPCLASS":"OTF","BOUNDCONT":"TRUE","OROGEN":"FALSE"},"geometry":{"type":"LineString","coordinates":[[-80.21,19.16],[-80.219294,19.158217],[-80.228588,19.156434],[-80.237881,19.15465],[-80.247175,19.152865],[-80.256468,19.15108],[-80.265761,19.149295],[-80.275053,19.147509],[-80.284346,19.145723],[-80.293638,19.143936],[-80.30293,19.142149],[-80.312222,19.140361],[-80.321514,19.138573],[-80.330806,19.136784],[-80.340097,19.134995],[-80.349388,19.133206],[-80.358679,19.131416],[-80.36797,19.129625],[-80.37726,19.127834],[-80.386551,19.126043],[-80.395841,19.124251],[-80.405131,19.122458],[-80.414421,19.120665],[-80.42371,19.118872],[-80.432999,19.117078],[-80.442289,19.115284],[-80.451578,19.113489],[-80.460866,19.111694],[-80.470155,19.109898],[-80.479443,19.108102],[-80.488731,19.106306],[-80.498019,19.104509],[-80.507307,19.102711],[-80.516595,19.100913],[-80.525882,19.099114],[-80.535169,19.097316],[-80.544456,19.095516],[-80.553743,19.093716],[-80.563029,19.091916],[-80.572316,19.090115],[-80.581602,19.088314],[-80.590888,19.086512],[-80.600173,19.08471],[-80.609459,19.082907],[-80.618744,19.081104],[-80.628029,19.0793],[-80.637314,19.077496],[-80.646599,19.075691],[-80.655884,19.073886],[-80.665168,19.072081],[-80.674452,19.070275],[-80.683736,19.068468],[-80.69302,19.066662],[-80.702303,19.064854],[-80.711586,19.063046],[-80.72087,19.061238],[-80.730152,19.059429],[-80.739435,19.05762],[-80.748718,19.05581],[-80.758,19.054]]}},{"type":"Feature","properties":{"PLATEBOUND":"CA-NA","STEPCLASS":"OTF","BOUNDCONT":"TRUE","OROGEN":"FALSE"},"geometry":{"type":"LineString","coordinates":[[-80.758,19.054],[-80.767227,19.052271],[-80.776454,19.050542],[-80.785681,19.048813],[-80.794908,19.047083],[-80.804135,19.045353],[-80.813361,19.043622],[-80.822587,19.041891],[-80.831813,19.040159],[-80.841039,19.038427],[-80.850264,19.036694],[-80.85949,19.034961],[-80.868715,19.033227],[-80.87794,19.031493],[-80.887165,19.029759],[-80.896389,19.028024],[-80.905614,19.026288],[-80.914838,19.024552],[-80.924062,19.022816],[-80.933286,19.021079],[-80.94251,19.019342],[-80.951733,19.017604],[-80.960956,19.015866],[-80.97018,19.014127],[-80.979402,19.012388],[-80.988625,19.010648],[-80.997848,19.008908],[-81.00707,19.007168],[-81.016292,19.005427],[-81.025514,19.003685],[-81.034736,19.001943],[-81.043957,19.000201],[-81.053179,18.998458],[-81.0624,18.996715],[-81.071621,18.994971],[-81.080842,18.993227],[-81.090062,18.991482],[-81.099283,18.989737],[-81.108503,18.987992],[-81.117723,18.986246],[-81.126943,18.984499],[-81.136162,18.982752],[-81.145382,18.981005],[-81.154601,18.979257],[-81.16382,18.977509],[-81.173039,18.97576],[-81.182258,18.974011],[-81.191476,18.972261],[-81.200694,18.970511],[-81.209912,18.96876],[-81.21913,18.967009],[-81.228348,18.965257],[-81.237566,18.963505],[-81.246783,18.961753],[-81.256,18.96]]}},{"type":"Feature","properties":{"PLATEBOUND":"CA-NA","STEPCLASS":"OTF","BOUNDCONT":"TRUE","OROGEN":"FALSE"},"geometry":{"type":"LineString","coordinates":[[-81.256,18.96],[-81.265227,18.958253],[-81.274454,18.956505],[-81.283681,18.954757],[-81.292908,18.953009],[-81.302135,18.95126],[-81.311361,18.94951],[-81.320587,18.947761],[-81.329813,18.94601],[-81.339039,18.94426],[-81.348265,18.942508],[-81.35749,18.940757],[-81.366715,18.939004],[-81.37594,18.937252],[-81.385165,18.935499],[-81.39439,18.933745],[-81.403614,18.931991],[-81.412838,18.930237],[-81.422062,18.928482],[-81.431286,18.926726],[-81.44051,18.924971],[-81.449733,18.923214],[-81.458957,18.921458],[-81.46818,18.9197],[-81.477403,18.917943],[-81.486625,18.916185],[-81.495848,18.914426],[-81.50507,18.912667],[-81.514292,18.910908],[-81.523514,18.909148],[-81.532736,18.907387],[-81.541958,18.905626],[-81.551179,18.903865],[-81.5604,18.902103],[-81.569621,18.900341],[-81.578842,18.898578],[-81.588063,18.896815],[-81.597283,18.895051],[-81.606503,18.893287],[-81.615723,18.891523],[-81.624943,18.889758],[-81.634163,18.887992],[-81.643382,18.886227],[-81.652601,18.88446],[-81.66182,18.882693],[-81.671039,18.880926],[-81.680258,18.879158],[-81.689476,18.87739],[-81.698694,18.875621],[-81.707913,18.873852],[-81.71713,18.872083],[-81.726348,18.870313],[-81.735566,18.868542],[-81.744783,18.866771],[-81.754,18.865]]}},{"type":"Feature","properties":{"PLATEBOUND":"CA-NA","STEPCLASS":"OSR","BOUNDCONT":"TRUE","OROGEN":"FALSE"},"geometry":{"type":"LineString","coordinates":[[-81.754,18.865],[-81.752913,18.856134],[-81.751827,18.847268],[-81.75074,18.838401],[-81.749654,18.829535],[-81.748568,18.820669],[-81.747482,18.811802],[-81.746396,18.802936],[-81.74531,18.79407],[-81.744224,18.785203],[-81.743139,18.776337],[-81.742053,18.767471],[-81.740968,18.758604],[-81.739882,18.749738],[-81.738797,18.740871],[-81.737712,18.732005],[-81.736627,18.723138],[-81.735542,18.714272],[-81.734458,18.705406],[-81.733373,18.696539],[-81.732288,18.687673],[-81.731204,18.678806],[-81.73012,18.669939],[-81.729036,18.661073],[-81.727951,18.652206],[-81.726868,18.64334],[-81.725784,18.634473],[-81.7247,18.625606],[-81.723616,18.61674],[-81.722533,18.607873],[-81.72145,18.599007],[-81.720366,18.59014],[-81.719283,18.581273],[-81.7182,18.572406],[-81.717117,18.56354],[-81.716034,18.554673],[-81.714952,18.545806],[-81.713869,18.53694],[-81.712787,18.528073],[-81.711704,18.519206],[-81.710622,18.510339],[-81.70954,18.501472],[-81.708458,18.492605],[-81.707376,18.483739],[-81.706294,18.474872],[-81.705212,18.466005],[-81.704131,18.457138],[-81.703049,18.448271],[-81.701968,18.439404],[-81.700887,18.430537],[-81.699805,18.42167],[-81.698724,18.412803],[-81.697643,18.403936],[-81.696563,18.395069],[-81.695482,18.386202],[-81.694401,18.377335],[-81.693321,18.368468],[-81.69224,18.359601],[-81.69116,18.350734],[-81.69008,18.341867],[-81.689,18.333]]}},{"type":"Feature","properties":{"PLATEBOUND":"CA-NA","STEPCLASS":"OSR","BOUNDCONT":"TRUE","OROGEN":"FALSE"},"geometry":{"type":"LineString","coordinates":[[-81.689,18.333],[-81.68793,18.32415],[-81.68686,18.315301],[-81.685791,18.306451],[-81.684721,18.297602],[-81.683652,18.288752],[-81.682583,18.279902],[-81.681513,18.271053],[-81.680444,18.262203],[-81.679375,18.253353],[-81.678307,18.244504],[-81.677238,18.235654],[-81.676169,18.226804],[-81.675101,18.217954],[-81.674032,18.209105],[-81.672964,18.200255],[-81.671896,18.191405],[-81.670828,18.182555],[-81.66976,18.173705],[-81.668692,18.164855],[-81.667624,18.156006],[-81.666556,18.147156],[-81.665489,18.138306],[-81.664421,18.129456],[-81.663354,18.120606],[-81.662287,18.111756],[-81.661219,18.102906],[-81.660152,18.094056],[-81.659085,18.085206],[-81.658019,18.076356],[-81.656952,18.067506],[-81.655885,18.058656],[-81.654819,18.049806],[-81.653752,18.040956],[-81.652686,18.032106],[-81.65162,18.023256],[-81.650554,18.014406],[-81.649488,18.005556],[-81.648422,17.996706],[-81.647356,17.987856],[-81.646291,17.979006],[-81.645225,17.970155],[-81.64416,17.961305],[-81.643094,17.952455],[-81.642029,17.943605],[-81.640964,17.934755],[-81.639899,17.925904],[-81.638834,17.917054],[-81.637769,17.908204],[-81.636705,17.899354],[-81.63564,17.890503],[-81.634576,17.881653],[-81.633511,17.872803],[-81.632447,17.863953],[-81.631383,17.855102],[-81.630319,17.846252],[-81.629255,17.837402],[-81.628191,17.828551],[-81.627127,17.819701],[-81.626064,17.81085],[-81.625,17.802]]}},{"type":"Feature","properties":{"PLATEBOUND":"CA-NA","STEPCLASS":"OTF","BOUNDCONT":"TRUE","OROGEN":"FALSE"},"geometry":{"type":"LineString","coordinates":[[-81.625,17.802],[-81.634244,17.800358],[-81.643489,17.798715],[-81.652733,17.797072],[-81.661977,17.795428],[-81.67122,17.793784],[-81.680464,17.792139],[-81.689707,17.790495],[-81.698951,17.788849],[-81.708194,17.787203],[-81.717436,17.785557],[-81.726679,17.78391],[-81.735922,17.782263],[-81.745164,17.780616],[-81.754406,17.778968],[-81.763648,17.777319],[-81.77289,17.77567],[-81.782132,17.774021],[-81.791373,17.772371],[-81.800615,17.770721],[-81.809856,17.76907],[-81.819097,17.767419],[-81.828338,17.765768],[-81.837578,17.764116],[-81.846819,17.762464],[-81.856059,17.760811],[-81.8653,17.759158],[-81.87454,17.757504],[-81.883779,17.75585],[-81.893019,17.754195],[-81.902258,17.75254],[-81.911498,17.750885],[-81.920737,17.749229],[-81.929976,17.747573],[-81.939215,17.745916],[-81.948453,17.744259],[-81.957692,17.742601],[-81.96693,17.740943],[-81.976168,17.739285],[-81.985406,17.737626],[-81.994644,17.735966],[-82.003882,17.734307],[-82.013119,17.732646],[-82.022356,17.730986],[-82.031594,17.729325],[-82.04083,17.727663],[-82.050067,17.726001],[-82.059304,17.724339],[-82.06854,17.722676],[-82.077776,17.721013],[-82.087013,17.719349],[-82.096249,17.717685],[-82.105484,17.71602],[-82.11472,17.714355],[-82.123955,17.71269],[-82.13319,17.711024],[-82.142426,17.709358],[-82.15166,17.707691],[-82.160895,17.706024],[-82.17013,17.704356],[-82.179364,17.702688],[-82.188598,17.70102],[-82.197832,17.699351],[-82.207066,17.697682],[-82.2163,17.696012],[-82.225533,17.694342],[-82.234767,17.692671],[-82.244,17.691]]}},{"type":"Feature","properties":{"PLATEBOUND":"CA-NA","STEPCLASS":"OTF","BOUNDCONT":"TRUE","OROGEN":"FALSE"},"geometry":{"type":"LineString","coordinates":[[-82.244,17.691],[-82.253272,17.690044],[-82.262544,17.689088],[-82.271815,17.688131],[-82.281087,17.687174],[-82.290359,17.686217],[-82.29963,17.685259],[-82.308901,17.684301],[-82.318173,17.683342],[-82.327444,17.682383],[-82.336715,17.681423],[-82.345986,17.680463],[-82.355257,17.679502],[-82.364527,17.678541],[-82.373798,17.67758],[-82.383068,17.676618],[-82.392339,17.675656],[-82.401609,17.674693],[-82.41088,17.67373],[-82.42015,17.672766],[-82.42942,17.671802],[-82.43869,17.670838],[-82.44796,17.669873],[-82.457229,17.668907],[-82.466499,17.667942],[-82.475769,17.666975],[-82.485038,17.666009],[-82.494307,17.665042],[-82.503577,17.664074],[-82.512846,17.663106],[-82.522115,17.662138],[-82.531384,17.661169],[-82.540653,17.660199],[-82.549921,17.65923],[-82.55919,17.65826],[-82.568459,17.657289],[-82.577727,17.656318],[-82.586995,17.655347],[-82.596264,17.654375],[-82.605532,17.653402],[-82.6148,17.65243],[-82.624068,17.651456],[-82.633336,17.650483],[-82.642604,17.649509],[-82.651871,17.648534],[-82.661139,17.647559],[-82.670406,17.646584],[-82.679674,17.645608],[-82.688941,17.644632],[-82.698208,17.643655],[-82.707475,17.642678],[-82.716742,17.6417],[-82.726009,17.640722],[-82.735276,17.639744],[-82.744542,17.638765],[-82.753809,17.637786],[-82.763075,17.636806],[-82.772342,17.635826],[-82.781608,17.634845],[-82.790874,17.633864],[-82.80014,17.632883],[-82.809406,17.631901],[-82.818672,17.630918],[-82.827938,17.629936],[-82.837204,17.628952],[-82.846469,17.627969],[-82.855735,17.626985],[-82.865,17.626]]}},{"type":"Feature","properties":{"PLATEBOUND":"CA-NA","STEPCLASS":"OTF","BOUNDCONT":"TRUE","OROGEN":"FALSE"},"geometry":{"type":"LineString","coordinates":[[-82.865,17.626],[-82.874249,17.624426],[-82.883498,17.622852],[-82.892747,17.621277],[-82.901995,17.619702],[-82.911243,17.618126],[-82.920492,17.61655],[-82.92974,17.614973],[-82.938988,17.613396],[-82.948235,17.611819],[-82.957483,17.610241],[-82.96673,17.608663],[-82.975978,17.607084],[-82.985225,17.605505],[-82.994472,17.603925],[-83.003718,17.602345],[-83.012965,17.600765],[-83.022211,17.599184],[-83.031458,17.597602],[-83.040704,17.596021],[-83.04995,17.594439],[-83.059196,17.592856],[-83.068441,17.591273],[-83.077687,17.589689],[-83.086932,17.588105],[-83.096177,17.586521],[-83.105422,17.584936],[-83.114667,17.583351],[-83.123912,17.581765],[-83.133156,17.580179],[-83.142401,17.578593],[-83.151645,17.577006],[-83.160889,17.575419],[-83.170133,17.573831],[-83.179376,17.572243],[-83.18862,17.570654],[-83.197863,17.569065],[-83.207106,17.567475],[-83.216349,17.565885],[-83.225592,17.564295],[-83.234835,17.562704],[-83.244078,17.561113],[-83.25332,17.559521],[-83.262562,17.557929],[-83.271804,17.556336],[-83.281046,17.554743],[-83.290288,17.55315],[-83.29953,17.551556],[-83.308771,17.549962],[-83.318012,17.548367],[-83.327254,17.546772],[-83.336495,17.545176],[-83.345735,17.54358],[-83.354976,17.541984],[-83.364216,17.540387],[-83.373457,17.53879],[-83.382697,17.537192],[-83.391937,17.535594],[-83.401177,17.533995],[-83.410416,17.532396],[-83.419656,17.530797],[-83.428895,17.529197],[-83.438134,17.527597],[-83.447373,17.525996],[-83.456612,17.524395],[-83.465851,17.522793],[-83.47509,17.521191],[-83.484328,17.519588],[-83.493566,17.517986],[-83.502804,17.516382],[-83.512042,17.514778],[-83.52128,17.513174],[-83.530517,17.51157],[-83.539755,17.509965],[-83.548992,17.508359],[-83.558229,17.506753],[-83.567466,17.505147],[-83.576703,17.50354],[-83.585939,17.501933],[-83.595176,17.500325],[-83.604412,17.498717],[-83.613648,17.497109],[-83.622884,17.4955],[-83.63212,17.49389],[-83.641355,17.492281],[-83.650591,17.49067],[-83.659826,17.48906],[-83.669061,17.487449],[-83.678296,17.485837],[-83.687531,17.484225],[-83.696766,17.482613],[-83.706,17.481]]}},{"type":"Feature","properties":{"PLATEBOUND":"CA-NA","STEPCLASS":"OTF","BOUNDCONT":"TRUE","OROGEN":"FALSE"},"geometry":{"type":"LineString","coordinates":[[-83.706,17.481],[-83.71504,17.478729],[-83.72408,17.476457],[-83.733119,17.474185],[-83.742158,17.471913],[-83.751198,17.46964],[-83.760236,17.467366],[-83.769275,17.465093],[-83.778313,17.462819],[-83.787352,17.460544],[-83.796389,17.458269],[-83.805427,17.455994],[-83.814465,17.453718],[-83.823502,17.451442],[-83.832539,17.449165],[-83.841576,17.446888],[-83.850612,17.444611],[-83.859649,17.442333],[-83.868685,17.440055],[-83.877721,17.437776],[-83.886756,17.435497],[-83.895792,17.433218],[-83.904827,17.430938],[-83.913862,17.428658],[-83.922897,17.426377],[-83.931932,17.424096],[-83.940966,17.421814],[-83.95,17.419533],[-83.959034,17.41725],[-83.968068,17.414967],[-83.977101,17.412684],[-83.986134,17.410401],[-83.995167,17.408117],[-84.0042,17.405832],[-84.013233,17.403548],[-84.022265,17.401263],[-84.031297,17.398977],[-84.040329,17.396691],[-84.04936,17.394405],[-84.058392,17.392118],[-84.067423,17.38983],[-84.076454,17.387543],[-84.085485,17.385255],[-84.094515,17.382966],[-84.103546,17.380677],[-84.112576,17.378388],[-84.121606,17.376098],[-84.130635,17.373808],[-84.139665,17.371518],[-84.148694,17.369227],[-84.157723,17.366936],[-84.166752,17.364644],[-84.17578,17.362352],[-84.184808,17.360059],[-84.193836,17.357766],[-84.202864,17.355473],[-84.211892,17.353179],[-84.220919,17.350885],[-84.229946,17.34859],[-84.238973,17.346295],[-84.248,17.344]]}},{"type":"Feature","properties":{"PLATEBOUND":"CA-NA","STEPCLASS":"OTF","BOUNDCONT":"TRUE","OROGEN":"FALSE"},"geometry":{"type":"LineString","coordinates":[[-84.248,17.344],[-84.256721,17.340896],[-84.265443,17.337791],[-84.274164,17.334686],[-84.282884,17.331581],[-84.291605,17.328475],[-84.300325,17.325369],[-84.309044,17.322263],[-84.317764,17.319156],[-84.326483,17.316048],[-84.335202,17.312941],[-84.34392,17.309833],[-84.352639,17.306724],[-84.361357,17.303616],[-84.370074,17.300506],[-84.378792,17.297397],[-84.387509,17.294287],[-84.396226,17.291177],[-84.404942,17.288066],[-84.413658,17.284955],[-84.422374,17.281843],[-84.43109,17.278732],[-84.439805,17.275619],[-84.44852,17.272507],[-84.457235,17.269394],[-84.46595,17.266281],[-84.474664,17.263167],[-84.483378,17.260053],[-84.492091,17.256938],[-84.500804,17.253823],[-84.509517,17.250708],[-84.51823,17.247593],[-84.526943,17.244477],[-84.535655,17.24136],[-84.544367,17.238244],[-84.553078,17.235126],[-84.561789,17.232009],[-84.5705,17.228891],[-84.579211,17.225773],[-84.587921,17.222654],[-84.596631,17.219535],[-84.605341,17.216416],[-84.614051,17.213296],[-84.62276,17.210176],[-84.631469,17.207055],[-84.640177,17.203934],[-84.648886,17.200813],[-84.657594,17.197692],[-84.666302,17.19457],[-84.675009,17.191447],[-84.683716,17.188324],[-84.692423,17.185201],[-84.70113,17.182078],[-84.709836,17.178954],[-84.718542,17.175829],[-84.727248,17.172705],[-84.735953,17.16958],[-84.744658,17.166454],[-84.753363,17.163329],[-84.762067,17.160202],[-84.770772,17.157076],[-84.779476,17.153949],[-84.788179,17.150822],[-84.796883,17.147694],[-84.805586,17.144566],[-84.814289,17.141437],[-84.822991,17.138309],[-84.831693,17.135179],[-84.840395,17.13205],[-84.849097,17.12892],[-84.857798,17.12579],[-84.866499,17.122659],[-84.8752,17.119528],[-84.8839,17.116397],[-84.892601,17.113265],[-84.9013,17.110133],[-84.91,17.107]]}},{"type":"Feature","properties":{"PLATEBOUND":"CA-NA","STEPCLASS":"OTF","BOUNDCONT":"TRUE","OROGEN":"FALSE"},"geometry":{"type":"LineString","coordinates":[[-84.91,17.107],[-84.919069,17.104683],[-84.928137,17.102367],[-84.937206,17.100049],[-84.946274,17.097731],[-84.955342,17.095413],[-84.96441,17.093095],[-84.973477,17.090776],[-84.982544,17.088456],[-84.991611,17.086137],[-85.000678,17.083816],[-85.009745,17.081496],[-85.018811,17.079175],[-85.027877,17.076853],[-85.036943,17.074531],[-85.046009,17.072209],[-85.055074,17.069887],[-85.06414,17.067564],[-85.073205,17.06524],[-85.082269,17.062916],[-85.091334,17.060592],[-85.100398,17.058267],[-85.109463,17.055942],[-85.118526,17.053617],[-85.12759,17.051291],[-85.136654,17.048965],[-85.145717,17.046638],[-85.15478,17.044311],[-85.163843,17.041983],[-85.172905,17.039656],[-85.181967,17.037327],[-85.19103,17.034999],[-85.200091,17.032669],[-85.209153,17.03034],[-85.218214,17.02801],[-85.227276,17.02568],[-85.236337,17.023349],[-85.245397,17.021018],[-85.254458,17.018686],[-85.263518,17.016354],[-85.272578,17.014022],[-85.281638,17.011689],[-85.290698,17.009356],[-85.299757,17.007023],[-85.308816,17.004689],[-85.317875,17.002354],[-85.326934,17.000019],[-85.335993,16.997684],[-85.345051,16.995349],[-85.354109,16.993013],[-85.363167,16.990676],[-85.372224,16.98834],[-85.381282,16.986002],[-85.390339,16.983665],[-85.399396,16.981327],[-85.408453,16.978988],[-85.417509,16.97665],[-85.426565,16.97431],[-85.435622,16.971971],[-85.444677,16.969631],[-85.453733,16.96729],[-85.462788,16.96495],[-85.471843,16.962608],[-85.480898,16.960267],[-85.489953,16.957925],[-85.499008,16.955582],[-85.508062,16.953239],[-85.517116,16.950896],[-85.52617,16.948553],[-85.535223,16.946209],[-85.544277,16.943864],[-85.55333,16.941519],[-85.562383,16.939174],[-85.571435,16.936828],[-85.580488,16.934482],[-85.58954,16.932136],[-85.598592,16.929789],[-85.607644,16.927442],[-85.616695,16.925094],[-85.625747,16.922746],[-85.634798,16.920398],[-85.643849,16.918049],[-85.652899,16.9157],[-85.66195,16.91335],[-85.671,16.911]]}},{"type":"Feature","properties":{"PLATEBOUND":"CA-NA","STEPCLASS":"OTF","BOUNDCONT":"TRUE","OROGEN":"FALSE"},"geometry":{"type":"LineString","coordinates":[[-85.671,16.911],[-85.67978,16.908081],[-85.68856,16.905162],[-85.69734,16.902243],[-85.706119,16.899323],[-85.714898,16.896403],[-85.723677,16.893482],[-85.732455,16.890561],[-85.741233,16.88764],[-85.750011,16.884718],[-85.758789,16.881796],[-85.767566,16.878873],[-85.776344,16.87595],[-85.78512,16.873027],[-85.793897,16.870104],[-85.802673,16.86718],[-85.811449,16.864255],[-85.820225,16.86133],[-85.829001,16.858405],[-85.837776,16.85548],[-85.846551,16.852554],[-85.855326,16.849628],[-85.8641,16.846701],[-85.872874,16.843774],[-85.881648,16.840847],[-85.890422,16.837919],[-85.899195,16.834991],[-85.907968,16.832062],[-85.916741,16.829133],[-85.925514,16.826204],[-85.934286,16.823274],[-85.943058,16.820344],[-85.95183,16.817414],[-85.960601,16.814483],[-85.969372,16.811552],[-85.978143,16.808621],[-85.986914,16.805689],[-85.995684,16.802756],[-86.004455,16.799824],[-86.013224,16.796891],[-86.021994,16.793957],[-86.030763,16.791024],[-86.039532,16.78809],[-86.048301,16.785155],[-86.05707,16.78222],[-86.065838,16.779285],[-86.074606,16.776349],[-86.083374,16.773413],[-86.092141,16.770477],[-86.100908,16.76754],[-86.109675,16.764603],[-86.118442,16.761665],[-86.127208,16.758728],[-86.135974,16.755789],[-86.14474,16.752851],[-86.153506,16.749912],[-86.162271,16.746972],[-86.171036,16.744033],[-86.179801,16.741092],[-86.188565,16.738152],[-86.197329,16.735211],[-86.206093,16.73227],[-86.214857,16.729328],[-86.22362,16.726386],[-86.232383,16.723444],[-86.241146,16.720501],[-86.249909,16.717558],[-86.258671,16.714615],[-86.267433,16.711671],[-86.276195,16.708727],[-86.284957,16.705782],[-86.293718,16.702837],[-86.302479,16.699892],[-86.31124,16.696946],[-86.32,16.694]]}},{"type":"Feature","properties":{"PLATEBOUND":"CA-NA","STEPCLASS":"OTF","BOUNDCONT":"TRUE","OROGEN":"FALSE"},"geometry":{"type":"LineString","coordinates":[[-86.32,16.694],[-86.328739,16.691067],[-86.337479,16.688135],[-86.346218,16.685201],[-86.354956,16.682268],[-86.363695,16.679334],[-86.372433,16.676399],[-86.38117,16.673465],[-86.389908,16.67053],[-86.398645,16.667594],[-86.407382,16.664658],[-86.416119,16.661722],[-86.424856,16.658785],[-86.433592,16.655848],[-86.442328,16.652911],[-86.451064,16.649973],[-86.459799,16.647035],[-86.468534,16.644097],[-86.477269,16.641158],[-86.486004,16.638219],[-86.494738,16.635279],[-86.503472,16.63234],[-86.512206,16.629399],[-86.52094,16.626459],[-86.529673,16.623518],[-86.538406,16.620576],[-86.547139,16.617635],[-86.555871,16.614692],[-86.564604,16.61175],[-86.573336,16.608807],[-86.582067,16.605864],[-86.590799,16.60292],[-86.59953,16.599976],[-86.608261,16.597032],[-86.616992,16.594087],[-86.625722,16.591142],[-86.634452,16.588197],[-86.643182,16.585251],[-86.651911,16.582305],[-86.660641,16.579359],[-86.66937,16.576412],[-86.678099,16.573464],[-86.686827,16.570517],[-86.695555,16.567569],[-86.704283,16.56462],[-86.713011,16.561672],[-86.721739,16.558723],[-86.730466,16.555773],[-86.739193,16.552823],[-86.747919,16.549873],[-86.756646,16.546923],[-86.765372,16.543972],[-86.774098,16.54102],[-86.782823,16.538069],[-86.791549,16.535117],[-86.800274,16.532164],[-86.808999,16.529212],[-86.817723,16.526259],[-86.826448,16.523305],[-86.835172,16.520351],[-86.843895,16.517397],[-86.852619,16.514443],[-86.861342,16.511488],[-86.870065,16.508532],[-86.878788,16.505577],[-86.88751,16.502621],[-86.896232,16.499664],[-86.904954,16.496707],[-86.913676,16.49375],[-86.922397,16.490793],[-86.931118,16.487835],[-86.939839,16.484877],[-86.94856,16.481918],[-86.95728,16.478959],[-86.966,16.476]]}},{"type":"Feature","properties":{"PLATEBOUND":"CA-NA","STEPCLASS":"CTF","BOUNDCONT":"TRUE","OROGEN":"FALSE"},"geometry":{"type":"LineString","coordinates":[[-86.966,16.476],[-86.974916,16.473369],[-86.983832,16.470737],[-86.992747,16.468105],[-87.001662,16.465473],[-87.010577,16.46284],[-87.019492,16.460207],[-87.028407,16.457574],[-87.037321,16.45494],[-87.046235,16.452306],[-87.055149,16.449671],[-87.064062,16.447036],[-87.072976,16.444401],[-87.081889,16.441765],[-87.090802,16.439129],[-87.099714,16.436493],[-87.108627,16.433856],[-87.117539,16.431218],[-87.126451,16.428581],[-87.135362,16.425943],[-87.144274,16.423304],[-87.153185,16.420666],[-87.162096,16.418026],[-87.171007,16.415387],[-87.179917,16.412747],[-87.188827,16.410107],[-87.197737,16.407466],[-87.206647,16.404825],[-87.215556,16.402184],[-87.224466,16.399542],[-87.233375,16.3969],[-87.242283,16.394257],[-87.251192,16.391614],[-87.2601,16.388971],[-87.269008,16.386327],[-87.277916,16.383683],[-87.286824,16.381039],[-87.295731,16.378394],[-87.304638,16.375749],[-87.313545,16.373103],[-87.322451,16.370457],[-87.331358,16.367811],[-87.340264,16.365164],[-87.34917,16.362517],[-87.358075,16.35987],[-87.366981,16.357222],[-87.375886,16.354574],[-87.384791,16.351925],[-87.393696,16.349276],[-87.4026,16.346627],[-87.411504,16.343977],[-87.420408,16.341327],[-87.429312,16.338676],[-87.438215,16.336026],[-87.447119,16.333374],[-87.456022,16.330723],[-87.464924,16.328071],[-87.473827,16.325418],[-87.482729,16.322766],[-87.491631,16.320113],[-87.500533,16.317459],[-87.509435,16.314805],[-87.518336,16.312151],[-87.527237,16.309496],[-87.536138,16.306841],[-87.545038,16.304186],[-87.553939,16.30153],[-87.562839,16.298874],[-87.571739,16.296218],[-87.580638,16.293561],[-87.589538,16.290904],[-87.598437,16.288246],[-87.607336,16.285588],[-87.616235,16.28293],[-87.625133,16.280271],[-87.634031,16.277612],[-87.642929,16.274952],[-87.651827,16.272292],[-87.660724,16.269632],[-87.669622,16.266972],[-87.678519,16.264311],[-87.687415,16.261649],[-87.696312,16.258987],[-87.705208,16.256325],[-87.714104,16.253663],[-87.723,16.251]]}},{"type":"Feature","properties":{"PLATEBOUND":"CA-NA","STEPCLASS":"CRB","BOUNDCONT":"TRUE","OROGEN":"FALSE"},"geometry":{"type":"LineString","coordinates":[[-87.723,16.251],[-87.731385,16.247106],[-87.739771,16.243211],[-87.748155,16.239316],[-87.75654,16.23542],[-87.764924,16.231525],[-87.773308,16.227628],[-87.781691,16.223732],[-87.790075,16.219835],[-87.798458,16.215938],[-87.80684,16.212041],[-87.815222,16.208143],[-87.823604,16.204245],[-87.831986,16.200346],[-87.840367,16.196448],[-87.848748,16.192549],[-87.857128,16.188649],[-87.865508,16.184749],[-87.873888,16.180849],[-87.882268,16.176949],[-87.890647,16.173048],[-87.899026,16.169147],[-87.907405,16.165246],[-87.915783,16.161344],[-87.924161,16.157442],[-87.932538,16.15354],[-87.940916,16.149637],[-87.949292,16.145734],[-87.957669,16.14183],[-87.966045,16.137927],[-87.974421,16.134023],[-87.982797,16.130118],[-87.991172,16.126214],[-87.999547,16.122308],[-88.007922,16.118403],[-88.016296,16.114497],[-88.02467,16.110591],[-88.033044,16.106685],[-88.041417,16.102778],[-88.04979,16.098871],[-88.058163,16.094964],[-88.066535,16.091056],[-88.074907,16.087148],[-88.083279,16.08324],[-88.09165,16.079331],[-88.100021,16.075422],[-88.108392,16.071513],[-88.116762,16.067603],[-88.125132,16.063693],[-88.133502,16.059783],[-88.141871,16.055872],[-88.15024,16.051961],[-88.158609,16.04805],[-88.166977,16.044139],[-88.175346,16.040227],[-88.183713,16.036314],[-88.192081,16.032402],[-88.200448,16.028489],[-88.208815,16.024575],[-88.217181,16.020662],[-88.225547,16.016748],[-88.233913,16.012834],[-88.242278,16.008919],[-88.250644,16.005004],[-88.259008,16.001089],[-88.267373,15.997173],[-88.275737,15.993258],[-88.284101,15.989341],[-88.292464,15.985425],[-88.300828,15.981508],[-88.309191,15.977591],[-88.317553,15.973673],[-88.325915,15.969755],[-88.334277,15.965837],[-88.342639,15.961919],[-88.351,15.958]]}},{"type":"Feature","properties":{"PLATEBOUND":"CA-NA","STEPCLASS":"CRB","BOUNDCONT":"TRUE","OROGEN":"FALSE"},"geometry":{"type":"LineString","coordinates":[[-88.351,15.958],[-88.358733,15.953068],[-88.366466,15.948136],[-88.374198,15.943204],[-88.38193,15.938271],[-88.389662,15.933338],[-88.397393,15.928405],[-88.405124,15.923471],[-88.412855,15.918537],[-88.420585,15.913603],[-88.428315,15.908669],[-88.436044,15.903734],[-88.443773,15.898799],[-88.451502,15.893864],[-88.45923,15.888928],[-88.466958,15.883992],[-88.474685,15.879056],[-88.482413,15.87412],[-88.490139,15.869183],[-88.497866,15.864247],[-88.505592,15.859309],[-88.513317,15.854372],[-88.521043,15.849434],[-88.528767,15.844496],[-88.536492,15.839558],[-88.544216,15.834619],[-88.55194,15.82968],[-88.559663,15.824741],[-88.567386,15.819802],[-88.575109,15.814862],[-88.582831,15.809922],[-88.590553,15.804982],[-88.598274,15.800042],[-88.605996,15.795101],[-88.613716,15.79016],[-88.621437,15.785218],[-88.629157,15.780277],[-88.636876,15.775335],[-88.644596,15.770393],[-88.652314,15.76545],[-88.660033,15.760508],[-88.667751,15.755565],[-88.675469,15.750621],[-88.683186,15.745678],[-88.690903,15.740734],[-88.69862,15.73579],[-88.706336,15.730846],[-88.714052,15.725901],[-88.721768,15.720956],[-88.729483,15.716011],[-88.737198,15.711065],[-88.744912,15.70612],[-88.752626,15.701174],[-88.76034,15.696227],[-88.768053,15.691281],[-88.775766,15.686334],[-88.783478,15.681387],[-88.791191,15.676439],[-88.798902,15.671492],[-88.806614,15.666544],[-88.814325,15.661596],[-88.822036,15.656647],[-88.829746,15.651698],[-88.837456,15.646749],[-88.845165,15.6418],[-88.852875,15.63685],[-88.860583,15.631901],[-88.868292,15.62695],[-88.876,15.622]]}},{"type":"Feature","properties":{"PLATEBOUND":"CA-NA","STEPCLASS":"CRB","BOUNDCONT":"TRUE","OROGEN":"FALSE"},"geometry":{"type":"LineString","coordinates":[[-88.876,15.622],[-88.883099,15.616194],[-88.890198,15.610387],[-88.897297,15.60458],[-88.904395,15.598773],[-88.911493,15.592966],[-88.91859,15.587158],[-88.925687,15.581351],[-88.932784,15.575543],[-88.93988,15.569735],[-88.946976,15.563926],[-88.954071,15.558117],[-88.961166,15.552309],[-88.968261,15.546499],[-88.975355,15.54069],[-88.982449,15.53488],[-88.989542,15.529071],[-88.996635,15.523261],[-89.003728,15.51745],[-89.01082,15.51164],[-89.017912,15.505829],[-89.025003,15.500018],[-89.032094,15.494207],[-89.039185,15.488395],[-89.046275,15.482584],[-89.053365,15.476772],[-89.060454,15.47096],[-89.067543,15.465147],[-89.074632,15.459335],[-89.08172,15.453522],[-89.088808,15.447709],[-89.095896,15.441896],[-89.102983,15.436082],[-89.110069,15.430268],[-89.117156,15.424454],[-89.124241,15.41864],[-89.131327,15.412826],[-89.138412,15.407011],[-89.145497,15.401196],[-89.152581,15.395381],[-89.159665,15.389566],[-89.166748,15.38375],[-89.173832,15.377935],[-89.180914,15.372119],[-89.187997,15.366302],[-89.195079,15.360486],[-89.20216,15.354669],[-89.209241,15.348852],[-89.216322,15.343035],[-89.223402,15.337218],[-89.230482,15.3314],[-89.237562,15.325582],[-89.244641,15.319764],[-89.25172,15.313946],[-89.258798,15.308127],[-89.265876,15.302308],[-89.272954,15.29649],[-89.280031,15.29067],[-89.287108,15.284851],[-89.294185,15.279031],[-89.301261,15.273211],[-89.308336,15.267391],[-89.315412,15.261571],[-89.322487,15.25575],[-89.329561,15.249929],[-89.336635,15.244108],[-89.343709,15.238287],[-89.350782,15.232466],[-89.357855,15.226644],[-89.364928,15.220822],[-89.372,15.215]]}},{"type":"Feature","properties":{"PLATEBOUND":"CA-NA","STEPCLASS":"CRB","BOUNDCONT":"TRUE","OROGEN":"FALSE"},"geometry":{"type":"LineString","coordinates":[[-89.372,15.215],[-89.377976,15.208108],[-89.383953,15.201216],[-89.389928,15.194324],[-89.395904,15.187431],[-89.401879,15.180539],[-89.407853,15.173646],[-89.413827,15.166753],[-89.419801,15.15986],[-89.425774,15.152967],[-89.431747,15.146073],[-89.43772,15.13918],[-89.443692,15.132286],[-89.449664,15.125392],[-89.455635,15.118498],[-89.461607,15.111604],[-89.467577,15.104709],[-89.473547,15.097815],[-89.479517,15.09092],[-89.485487,15.084025],[-89.491456,15.07713],[-89.497425,15.070235],[-89.503393,15.06334],[-89.509361,15.056444],[-89.515329,15.049548],[-89.521296,15.042652],[-89.527263,15.035756],[-89.533229,15.02886],[-89.539195,15.021964],[-89.545161,15.015068],[-89.551126,15.008171],[-89.557091,15.001274],[-89.563056,14.994377],[-89.56902,14.98748],[-89.574984,14.980583],[-89.580947,14.973685],[-89.58691,14.966788],[-89.592873,14.95989],[-89.598835,14.952992],[-89.604797,14.946094],[-89.610758,14.939196],[-89.616719,14.932297],[-89.62268,14.925399],[-89.62864,14.9185],[-89.6346,14.911601],[-89.64056,14.904702],[-89.646519,14.897803],[-89.652478,14.890903],[-89.658436,14.884004],[-89.664394,14.877104],[-89.670352,14.870204],[-89.676309,14.863304],[-89.682266,14.856404],[-89.688223,14.849504],[-89.694179,14.842603],[-89.700135,14.835703],[-89.70609,14.828802],[-89.712045,14.821901],[-89.718,14.815]]}},{"type":"Feature","properties":{"PLATEBOUND":"CA-NA","STEPCLASS":"CRB","BOUNDCONT":"TRUE","OROGEN":"FALSE"},"geometry":{"type":"LineString","coordinates":[[-89.718,14.815],[-89.723417,14.807834],[-89.728834,14.800668],[-89.73425,14.793502],[-89.739666,14.786336],[-89.745081,14.77917],[-89.750497,14.772004],[-89.755911,14.764837],[-89.761326,14.757671],[-89.76674,14.750504],[-89.772154,14.743337],[-89.777567,14.73617],[-89.78298,14.729003],[-89.788393,14.721836],[-89.793806,14.714668],[-89.799218,14.707501],[-89.804629,14.700333],[-89.810041,14.693165],[-89.815452,14.685997],[-89.820862,14.678829],[-89.826272,14.671661],[-89.831682,14.664492],[-89.837092,14.657324],[-89.842501,14.650155],[-89.84791,14.642987],[-89.853319,14.635818],[-89.858727,14.628649],[-89.864134,14.62148],[-89.869542,14.614311],[-89.874949,14.607141],[-89.880356,14.599972],[-89.885762,14.592802],[-89.891168,14.585632],[-89.896574,14.578462],[-89.901979,14.571292],[-89.907384,14.564122],[-89.912789,14.556952],[-89.918193,14.549782],[-89.923597,14.542611],[-89.929001,14.53544],[-89.934404,14.52827],[-89.939807,14.521099],[-89.94521,14.513928],[-89.950612,14.506756],[-89.956014,14.499585],[-89.961415,14.492414],[-89.966816,14.485242],[-89.972217,14.47807],[-89.977618,14.470899],[-89.983018,14.463727],[-89.988418,14.456554],[-89.993817,14.449382],[-89.999216,14.44221],[-90.004615,14.435037],[-90.010013,14.427865],[-90.015411,14.420692],[-90.020809,14.413519],[-90.026206,14.406346],[-90.031603,14.399173],[-90.037,14.392]]}},{"type":"Feature","properties":{"PLATEBOUND":"CA-NA","STEPCLASS":"CRB","BOUNDCONT":"TRUE","OROGEN":"FALSE"},"geometry":{"type":"LineString","coordinates":[[-90.037,14.392],[-90.042732,14.385019],[-90.048464,14.378039],[-90.054196,14.371058],[-90.059927,14.364077],[-90.065658,14.357096],[-90.071389,14.350114],[-90.077119,14.343133],[-90.082849,14.336151],[-90.088579,14.32917],[-90.094308,14.322188],[-90.100037,14.315206],[-90.105765,14.308224],[-90.111493,14.301242],[-90.117221,14.294259],[-90.122948,14.287277],[-90.128675,14.280294],[-90.134402,14.273311],[-90.140128,14.266328],[-90.145854,14.259345],[-90.15158,14.252362],[-90.157305,14.245378],[-90.16303,14.238395],[-90.168755,14.231411],[-90.174479,14.224427],[-90.180203,14.217443],[-90.185926,14.210459],[-90.19165,14.203475],[-90.197372,14.19649],[-90.203095,14.189506],[-90.208817,14.182521],[-90.214539,14.175536],[-90.22026,14.168551],[-90.225981,14.161566],[-90.231702,14.154581],[-90.237422,14.147596],[-90.243142,14.14061],[-90.248862,14.133625],[-90.254581,14.126639],[-90.2603,14.119653],[-90.266019,14.112667],[-90.271737,14.105681],[-90.277455,14.098694],[-90.283173,14.091708],[-90.28889,14.084721],[-90.294607,14.077734],[-90.300324,14.070747],[-90.30604,14.06376],[-90.311756,14.056773],[-90.317471,14.049786],[-90.323186,14.042798],[-90.328901,14.035811],[-90.334616,14.028823],[-90.34033,14.021835],[-90.346043,14.014847],[-90.351757,14.007859],[-90.35747,14.00087],[-90.363183,13.993882],[-90.368895,13.986893],[-90.374607,13.979905],[-90.380319,13.972916],[-90.38603,13.965927],[-90.391741,13.958938],[-90.397452,13.951948],[-90.403162,13.944959],[-90.408872,13.937969],[-90.414582,13.93098],[-90.420291,13.92399],[-90.426,13.917]]}},{"type":"Feature","properties":{"PLATEBOUND":"CA-NA","STEPCLASS":"CRB","BOUNDCONT":"TRUE","OROGEN":"FALSE"},"geometry":{"type":"LineString","coordinates":[[-90.426,13.917],[-90.431345,13.90974],[-90.43669,13.902481],[-90.442034,13.895221],[-90.447378,13.887961],[-90.452722,13.880701],[-90.458065,13.87344],[-90.463408,13.86618],[-90.468751,13.858919],[-90.474093,13.851659],[-90.479435,13.844398],[-90.484777,13.837137],[-90.490118,13.829876],[-90.495459,13.822615],[-90.5008,13.815354],[-90.50614,13.808093],[-90.51148,13.800831],[-90.51682,13.79357],[-90.522159,13.786308],[-90.527498,13.779046],[-90.532837,13.771784],[-90.538175,13.764522],[-90.543513,13.75726],[-90.548851,13.749998],[-90.554188,13.742735],[-90.559526,13.735473],[-90.564862,13.72821],[-90.570199,13.720947],[-90.575535,13.713684],[-90.580871,13.706421],[-90.586206,13.699158],[-90.591541,13.691895],[-90.596876,13.684632],[-90.60221,13.677368],[-90.607544,13.670105],[-90.612878,13.662841],[-90.618212,13.655577],[-90.623545,13.648313],[-90.628877,13.641049],[-90.63421,13.633785],[-90.639542,13.62652],[-90.644874,13.619256],[-90.650205,13.611991],[-90.655537,13.604727],[-90.660867,13.597462],[-90.666198,13.590197],[-90.671528,13.582932],[-90.676858,13.575667],[-90.682188,13.568402],[-90.687517,13.561136],[-90.692846,13.553871],[-90.698174,13.546605],[-90.703503,13.539339],[-90.70883,13.532074],[-90.714158,13.524808],[-90.719485,13.517541],[-90.724812,13.510275],[-90.730139,13.503009],[-90.735465,13.495742],[-90.740791,13.488476],[-90.746117,13.481209],[-90.751442,13.473942],[-90.756767,13.466676],[-90.762092,13.459409],[-90.767416,13.452141],[-90.772741,13.444874],[-90.778064,13.437607],[-90.783388,13.430339],[-90.788711,13.423072],[-90.794034,13.415804],[-90.799356,13.408536],[-90.804678,13.401268],[-90.81,13.394]]}},{"type":"Feature","properties":{"PLATEBOUND":"CA-NA","STEPCLASS":"CRB","BOUNDCONT":"TRUE","OROGEN":"FALSE"},"geometry":{"type":"LineString","coordinates":[[-90.81,13.394],[-90.81097,13.385099],[-90.81194,13.376199],[-90.81291,13.367298],[-90.81388,13.358397],[-90.81485,13.349497],[-90.81582,13.340596],[-90.81679,13.331695],[-90.817759,13.322794],[-90.818729,13.313894],[-90.819698,13.304993],[-90.820668,13.296092],[-90.821637,13.287191],[-90.822607,13.278291],[-90.823576,13.26939],[-90.824545,13.260489],[-90.825514,13.251588],[-90.826483,13.242687],[-90.827452,13.233787],[-90.828421,13.224886],[-90.82939,13.215985],[-90.830359,13.207084],[-90.831327,13.198183],[-90.832296,13.189282],[-90.833264,13.180381],[-90.834233,13.171481],[-90.835201,13.16258],[-90.83617,13.153679],[-90.837138,13.144778],[-90.838106,13.135877],[-90.839074,13.126976],[-90.840042,13.118075],[-90.84101,13.109174],[-90.841978,13.100273],[-90.842946,13.091372],[-90.843914,13.082471],[-90.844882,13.07357],[-90.845849,13.064669],[-90.846817,13.055768],[-90.847784,13.046867],[-90.848752,13.037966],[-90.849719,13.029065],[-90.850686,13.020164],[-90.851654,13.011263],[-90.852621,13.002362],[-90.853588,12.993461],[-90.854555,12.984559],[-90.855522,12.975658],[-90.856489,12.966757],[-90.857455,12.957856],[-90.858422,12.948955],[-90.859389,12.940054],[-90.860355,12.931153],[-90.861322,12.922251],[-90.862288,12.91335],[-90.863255,12.904449],[-90.864221,12.895548],[-90.865187,12.886647],[-90.866154,12.877746],[-90.86712,12.868844],[-90.868086,12.859943],[-90.869052,12.851042],[-90.870018,12.842141],[-90.870984,12.833239],[-90.871949,12.824338],[-90.872915,12.815437],[-90.873881,12.806535],[-90.874846,12.797634],[-90.875812,12.788733],[-90.876777,12.779831],[-90.877743,12.77093],[-90.878708,12.762029],[-90.879673,12.753127],[-90.880638,12.744226],[-90.881603,12.735325],[-90.882568,12.726423],[-90.883533,12.717522],[-90.884498,12.708621],[-90.885463,12.699719],[-90.886428,12.690818],[-90.887393,12.681916],[-90.888357,12.673015],[-90.889322,12.664113],[-90.890286,12.655212],[-90.891251,12.646311],[-90.892215,12.637409],[-90.893179,12.628508],[-90.894144,12.619606],[-90.895108,12.610705],[-90.896072,12.601803],[-90.897036,12.592902],[-90.898,12.584]]}},{"type":"Feature","properties":{"PLATEBOUND":"CA/CO","STEPCLASS":"SUB","BOUNDCONT":"FALSE","OROGEN":"FALSE"},"geometry":{"type":"LineString","coordinates":[[-90.898,12.584],[-90.888832,12.583389],[-90.879664,12.582778],[-90.870496,12.582166],[-90.861328,12.581554],[-90.85216,12.580942],[-90.842992,12.580329],[-90.833824,12.579716],[-90.824656,12.579103],[-90.815489,12.57849],[-90.806321,12.577876],[-90.797153,12.577262],[-90.787986,12.576647],[-90.778818,12.576032],[-90.769651,12.575417],[-90.760483,12.574802],[-90.751316,12.574186],[-90.742148,12.57357],[-90.732981,12.572954],[-90.723814,12.572337],[-90.714646,12.57172],[-90.705479,12.571103],[-90.696312,12.570485],[-90.687145,12.569867],[-90.677978,12.569249],[-90.668811,12.56863],[-90.659644,12.568011],[-90.650477,12.567392],[-90.64131,12.566773],[-90.632143,12.566153],[-90.622976,12.565533],[-90.613809,12.564912],[-90.604643,12.564292],[-90.595476,12.563671],[-90.586309,12.563049],[-90.577143,12.562428],[-90.567976,12.561806],[-90.55881,12.561183],[-90.549643,12.560561],[-90.540477,12.559938],[-90.53131,12.559314],[-90.522144,12.558691],[-90.512978,12.558067],[-90.503812,12.557443],[-90.494645,12.556818],[-90.485479,12.556194],[-90.476313,12.555568],[-90.467147,12.554943],[-90.457981,12.554317],[-90.448815,12.553691],[-90.439649,12.553065],[-90.430483,12.552438],[-90.421317,12.551811],[-90.412151,12.551184],[-90.402986,12.550556],[-90.39382,12.549928],[-90.384654,12.5493],[-90.375489,12.548671],[-90.366323,12.548042],[-90.357158,12.547413],[-90.347992,12.546784],[-90.338827,12.546154],[-90.329661,12.545524],[-90.320496,12.544893],[-90.311331,12.544262],[-90.302165,12.543631],[-90.293,12.543]]}},{"type":"Feature","properties":{"PLATEBOUND":"CA/CO","STEPCLASS":"SUB","BOUNDCONT":"TRUE","OROGEN":"FALSE"},"geometry":{"type":"LineString","coordinates":[[-90.293,12.543],[-90.28446,12.539871],[-90.275921,12.536742],[-90.267382,12.533613],[-90.258843,12.530484],[-90.250304,12.527354],[-90.241765,12.524224],[-90.233227,12.521093],[-90.224689,12.517963],[-90.216151,12.514832],[-90.207613,12.511701],[-90.199075,12.508569],[-90.190538,12.505438],[-90.182001,12.502306],[-90.173464,12.499173],[-90.164927,12.496041],[-90.15639,12.492908],[-90.147854,12.489775],[-90.139318,12.486642],[-90.130782,12.483508],[-90.122246,12.480374],[-90.113711,12.47724],[-90.105175,12.474106],[-90.09664,12.470971],[-90.088105,12.467836],[-90.079571,12.464701],[-90.071036,12.461566],[-90.062502,12.45843],[-90.053968,12.455294],[-90.045434,12.452157],[-90.0369,12.449021],[-90.028367,12.445884],[-90.019833,12.442747],[-90.0113,12.43961],[-90.002768,12.436472],[-89.994235,12.433334],[-89.985702,12.430196],[-89.97717,12.427057],[-89.968638,12.423919],[-89.960106,12.42078],[-89.951575,12.41764],[-89.943043,12.414501],[-89.934512,12.411361],[-89.925981,12.408221],[-89.91745,12.405081],[-89.90892,12.40194],[-89.900389,12.398799],[-89.891859,12.395658],[-89.883329,12.392517],[-89.874799,12.389375],[-89.86627,12.386233],[-89.85774,12.383091],[-89.849211,12.379948],[-89.840682,12.376806],[-89.832153,12.373663],[-89.823625,12.370519],[-89.815096,12.367376],[-89.806568,12.364232],[-89.79804,12.361088],[-89.789512,12.357943],[-89.780985,12.354799],[-89.772457,12.351654],[-89.76393,12.348509],[-89.755403,12.345363],[-89.746877,12.342218],[-89.73835,12.339072],[-89.729824,12.335925],[-89.721298,12.332779],[-89.712772,12.329632],[-89.704246,12.326485],[-89.695721,12.323338],[-89.687195,12.32019],[-89.67867,12.317042],[-89.670145,12.313894],[-89.66162,12.310746],[-89.653096,12.307597],[-89.644572,12.304448],[-89.636048,12.301299],[-89.627524,12.29815],[-89.619,12.295]]}},{"type":"Feature","properties":{"PLATEBOUND":"CA/CO","STEPCLASS":"SUB","BOUNDCONT":"TRUE","OROGEN":"FALSE"},"geometry":{"type":"LineString","coordinates":[[-89.619,12.295],[-89.610569,12.291444],[-89.602138,12.287888],[-89.593708,12.284332],[-89.585278,12.280776],[-89.576848,12.277219],[-89.568418,12.273662],[-89.559988,12.270105],[-89.551559,12.266547],[-89.54313,12.26299],[-89.534701,12.259432],[-89.526272,12.255873],[-89.517844,12.252315],[-89.509416,12.248756],[-89.500988,12.245197],[-89.49256,12.241638],[-89.484133,12.238078],[-89.475705,12.234518],[-89.467278,12.230958],[-89.458851,12.227398],[-89.450425,12.223837],[-89.441998,12.220276],[-89.433572,12.216715],[-89.425146,12.213154],[-89.416721,12.209592],[-89.408295,12.20603],[-89.39987,12.202468],[-89.391445,12.198906],[-89.38302,12.195343],[-89.374595,12.19178],[-89.366171,12.188217],[-89.357747,12.184653],[-89.349323,12.18109],[-89.340899,12.177526],[-89.332476,12.173961],[-89.324053,12.170397],[-89.31563,12.166832],[-89.307207,12.163267],[-89.298784,12.159702],[-89.290362,12.156136],[-89.28194,12.152571],[-89.273518,12.149005],[-89.265096,12.145438],[-89.256675,12.141872],[-89.248253,12.138305],[-89.239832,12.134738],[-89.231412,12.131171],[-89.222991,12.127603],[-89.214571,12.124035],[-89.206151,12.120467],[-89.197731,12.116899],[-89.189311,12.11333],[-89.180892,12.109761],[-89.172473,12.106192],[-89.164054,12.102623],[-89.155635,12.099053],[-89.147216,12.095483],[-89.138798,12.091913],[-89.13038,12.088343],[-89.121962,12.084772],[-89.113544,12.081201],[-89.105127,12.07763],[-89.09671,12.074059],[-89.088293,12.070487],[-89.079876,12.066915],[-89.071459,12.063343],[-89.063043,12.05977],[-89.054627,12.056198],[-89.046211,12.052625],[-89.037796,12.049052],[-89.02938,12.045478],[-89.020965,12.041904],[-89.01255,12.03833],[-89.004135,12.034756],[-88.995721,12.031182],[-88.987306,12.027607],[-88.978892,12.024032],[-88.970478,12.020457],[-88.962065,12.016881],[-88.953651,12.013306],[-88.945238,12.00973],[-88.936825,12.006153],[-88.928413,12.002577],[-88.92,11.999]]}},{"type":"Feature","properties":{"PLATEBOUND":"CA/CO","STEPCLASS":"SUB","BOUNDCONT":"TRUE","OROGEN":"FALSE"},"geometry":{"type":"LineString","coordinates":[[-88.92,11.999],[-88.91187,11.994927],[-88.903739,11.990855],[-88.895609,11.986782],[-88.88748,11.982709],[-88.87935,11.978635],[-88.871221,11.974561],[-88.863092,11.970488],[-88.854963,11.966413],[-88.846835,11.962339],[-88.838706,11.958264],[-88.830578,11.954189],[-88.822451,11.950114],[-88.814323,11.946039],[-88.806196,11.941963],[-88.798069,11.937888],[-88.789942,11.933812],[-88.781815,11.929735],[-88.773689,11.925659],[-88.765563,11.921582],[-88.757437,11.917505],[-88.749312,11.913428],[-88.741186,11.90935],[-88.733061,11.905273],[-88.724936,11.901195],[-88.716812,11.897117],[-88.708687,11.893038],[-88.700563,11.888959],[-88.692439,11.884881],[-88.684315,11.880801],[-88.676192,11.876722],[-88.668069,11.872643],[-88.659946,11.868563],[-88.651823,11.864483],[-88.643701,11.860402],[-88.635579,11.856322],[-88.627457,11.852241],[-88.619335,11.84816],[-88.611213,11.844079],[-88.603092,11.839998],[-88.594971,11.835916],[-88.58685,11.831834],[-88.57873,11.827752],[-88.57061,11.823669],[-88.56249,11.819587],[-88.55437,11.815504],[-88.54625,11.811421],[-88.538131,11.807337],[-88.530012,11.803254],[-88.521893,11.79917],[-88.513774,11.795086],[-88.505656,11.791002],[-88.497538,11.786917],[-88.48942,11.782833],[-88.481302,11.778748],[-88.473185,11.774663],[-88.465068,11.770577],[-88.456951,11.766491],[-88.448834,11.762406],[-88.440718,11.758319],[-88.432602,11.754233],[-88.424486,11.750147],[-88.41637,11.74606],[-88.408255,11.741973],[-88.400139,11.737885],[-88.392024,11.733798],[-88.38391,11.72971],[-88.375795,11.725622],[-88.367681,11.721534],[-88.359567,11.717446],[-88.351453,11.713357],[-88.343339,11.709268],[-88.335226,11.705179],[-88.327113,11.70109],[-88.319,11.697]]}},{"type":"Feature","properties":{"PLATEBOUND":"CA/CO","STEPCLASS":"SUB","BOUNDCONT":"TRUE","OROGEN":"FALSE"},"geometry":{"type":"LineString","coordinates":[[-88.319,11.697],[-88.311596,11.691833],[-88.304192,11.686666],[-88.296788,11.681499],[-88.289384,11.676331],[-88.281981,11.671163],[-88.274578,11.665995],[-88.267176,11.660827],[-88.259773,11.655659],[-88.252371,11.65049],[-88.244969,11.645322],[-88.237568,11.640153],[-88.230166,11.634984],[-88.222765,11.629814],[-88.215365,11.624645],[-88.207964,11.619475],[-88.200564,11.614305],[-88.193164,11.609135],[-88.185764,11.603965],[-88.178365,11.598795],[-88.170966,11.593624],[-88.163567,11.588453],[-88.156168,11.583282],[-88.14877,11.578111],[-88.141372,11.57294],[-88.133974,11.567768],[-88.126577,11.562596],[-88.11918,11.557425],[-88.111783,11.552252],[-88.104386,11.54708],[-88.09699,11.541908],[-88.089593,11.536735],[-88.082198,11.531562],[-88.074802,11.526389],[-88.067407,11.521216],[-88.060012,11.516042],[-88.052617,11.510868],[-88.045222,11.505695],[-88.037828,11.50052],[-88.030434,11.495346],[-88.023041,11.490172],[-88.015647,11.484997],[-88.008254,11.479822],[-88.000861,11.474647],[-87.993468,11.469472],[-87.986076,11.464297],[-87.978684,11.459121],[-87.971292,11.453946],[-87.963901,11.44877],[-87.956509,11.443594],[-87.949118,11.438417],[-87.941728,11.433241],[-87.934337,11.428064],[-87.926947,11.422887],[-87.919557,11.41771],[-87.912167,11.412533],[-87.904778,11.407355],[-87.897389,11.402178],[-87.89,11.397]]}},{"type":"Feature","properties":{"PLATEBOUND":"CA/CO","STEPCLASS":"SUB","BOUNDCONT":"TRUE","OROGEN":"FALSE"},"geometry":{"type":"LineString","coordinates":[[-87.89,11.397],[-87.882613,11.391816],[-87.875227,11.386631],[-87.86784,11.381446],[-87.860454,11.376261],[-87.853068,11.371076],[-87.845683,11.365891],[-87.838298,11.360706],[-87.830913,11.35552],[-87.823528,11.350334],[-87.816143,11.345148],[-87.808759,11.339962],[-87.801375,11.334775],[-87.793992,11.329589],[-87.786608,11.324402],[-87.779225,11.319215],[-87.771842,11.314028],[-87.76446,11.30884],[-87.757077,11.303653],[-87.749695,11.298465],[-87.742313,11.293277],[-87.734932,11.288089],[-87.72755,11.282901],[-87.720169,11.277712],[-87.712789,11.272524],[-87.705408,11.267335],[-87.698028,11.262146],[-87.690648,11.256957],[-87.683268,11.251767],[-87.675889,11.246578],[-87.66851,11.241388],[-87.661131,11.236198],[-87.653752,11.231008],[-87.646374,11.225818],[-87.638996,11.220627],[-87.631618,11.215436],[-87.62424,11.210246],[-87.616863,11.205054],[-87.609486,11.199863],[-87.602109,11.194672],[-87.594733,11.18948],[-87.587356,11.184288],[-87.57998,11.179096],[-87.572605,11.173904],[-87.565229,11.168712],[-87.557854,11.163519],[-87.550479,11.158327],[-87.543104,11.153134],[-87.53573,11.147941],[-87.528356,11.142748],[-87.520982,11.137554],[-87.513608,11.13236],[-87.506235,11.127167],[-87.498862,11.121973],[-87.491489,11.116778],[-87.484116,11.111584],[-87.476744,11.10639],[-87.469372,11.101195],[-87.462,11.096]]}},{"type":"Feature","properties":{"PLATEBOUND":"CA/CO","STEPCLASS":"SUB","BOUNDCONT":"TRUE","OROGEN":"FALSE"},"geometry":{"type":"LineString","coordinates":[[-87.462,11.096],[-87.455977,11.089227],[-87.449954,11.082454],[-87.443931,11.075681],[-87.437909,11.068908],[-87.431887,11.062134],[-87.425865,11.055361],[-87.419843,11.048587],[-87.413822,11.041813],[-87.407801,11.035039],[-87.40178,11.028265],[-87.39576,11.021491],[-87.389739,11.014717],[-87.383719,11.007942],[-87.3777,11.001168],[-87.37168,10.994393],[-87.365661,10.987618],[-87.359642,10.980843],[-87.353624,10.974068],[-87.347606,10.967293],[-87.341588,10.960518],[-87.33557,10.953743],[-87.329552,10.946967],[-87.323535,10.940192],[-87.317518,10.933416],[-87.311502,10.92664],[-87.305485,10.919864],[-87.299469,10.913088],[-87.293453,10.906312],[-87.287438,10.899535],[-87.281422,10.892759],[-87.275407,10.885982],[-87.269393,10.879205],[-87.263378,10.872429],[-87.257364,10.865652],[-87.25135,10.858875],[-87.245337,10.852097],[-87.239323,10.84532],[-87.23331,10.838543],[-87.227297,10.831765],[-87.221285,10.824987],[-87.215272,10.81821],[-87.20926,10.811432],[-87.203249,10.804654],[-87.197237,10.797875],[-87.191226,10.791097],[-87.185215,10.784319],[-87.179204,10.77754],[-87.173194,10.770762],[-87.167184,10.763983],[-87.161174,10.757204],[-87.155164,10.750425],[-87.149155,10.743646],[-87.143146,10.736867],[-87.137137,10.730087],[-87.131128,10.723308],[-87.12512,10.716528],[-87.119112,10.709748],[-87.113104,10.702969],[-87.107097,10.696189],[-87.10109,10.689409],[-87.095083,10.682628],[-87.089076,10.675848],[-87.08307,10.669068],[-87.077064,10.662287],[-87.071058,10.655507],[-87.065052,10.648726],[-87.059047,10.641945],[-87.053042,10.635164],[-87.047037,10.628383],[-87.041032,10.621601],[-87.035028,10.61482],[-87.029024,10.608039],[-87.02302,10.601257],[-87.017017,10.594475],[-87.011014,10.587693],[-87.005011,10.580912],[-86.999008,10.574129],[-86.993006,10.567347],[-86.987004,10.560565],[-86.981002,10.553783],[-86.975,10.547]]}},{"type":"Feature","properties":{"PLATEBOUND":"CA/CO","STEPCLASS":"SUB","BOUNDCONT":"TRUE","OROGEN":"FALSE"},"geometry":{"type":"LineString","coordinates":[[-86.975,10.547],[-86.968454,10.540763],[-86.961907,10.534527],[-86.955362,10.52829],[-86.948816,10.522053],[-86.942271,10.515815],[-86.935726,10.509578],[-86.929181,10.503341],[-86.922636,10.497103],[-86.916092,10.490865],[-86.909548,10.484627],[-86.903004,10.478389],[-86.896461,10.472151],[-86.889917,10.465913],[-86.883374,10.459674],[-86.876832,10.453436],[-86.870289,10.447197],[-86.863747,10.440958],[-86.857205,10.434719],[-86.850663,10.42848],[-86.844122,10.422241],[-86.837581,10.416001],[-86.83104,10.409762],[-86.824499,10.403522],[-86.817959,10.397282],[-86.811419,10.391042],[-86.804879,10.384802],[-86.798339,10.378562],[-86.7918,10.372322],[-86.785261,10.366081],[-86.778722,10.359841],[-86.772184,10.3536],[-86.765645,10.347359],[-86.759107,10.341118],[-86.75257,10.334877],[-86.746032,10.328636],[-86.739495,10.322394],[-86.732958,10.316153],[-86.726421,10.309911],[-86.719884,10.303669],[-86.713348,10.297427],[-86.706812,10.291185],[-86.700277,10.284943],[-86.693741,10.2787],[-86.687206,10.272458],[-86.680671,10.266215],[-86.674136,10.259972],[-86.667602,10.25373],[-86.661068,10.247486],[-86.654534,10.241243],[-86.648,10.235]]}},{"type":"Feature","properties":{"PLATEBOUND":"CA-SA","STEPCLASS":"CTF","BOUNDCONT":"FALSE","OROGEN":"FALSE"},"geometry":{"type":"LineString","coordinates":[[-63.878,10.532],[-63.868915,10.531685],[-63.85983,10.53137],[-63.850745,10.531055],[-63.841659,10.530739],[-63.832574,10.530423],[-63.823489,10.530107],[-63.814404,10.529791],[-63.805319,10.529474],[-63.796234,10.529157],[-63.787149,10.52884],[-63.778064,10.528523],[-63.768979,10.528205],[-63.759894,10.527887],[-63.750809,10.527569],[-63.741724,10.52725],[-63.73264,10.526931],[-63.723555,10.526612],[-63.71447,10.526293],[-63.705385,10.525974],[-63.6963,10.525654],[-63.687215,10.525334],[-63.678131,10.525014],[-63.669046,10.524693],[-63.659961,10.524372],[-63.650876,10.524051],[-63.641792,10.52373],[-63.632707,10.523408],[-63.623622,10.523086],[-63.614538,10.522764],[-63.605453,10.522442],[-63.596369,10.522119],[-63.587284,10.521796],[-63.578199,10.521473],[-63.569115,10.52115],[-63.56003,10.520826],[-63.550946,10.520502],[-63.541861,10.520178],[-63.532777,10.519853],[-63.523692,10.519529],[-63.514608,10.519204],[-63.505524,10.518878],[-63.496439,10.518553],[-63.487355,10.518227],[-63.47827,10.517901],[-63.469186,10.517575],[-63.460102,10.517248],[-63.451017,10.516921],[-63.441933,10.516594],[-63.432849,10.516267],[-63.423765,10.515939],[-63.41468,10.515612],[-63.405596,10.515283],[-63.396512,10.514955],[-63.387428,10.514626],[-63.378344,10.514298],[-63.36926,10.513968],[-63.360175,10.513639],[-63.351091,10.513309],[-63.342007,10.512979],[-63.332923,10.512649],[-63.323839,10.512319],[-63.314755,10.511988],[-63.305671,10.511657],[-63.296587,10.511326],[-63.287503,10.510994],[-63.278419,10.510663],[-63.269335,10.510331],[-63.260252,10.509998],[-63.251168,10.509666],[-63.242084,10.509333],[-63.233,10.509]]}},{"type":"Feature","properties":{"PLATEBOUND":"CA-SA","STEPCLASS":"CTF","BOUNDCONT":"TRUE","OROGEN":"FALSE"},"geometry":{"type":"LineString","coordinates":[[-63.233,10.509],[-63.223892,10.508593],[-63.214783,10.508186],[-63.205675,10.507778],[-63.196566,10.50737],[-63.187458,10.506962],[-63.17835,10.506554],[-63.169241,10.506145],[-63.160133,10.505736],[-63.151025,10.505327],[-63.141916,10.504918],[-63.132808,10.504508],[-63.1237,10.504098],[-63.114592,10.503688],[-63.105484,10.503278],[-63.096376,10.502867],[-63.087267,10.502456],[-63.078159,10.502045],[-63.069051,10.501634],[-63.059943,10.501222],[-63.050835,10.50081],[-63.041727,10.500398],[-63.032619,10.499985],[-63.023511,10.499572],[-63.014403,10.499159],[-63.005296,10.498746],[-62.996188,10.498332],[-62.98708,10.497919],[-62.977972,10.497504],[-62.968864,10.49709],[-62.959756,10.496675],[-62.950649,10.496261],[-62.941541,10.495846],[-62.932433,10.49543],[-62.923326,10.495014],[-62.914218,10.494599],[-62.90511,10.494182],[-62.896003,10.493766],[-62.886895,10.493349],[-62.877788,10.492932],[-62.86868,10.492515],[-62.859573,10.492098],[-62.850465,10.49168],[-62.841358,10.491262],[-62.83225,10.490844],[-62.823143,10.490425],[-62.814036,10.490006],[-62.804928,10.489587],[-62.795821,10.489168],[-62.786714,10.488748],[-62.777606,10.488329],[-62.768499,10.487909],[-62.759392,10.487488],[-62.750285,10.487068],[-62.741177,10.486647],[-62.73207,10.486226],[-62.722963,10.485804],[-62.713856,10.485383],[-62.704749,10.484961],[-62.695642,10.484538],[-62.686535,10.484116],[-62.677428,10.483693],[-62.668321,10.48327],[-62.659214,10.482847],[-62.650107,10.482424],[-62.641,10.482]]}},{"type":"Feature","properties":{"PLATEBOUND":"CA-SA","STEPCLASS":"CTF","BOUNDCONT":"TRUE","OROGEN":"FALSE"},"geometry":{"type":"LineString","coordinates":[[-62.641,10.482],[-62.631886,10.481554],[-62.622772,10.481108],[-62.613658,10.480661],[-62.604545,10.480214],[-62.595431,10.479767],[-62.586317,10.47932],[-62.577203,10.478872],[-62.56809,10.478424],[-62.558976,10.477976],[-62.549862,10.477528],[-62.540749,10.477079],[-62.531635,10.47663],[-62.522521,10.476181],[-62.513408,10.475732],[-62.504294,10.475282],[-62.495181,10.474832],[-62.486067,10.474382],[-62.476954,10.473931],[-62.467841,10.47348],[-62.458727,10.473029],[-62.449614,10.472578],[-62.4405,10.472127],[-62.431387,10.471675],[-62.422274,10.471223],[-62.413161,10.470771],[-62.404047,10.470318],[-62.394934,10.469865],[-62.385821,10.469412],[-62.376708,10.468959],[-62.367595,10.468505],[-62.358482,10.468051],[-62.349368,10.467597],[-62.340255,10.467143],[-62.331142,10.466688],[-62.322029,10.466233],[-62.312916,10.465778],[-62.303803,10.465322],[-62.294691,10.464867],[-62.285578,10.464411],[-62.276465,10.463955],[-62.267352,10.463498],[-62.258239,10.463041],[-62.249126,10.462584],[-62.240014,10.462127],[-62.230901,10.46167],[-62.221788,10.461212],[-62.212676,10.460754],[-62.203563,10.460295],[-62.19445,10.459837],[-62.185338,10.459378],[-62.176225,10.458919],[-62.167113,10.45846],[-62.158,10.458]]}},{"type":"Feature","properties":{"PLATEBOUND":"CA-SA","STEPCLASS":"CTF","BOUNDCONT":"TRUE","OROGEN":"FALSE"},"geometry":{"type":"LineString","coordinates":[[-62.158,10.458],[-62.14894,10.457553],[-62.139881,10.457105],[-62.130821,10.456657],[-62.121761,10.456209],[-62.112702,10.455761],[-62.103642,10.455313],[-62.094583,10.454864],[-62.085523,10.454415],[-62.076464,10.453965],[-62.067404,10.453516],[-62.058345,10.453066],[-62.049285,10.452616],[-62.040226,10.452165],[-62.031167,10.451715],[-62.022107,10.451264],[-62.013048,10.450813],[-62.003989,10.450361],[-61.994929,10.44991],[-61.98587,10.449458],[-61.976811,10.449006],[-61.967752,10.448553],[-61.958693,10.448101],[-61.949633,10.447648],[-61.940574,10.447195],[-61.931515,10.446741],[-61.922456,10.446287],[-61.913397,10.445833],[-61.904338,10.445379],[-61.895279,10.444925],[-61.88622,10.44447],[-61.877161,10.444015],[-61.868102,10.44356],[-61.859044,10.443104],[-61.849985,10.442649],[-61.840926,10.442193],[-61.831867,10.441736],[-61.822808,10.44128],[-61.81375,10.440823],[-61.804691,10.440366],[-61.795632,10.439909],[-61.786574,10.439451],[-61.777515,10.438993],[-61.768456,10.438535],[-61.759398,10.438077],[-61.750339,10.437618],[-61.741281,10.437159],[-61.732222,10.4367],[-61.723164,10.436241],[-61.714105,10.435781],[-61.705047,10.435321],[-61.695989,10.434861],[-61.68693,10.434401],[-61.677872,10.43394],[-61.668814,10.433479],[-61.659755,10.433018],[-61.650697,10.432557],[-61.641639,10.432095],[-61.632581,10.431633],[-61.623522,10.431171],[-61.614464,10.430709],[-61.605406,10.430246],[-61.596348,10.429783],[-61.58729,10.42932],[-61.578232,10.428856],[-61.569174,10.428393],[-61.560116,10.427929],[-61.551058,10.427464],[-61.542,10.427]]}},{"type":"Feature","properties":{"PLATEBOUND":"CA-SA","STEPCLASS":"CTF","BOUNDCONT":"TRUE","OROGEN":"FALSE"},"geometry":{"type":"LineString","coordinates":[[-61.542,10.427],[-61.532955,10.426538],[-61.52391,10.426076],[-61.514865,10.425613],[-61.50582,10.42515],[-61.496775,10.424687],[-61.48773,10.424224],[-61.478685,10.42376],[-61.469641,10.423297],[-61.460596,10.422833],[-61.451551,10.422368],[-61.442506,10.421904],[-61.433462,10.421439],[-61.424417,10.420974],[-61.415372,10.420508],[-61.406327,10.420043],[-61.397283,10.419577],[-61.388238,10.419111],[-61.379194,10.418644],[-61.370149,10.418178],[-61.361105,10.417711],[-61.35206,10.417244],[-61.343016,10.416776],[-61.333971,10.416309],[-61.324927,10.415841],[-61.315883,10.415373],[-61.306838,10.414904],[-61.297794,10.414436],[-61.28875,10.413967],[-61.279705,10.413497],[-61.270661,10.413028],[-61.261617,10.412558],[-61.252573,10.412088],[-61.243528,10.411618],[-61.234484,10.411148],[-61.22544,10.410677],[-61.216396,10.410206],[-61.207352,10.409735],[-61.198308,10.409263],[-61.189264,10.408791],[-61.18022,10.408319],[-61.171176,10.407847],[-61.162132,10.407375],[-61.153088,10.406902],[-61.144044,10.406429],[-61.135001,10.405956],[-61.125957,10.405482],[-61.116913,10.405008],[-61.107869,10.404534],[-61.098826,10.40406],[-61.089782,10.403585],[-61.080738,10.403111],[-61.071695,10.402636],[-61.062651,10.40216],[-61.053607,10.401685],[-61.044564,10.401209],[-61.03552,10.400733],[-61.026477,10.400257],[-61.017433,10.39978],[-61.00839,10.399303],[-60.999346,10.398826],[-60.990303,10.398349],[-60.98126,10.397871],[-60.972216,10.397393],[-60.963173,10.396915],[-60.95413,10.396437],[-60.945086,10.395958],[-60.936043,10.395479],[-60.927,10.395]]}},{"type":"Feature","properties":{"PLATEBOUND":"CA-SA","STEPCLASS":"CTF","BOUNDCONT":"TRUE","OROGEN":"FALSE"},"geometry":{"type":"LineString","coordinates":[[-60.927,10.395],[-60.91796,10.394045],[-60.90892,10.39309],[-60.899881,10.392134],[-60.890841,10.391178],[-60.881801,10.390222],[-60.872762,10.389266],[-60.863722,10.388309],[-60.854683,10.387352],[-60.845643,10.386395],[-60.836604,10.385438],[-60.827564,10.38448],[-60.818525,10.383523],[-60.809486,10.382564],[-60.800447,10.381606],[-60.791408,10.380647],[-60.782369,10.379689],[-60.77333,10.378729],[-60.764291,10.37777],[-60.755252,10.37681],[-60.746213,10.375851],[-60.737174,10.37489],[-60.728136,10.37393],[-60.719097,10.372969],[-60.710058,10.372008],[-60.70102,10.371047],[-60.691981,10.370086],[-60.682943,10.369124],[-60.673905,10.368162],[-60.664866,10.3672],[-60.655828,10.366238],[-60.64679,10.365275],[-60.637752,10.364312],[-60.628713,10.363349],[-60.619675,10.362385],[-60.610637,10.361422],[-60.601599,10.360458],[-60.592562,10.359494],[-60.583524,10.358529],[-60.574486,10.357564],[-60.565448,10.356599],[-60.556411,10.355634],[-60.547373,10.354669],[-60.538335,10.353703],[-60.529298,10.352737],[-60.520261,10.351771],[-60.511223,10.350804],[-60.502186,10.349838],[-60.493149,10.348871],[-60.484111,10.347903],[-60.475074,10.346936],[-60.466037,10.345968],[-60.457,10.345]]}},{"type":"Feature","properties":{"PLATEBOUND":"CA-SA","STEPCLASS":"CTF","BOUNDCONT":"TRUE","OROGEN":"FALSE"},"geometry":{"type":"LineString","coordinates":[[-60.457,10.345],[-60.447979,10.344045],[-60.438959,10.34309],[-60.429938,10.342134],[-60.420918,10.341178],[-60.411897,10.340222],[-60.402877,10.339266],[-60.393857,10.338309],[-60.384837,10.337352],[-60.375816,10.336395],[-60.366796,10.335438],[-60.357776,10.33448],[-60.348756,10.333522],[-60.339736,10.332564],[-60.330716,10.331605],[-60.321696,10.330647],[-60.312677,10.329688],[-60.303657,10.328729],[-60.294637,10.327769],[-60.285617,10.32681],[-60.276598,10.32585],[-60.267578,10.32489],[-60.258559,10.323929],[-60.249539,10.322969],[-60.24052,10.322008],[-60.231501,10.321047],[-60.222481,10.320085],[-60.213462,10.319123],[-60.204443,10.318162],[-60.195424,10.317199],[-60.186405,10.316237],[-60.177386,10.315274],[-60.168367,10.314311],[-60.159348,10.313348],[-60.150329,10.312385],[-60.141311,10.311421],[-60.132292,10.310457],[-60.123273,10.309493],[-60.114255,10.308529],[-60.105236,10.307564],[-60.096218,10.306599],[-60.087199,10.305634],[-60.078181,10.304668],[-60.069162,10.303703],[-60.060144,10.302737],[-60.051126,10.30177],[-60.042108,10.300804],[-60.03309,10.299837],[-60.024072,10.29887],[-60.015054,10.297903],[-60.006036,10.296936],[-59.997018,10.295968],[-59.988,10.295]]}},{"type":"Feature","properties":{"PLATEBOUND":"CA-SA","STEPCLASS":"CTF","BOUNDCONT":"TRUE","OROGEN":"FALSE"},"geometry":{"type":"LineString","coordinates":[[-59.988,10.295],[-59.978967,10.294231],[-59.969933,10.293461],[-59.9609,10.292691],[-59.951867,10.291921],[-59.942834,10.291151],[-59.933801,10.29038],[-59.924768,10.28961],[-59.915734,10.288838],[-59.906701,10.288067],[-59.897669,10.287296],[-59.888636,10.286524],[-59.879603,10.285752],[-59.87057,10.284979],[-59.861537,10.284207],[-59.852504,10.283434],[-59.843472,10.282661],[-59.834439,10.281888],[-59.825406,10.281114],[-59.816374,10.28034],[-59.807341,10.279566],[-59.798309,10.278792],[-59.789277,10.278017],[-59.780244,10.277242],[-59.771212,10.276467],[-59.76218,10.275692],[-59.753147,10.274916],[-59.744115,10.27414],[-59.735083,10.273364],[-59.726051,10.272588],[-59.717019,10.271811],[-59.707987,10.271034],[-59.698955,10.270257],[-59.689923,10.26948],[-59.680891,10.268702],[-59.671859,10.267924],[-59.662827,10.267146],[-59.653795,10.266368],[-59.644764,10.265589],[-59.635732,10.26481],[-59.6267,10.264031],[-59.617669,10.263252],[-59.608637,10.262472],[-59.599606,10.261692],[-59.590574,10.260912],[-59.581543,10.260132],[-59.572512,10.259351],[-59.56348,10.25857],[-59.554449,10.257789],[-59.545418,10.257008],[-59.536387,10.256226],[-59.527355,10.255444],[-59.518324,10.254662],[-59.509293,10.25388],[-59.500262,10.253097],[-59.491231,10.252314],[-59.4822,10.251531],[-59.473169,10.250748],[-59.464139,10.249964],[-59.455108,10.24918],[-59.446077,10.248396],[-59.437046,10.247612],[-59.428016,10.246827],[-59.418985,10.246042],[-59.409955,10.245257],[-59.400924,10.244472],[-59.391894,10.243686],[-59.382863,10.2429],[-59.373833,10.242114],[-59.364802,10.241328],[-59.355772,10.240541],[-59.346742,10.239754],[-59.337712,10.238967],[-59.328682,10.238179],[-59.319651,10.237392],[-59.310621,10.236604],[-59.301591,10.235816],[-59.292561,10.235027],[-59.283531,10.234239],[-59.274501,10.23345],[-59.265472,10.232661],[-59.256442,10.231871],[-59.247412,10.231082],[-59.238382,10.230292],[-59.229353,10.229501],[-59.220323,10.228711],[-59.211293,10.22792],[-59.202264,10.227129],[-59.193234,10.226338],[-59.184205,10.225547],[-59.175176,10.224755],[-59.166146,10.223963],[-59.157117,10.223171],[-59.148088,10.222379],[-59.139058,10.221586],[-59.130029,10.220793],[-59.121,10.22]]}},{"type":"Feature","properties":{"PLATEBOUND":"CA-SA","STEPCLASS":"CTF","BOUNDCONT":"TRUE","OROGEN":"FALSE"},"geometry":{"type":"LineString","coordinates":[[-59.121,10.22],[-59.111905,10.219441],[-59.10281,10.218881],[-59.093715,10.218321],[-59.08462,10.217761],[-59.075524,10.2172],[-59.066429,10.21664],[-59.057334,10.216079],[-59.04824,10.215517],[-59.039145,10.214956],[-59.03005,10.214394],[-59.020955,10.213832],[-59.01186,10.21327],[-59.002765,10.212707],[-58.99367,10.212145],[-58.984576,10.211582],[-58.975481,10.211018],[-58.966386,10.210455],[-58.957292,10.209891],[-58.948197,10.209327],[-58.939103,10.208763],[-58.930008,10.208198],[-58.920914,10.207634],[-58.911819,10.207069],[-58.902725,10.206503],[-58.89363,10.205938],[-58.884536,10.205372],[-58.875442,10.204806],[-58.866347,10.20424],[-58.857253,10.203673],[-58.848159,10.203106],[-58.839065,10.202539],[-58.82997,10.201972],[-58.820876,10.201404],[-58.811782,10.200837],[-58.802688,10.200268],[-58.793594,10.1997],[-58.7845,10.199132],[-58.775406,10.198563],[-58.766312,10.197994],[-58.757218,10.197424],[-58.748124,10.196855],[-58.73903,10.196285],[-58.729936,10.195715],[-58.720843,10.195144],[-58.711749,10.194574],[-58.702655,10.194003],[-58.693561,10.193432],[-58.684468,10.192861],[-58.675374,10.192289],[-58.666281,10.191717],[-58.657187,10.191145],[-58.648094,10.190573],[-58.639,10.19]]}},{"type":"Feature","properties":{"PLATEBOUND":"CA-SA","STEPCLASS":"OTF","BOUNDCONT":"TRUE","OROGEN":"FALSE"},"geometry":{"type":"LineString","coordinates":[[-58.639,10.19],[-58.629905,10.189441],[-58.62081,10.188881],[-58.611715,10.188321],[-58.60262,10.187761],[-58.593524,10.1872],[-58.584429,10.186639],[-58.575334,10.186078],[-58.56624,10.185517],[-58.557145,10.184956],[-58.54805,10.184394],[-58.538955,10.183832],[-58.52986,10.18327],[-58.520765,10.182707],[-58.511671,10.182144],[-58.502576,10.181581],[-58.493481,10.181018],[-58.484386,10.180455],[-58.475292,10.179891],[-58.466197,10.179327],[-58.457103,10.178763],[-58.448008,10.178198],[-58.438914,10.177633],[-58.429819,10.177068],[-58.420725,10.176503],[-58.41163,10.175937],[-58.402536,10.175372],[-58.393442,10.174806],[-58.384347,10.174239],[-58.375253,10.173673],[-58.366159,10.173106],[-58.357065,10.172539],[-58.34797,10.171972],[-58.338876,10.171404],[-58.329782,10.170836],[-58.320688,10.170268],[-58.311594,10.1697],[-58.3025,10.169131],[-58.293406,10.168563],[-58.284312,10.167993],[-58.275218,10.167424],[-58.266124,10.166855],[-58.25703,10.166285],[-58.247936,10.165715],[-58.238843,10.165144],[-58.229749,10.164574],[-58.220655,10.164003],[-58.211562,10.163432],[-58.202468,10.16286],[-58.193374,10.162289],[-58.184281,10.161717],[-58.175187,10.161145],[-58.166094,10.160573],[-58.157,10.16]]}},{"type":"Feature","properties":{"PLATEBOUND":"CA/SA","STEPCLASS":"SUB","BOUNDCONT":"FALSE","OROGEN":"FALSE"},"geometry":{"type":"LineString","coordinates":[[-58.157,10.16],[-58.1512,10.166974],[-58.145399,10.173948],[-58.139598,10.180922],[-58.133797,10.187896],[-58.127996,10.19487],[-58.122195,10.201844],[-58.116393,10.208817],[-58.110591,10.215791],[-58.104789,10.222764],[-58.098986,10.229737],[-58.093183,10.23671],[-58.08738,10.243683],[-58.081577,10.250656],[-58.075773,10.257629],[-58.06997,10.264602],[-58.064166,10.271574],[-58.058361,10.278547],[-58.052557,10.285519],[-58.046752,10.292491],[-58.040947,10.299464],[-58.035141,10.306436],[-58.029336,10.313408],[-58.02353,10.320379],[-58.017724,10.327351],[-58.011918,10.334323],[-58.006111,10.341294],[-58.000304,10.348266],[-57.994497,10.355237],[-57.98869,10.362208],[-57.982882,10.369179],[-57.977074,10.37615],[-57.971266,10.383121],[-57.965458,10.390092],[-57.959649,10.397063],[-57.95384,10.404033],[-57.948031,10.411004],[-57.942221,10.417974],[-57.936412,10.424944],[-57.930602,10.431914],[-57.924792,10.438884],[-57.918981,10.445854],[-57.91317,10.452824],[-57.907359,10.459794],[-57.901548,10.466763],[-57.895737,10.473733],[-57.889925,10.480702],[-57.884113,10.487671],[-57.878301,10.49464],[-57.872488,10.501609],[-57.866675,10.508578],[-57.860862,10.515547],[-57.855049,10.522516],[-57.849235,10.529484],[-57.843421,10.536453],[-57.837607,10.543421],[-57.831793,10.55039],[-57.825978,10.557358],[-57.820163,10.564326],[-57.814348,10.571294],[-57.808533,10.578261],[-57.802717,10.585229],[-57.796901,10.592197],[-57.791085,10.599164],[-57.785269,10.606132],[-57.779452,10.613099],[-57.773635,10.620066],[-57.767818,10.627033],[-57.762,10.634]]}},{"type":"Feature","properties":{"PLATEBOUND":"CA/SA","STEPCLASS":"SUB","BOUNDCONT":"TRUE","OROGEN":"FALSE"},"geometry":{"type":"LineString","coordinates":[[-57.762,10.634],[-57.758313,10.642227],[-57.754625,10.650455],[-57.750937,10.658682],[-57.747249,10.666909],[-57.743561,10.675136],[-57.739873,10.683363],[-57.736184,10.69159],[-57.732495,10.699817],[-57.728806,10.708044],[-57.725117,10.716271],[-57.721428,10.724498],[-57.717738,10.732724],[-57.714048,10.740951],[-57.710358,10.749178],[-57.706668,10.757404],[-57.702978,10.765631],[-57.699287,10.773857],[-57.695596,10.782084],[-57.691905,10.79031],[-57.688214,10.798537],[-57.684523,10.806763],[-57.680831,10.814989],[-57.677139,10.823215],[-57.673447,10.831442],[-57.669755,10.839668],[-57.666062,10.847894],[-57.66237,10.85612],[-57.658677,10.864346],[-57.654984,10.872572],[-57.651291,10.880798],[-57.647597,10.889023],[-57.643904,10.897249],[-57.64021,10.905475],[-57.636516,10.913701],[-57.632822,10.921926],[-57.629127,10.930152],[-57.625433,10.938377],[-57.621738,10.946603],[-57.618043,10.954828],[-57.614347,10.963054],[-57.610652,10.971279],[-57.606956,10.979504],[-57.60326,10.98773],[-57.599564,10.995955],[-57.595868,11.00418],[-57.592172,11.012405],[-57.588475,11.02063],[-57.584778,11.028855],[-57.581081,11.03708],[-57.577384,11.045305],[-57.573686,11.05353],[-57.569988,11.061755],[-57.566291,11.069979],[-57.562592,11.078204],[-57.558894,11.086429],[-57.555196,11.094653],[-57.551497,11.102878],[-57.547798,11.111102],[-57.544099,11.119327],[-57.540399,11.127551],[-57.5367,11.135776],[-57.533,11.144]]}},{"type":"Feature","properties":{"PLATEBOUND":"CA/SA","STEPCLASS":"SUB","BOUNDCONT":"TRUE","OROGEN":"FALSE"},"geometry":{"type":"LineString","coordinates":[[-57.533,11.144],[-57.531156,11.152763],[-57.529311,11.161526],[-57.527467,11.17029],[-57.525623,11.179053],[-57.523778,11.187816],[-57.521933,11.196579],[-57.520088,11.205342],[-57.518243,11.214105],[-57.516398,11.222868],[-57.514553,11.231631],[-57.512708,11.240394],[-57.510862,11.249157],[-57.509017,11.25792],[-57.507171,11.266683],[-57.505325,11.275446],[-57.503479,11.284209],[-57.501634,11.292972],[-57.499787,11.301735],[-57.497941,11.310498],[-57.496095,11.319261],[-57.494248,11.328024],[-57.492402,11.336786],[-57.490555,11.345549],[-57.488709,11.354312],[-57.486862,11.363075],[-57.485015,11.371838],[-57.483168,11.3806],[-57.48132,11.389363],[-57.479473,11.398126],[-57.477626,11.406889],[-57.475778,11.415651],[-57.47393,11.424414],[-57.472083,11.433177],[-57.470235,11.441939],[-57.468387,11.450702],[-57.466538,11.459465],[-57.46469,11.468227],[-57.462842,11.47699],[-57.460993,11.485752],[-57.459145,11.494515],[-57.457296,11.503277],[-57.455447,11.51204],[-57.453598,11.520802],[-57.451749,11.529565],[-57.4499,11.538327],[-57.448051,11.54709],[-57.446202,11.555852],[-57.444352,11.564615],[-57.442502,11.573377],[-57.440653,11.582139],[-57.438803,11.590902],[-57.436953,11.599664],[-57.435103,11.608426],[-57.433253,11.617189],[-57.431402,11.625951],[-57.429552,11.634713],[-57.427701,11.643476],[-57.425851,11.652238],[-57.424,11.661]]}},{"type":"Feature","properties":{"PLATEBOUND":"CA/SA","STEPCLASS":"SUB","BOUNDCONT":"TRUE","OROGEN":"FALSE"},"geometry":{"type":"LineString","coordinates":[[-57.424,11.661],[-57.424516,11.670012],[-57.425032,11.679024],[-57.425549,11.688036],[-57.426065,11.697048],[-57.426581,11.70606],[-57.427098,11.715072],[-57.427614,11.724084],[-57.428131,11.733096],[-57.428647,11.742108],[-57.429164,11.75112],[-57.42968,11.760132],[-57.430197,11.769144],[-57.430713,11.778156],[-57.43123,11.787168],[-57.431747,11.79618],[-57.432263,11.805192],[-57.43278,11.814204],[-57.433297,11.823216],[-57.433814,11.832228],[-57.434331,11.84124],[-57.434848,11.850252],[-57.435364,11.859263],[-57.435881,11.868275],[-57.436398,11.877287],[-57.436915,11.886299],[-57.437432,11.895311],[-57.43795,11.904323],[-57.438467,11.913335],[-57.438984,11.922347],[-57.439501,11.931359],[-57.440018,11.94037],[-57.440536,11.949382],[-57.441053,11.958394],[-57.44157,11.967406],[-57.442088,11.976418],[-57.442605,11.985429],[-57.443122,11.994441],[-57.44364,12.003453],[-57.444157,12.012465],[-57.444675,12.021477],[-57.445192,12.030488],[-57.44571,12.0395],[-57.446228,12.048512],[-57.446745,12.057524],[-57.447263,12.066536],[-57.447781,12.075547],[-57.448299,12.084559],[-57.448816,12.093571],[-57.449334,12.102582],[-57.449852,12.111594],[-57.45037,12.120606],[-57.450888,12.129618],[-57.451406,12.138629],[-57.451924,12.147641],[-57.452442,12.156653],[-57.45296,12.165664],[-57.453478,12.174676],[-57.453996,12.183688],[-57.454515,12.192699],[-57.455033,12.201711],[-57.455551,12.210723],[-57.456069,12.219734],[-57.456588,12.228746],[-57.457106,12.237758],[-57.457624,12.246769],[-57.458143,12.255781],[-57.458661,12.264792],[-57.45918,12.273804],[-57.459698,12.282816],[-57.460217,12.291827],[-57.460736,12.300839],[-57.461254,12.30985],[-57.461773,12.318862],[-57.462292,12.327873],[-57.46281,12.336885],[-57.463329,12.345896],[-57.463848,12.354908],[-57.464367,12.36392],[-57.464886,12.372931],[-57.465405,12.381943],[-57.465924,12.390954],[-57.466443,12.399966],[-57.466962,12.408977],[-57.467481,12.417989],[-57.468,12.427]]}},{"type":"Feature","properties":{"PLATEBOUND":"CA/SA","STEPCLASS":"SUB","BOUNDCONT":"TRUE","OROGEN":"FALSE"},"geometry":{"type":"LineString","coordinates":[[-57.468,12.427],[-57.469312,12.435882],[-57.470625,12.444764],[-57.471937,12.453646],[-57.47325,12.462528],[-57.474563,12.47141],[-57.475876,12.480292],[-57.477189,12.489174],[-57.478502,12.498056],[-57.479815,12.506938],[-57.481128,12.51582],[-57.482441,12.524702],[-57.483754,12.533584],[-57.485068,12.542466],[-57.486381,12.551348],[-57.487695,12.560229],[-57.489009,12.569111],[-57.490323,12.577993],[-57.491637,12.586875],[-57.492951,12.595757],[-57.494265,12.604639],[-57.495579,12.61352],[-57.496893,12.622402],[-57.498207,12.631284],[-57.499522,12.640166],[-57.500836,12.649047],[-57.502151,12.657929],[-57.503466,12.666811],[-57.504781,12.675693],[-57.506095,12.684574],[-57.50741,12.693456],[-57.508726,12.702338],[-57.510041,12.711219],[-57.511356,12.720101],[-57.512671,12.728983],[-57.513987,12.737864],[-57.515302,12.746746],[-57.516618,12.755627],[-57.517934,12.764509],[-57.51925,12.773391],[-57.520565,12.782272],[-57.521881,12.791154],[-57.523198,12.800035],[-57.524514,12.808917],[-57.52583,12.817798],[-57.527146,12.82668],[-57.528463,12.835561],[-57.529779,12.844443],[-57.531096,12.853324],[-57.532413,12.862206],[-57.53373,12.871087],[-57.535047,12.879969],[-57.536364,12.88885],[-57.537681,12.897731],[-57.538998,12.906613],[-57.540315,12.915494],[-57.541633,12.924375],[-57.54295,12.933257],[-57.544268,12.942138],[-57.545585,12.951019],[-57.546903,12.959901],[-57.548221,12.968782],[-57.549539,12.977663],[-57.550857,12.986545],[-57.552175,12.995426],[-57.553493,13.004307],[-57.554812,13.013188],[-57.55613,13.02207],[-57.557449,13.030951],[-57.558767,13.039832],[-57.560086,13.048713],[-57.561405,13.057594],[-57.562724,13.066476],[-57.564042,13.075357],[-57.565362,13.084238],[-57.566681,13.093119],[-57.568,13.102]]}},{"type":"Feature","properties":{"PLATEBOUND":"CA/SA","STEPCLASS":"SUB","BOUNDCONT":"TRUE","OROGEN":"FALSE"},"geometry":{"type":"LineString","coordinates":[[-57.568,13.102],[-57.569639,13.110874],[-57.571277,13.119749],[-57.572916,13.128623],[-57.574555,13.137497],[-57.576194,13.146371],[-57.577833,13.155245],[-57.579472,13.16412],[-57.581111,13.172994],[-57.582751,13.181868],[-57.58439,13.190742],[-57.58603,13.199616],[-57.58767,13.20849],[-57.58931,13.217364],[-57.59095,13.226239],[-57.59259,13.235113],[-57.59423,13.243987],[-57.595871,13.252861],[-57.597511,13.261735],[-57.599152,13.270609],[-57.600793,13.279483],[-57.602434,13.288357],[-57.604075,13.297231],[-57.605716,13.306104],[-57.607357,13.314978],[-57.608998,13.323852],[-57.61064,13.332726],[-57.612281,13.3416],[-57.613923,13.350474],[-57.615565,13.359348],[-57.617207,13.368221],[-57.618849,13.377095],[-57.620491,13.385969],[-57.622134,13.394843],[-57.623776,13.403716],[-57.625419,13.41259],[-57.627061,13.421464],[-57.628704,13.430338],[-57.630347,13.439211],[-57.63199,13.448085],[-57.633633,13.456959],[-57.635276,13.465832],[-57.63692,13.474706],[-57.638563,13.483579],[-57.640207,13.492453],[-57.641851,13.501326],[-57.643495,13.5102],[-57.645139,13.519073],[-57.646783,13.527947],[-57.648427,13.53682],[-57.650071,13.545694],[-57.651716,13.554567],[-57.653361,13.563441],[-57.655005,13.572314],[-57.65665,13.581188],[-57.658295,13.590061],[-57.65994,13.598934],[-57.661586,13.607808],[-57.663231,13.616681],[-57.664876,13.625554],[-57.666522,13.634428],[-57.668168,13.643301],[-57.669814,13.652174],[-57.67146,13.661047],[-57.673106,13.669921],[-57.674752,13.678794],[-57.676398,13.687667],[-57.678045,13.69654],[-57.679691,13.705413],[-57.681338,13.714286],[-57.682985,13.72316],[-57.684632,13.732033],[-57.686279,13.740906],[-57.687926,13.749779],[-57.689573,13.758652],[-57.691221,13.767525],[-57.692868,13.776398],[-57.694516,13.785271],[-57.696164,13.794144],[-57.697812,13.803017],[-57.69946,13.81189],[-57.701108,13.820763],[-57.702756,13.829636],[-57.704405,13.838509],[-57.706054,13.847381],[-57.707702,13.856254],[-57.709351,13.865127],[-57.711,13.874]]}},{"type":"Feature","properties":{"PLATEBOUND":"CA/SA","STEPCLASS":"SUB","BOUNDCONT":"TRUE","OROGEN":"FALSE"},"geometry":{"type":"LineString","coordinates":[[-57.711,13.874],[-57.71214,13.882929],[-57.71328,13.891858],[-57.71442,13.900787],[-57.71556,13.909716],[-57.7167,13.918645],[-57.71784,13.927574],[-57.71898,13.936503],[-57.720121,13.945432],[-57.721261,13.95436],[-57.722402,13.963289],[-57.723543,13.972218],[-57.724683,13.981147],[-57.725824,13.990076],[-57.726965,13.999005],[-57.728106,14.007934],[-57.729247,14.016862],[-57.730388,14.025791],[-57.73153,14.03472],[-57.732671,14.043649],[-57.733813,14.052577],[-57.734954,14.061506],[-57.736096,14.070435],[-57.737237,14.079364],[-57.738379,14.088292],[-57.739521,14.097221],[-57.740663,14.10615],[-57.741805,14.115078],[-57.742947,14.124007],[-57.74409,14.132936],[-57.745232,14.141864],[-57.746375,14.150793],[-57.747517,14.159722],[-57.74866,14.16865],[-57.749802,14.177579],[-57.750945,14.186507],[-57.752088,14.195436],[-57.753231,14.204365],[-57.754374,14.213293],[-57.755517,14.222222],[-57.756661,14.23115],[-57.757804,14.240079],[-57.758947,14.249007],[-57.760091,14.257936],[-57.761234,14.266864],[-57.762378,14.275793],[-57.763522,14.284721],[-57.764666,14.293649],[-57.76581,14.302578],[-57.766954,14.311506],[-57.768098,14.320435],[-57.769242,14.329363],[-57.770387,14.338291],[-57.771531,14.34722],[-57.772675,14.356148],[-57.77382,14.365076],[-57.774965,14.374005],[-57.77611,14.382933],[-57.777254,14.391861],[-57.778399,14.40079],[-57.779544,14.409718],[-57.78069,14.418646],[-57.781835,14.427574],[-57.78298,14.436503],[-57.784126,14.445431],[-57.785271,14.454359],[-57.786417,14.463287],[-57.787562,14.472216],[-57.788708,14.481144],[-57.789854,14.490072],[-57.791,14.499]]}},{"type":"Feature","properties":{"PLATEBOUND":"CA/SA","STEPCLASS":"SUB","BOUNDCONT":"TRUE","OROGEN":"FALSE"},"geometry":{"type":"LineString","coordinates":[[-57.791,14.499],[-57.793833,14.507489],[-57.796665,14.515978],[-57.799499,14.524468],[-57.802332,14.532957],[-57.805165,14.541446],[-57.807999,14.549935],[-57.810833,14.558424],[-57.813667,14.566913],[-57.816501,14.575402],[-57.819336,14.58389],[-57.822171,14.592379],[-57.825006,14.600868],[-57.827841,14.609357],[-57.830677,14.617845],[-57.833512,14.626334],[-57.836348,14.634823],[-57.839184,14.643311],[-57.842021,14.6518],[-57.844857,14.660288],[-57.847694,14.668777],[-57.850531,14.677265],[-57.853368,14.685754],[-57.856205,14.694242],[-57.859043,14.70273],[-57.861881,14.711219],[-57.864719,14.719707],[-57.867557,14.728195],[-57.870396,14.736683],[-57.873235,14.745171],[-57.876074,14.753659],[-57.878913,14.762147],[-57.881752,14.770635],[-57.884592,14.779123],[-57.887432,14.787611],[-57.890272,14.796099],[-57.893112,14.804587],[-57.895952,14.813074],[-57.898793,14.821562],[-57.901634,14.83005],[-57.904475,14.838537],[-57.907317,14.847025],[-57.910158,14.855512],[-57.913,14.864]]}},{"type":"Feature","properties":{"PLATEBOUND":"CA/SA","STEPCLASS":"SUB","BOUNDCONT":"TRUE","OROGEN":"FALSE"},"geometry":{"type":"LineString","coordinates":[[-57.913,14.864],[-57.920202,14.869506],[-57.927405,14.875012],[-57.934608,14.880517],[-57.941811,14.886022],[-57.949014,14.891527],[-57.956218,14.897032],[-57.963423,14.902536],[-57.970628,14.908041],[-57.977833,14.913545],[-57.985038,14.919048],[-57.992244,14.924552],[-57.99945,14.930055],[-58.006657,14.935558],[-58.013864,14.941061],[-58.021071,14.946564],[-58.028279,14.952066],[-58.035487,14.957569],[-58.042695,14.963071],[-58.049904,14.968572],[-58.057113,14.974074],[-58.064322,14.979575],[-58.071532,14.985076],[-58.078742,14.990577],[-58.085953,14.996078],[-58.093164,15.001578],[-58.100375,15.007078],[-58.107587,15.012578],[-58.114799,15.018078],[-58.122012,15.023577],[-58.129224,15.029076],[-58.136438,15.034575],[-58.143651,15.040074],[-58.150865,15.045573],[-58.158079,15.051071],[-58.165294,15.056569],[-58.172509,15.062067],[-58.179724,15.067564],[-58.18694,15.073062],[-58.194156,15.078559],[-58.201373,15.084056],[-58.20859,15.089552],[-58.215807,15.095049],[-58.223025,15.100545],[-58.230243,15.106041],[-58.237461,15.111536],[-58.24468,15.117032],[-58.251899,15.122527],[-58.259118,15.128022],[-58.266338,15.133517],[-58.273558,15.139012],[-58.280779,15.144506],[-58.288,15.15]]}},{"type":"Feature","properties":{"PLATEBOUND":"CA/SA","STEPCLASS":"SUB","BOUNDCONT":"TRUE","OROGEN":"TRUE"},"geometry":{"type":"LineString","coordinates":[[-58.288,15.15],[-58.295928,15.154471],[-58.303857,15.158941],[-58.311786,15.163411],[-58.319716,15.167881],[-58.327646,15.172351],[-58.335576,15.17682],[-58.343506,15.181289],[-58.351437,15.185758],[-58.359368,15.190227],[-58.3673,15.194695],[-58.375232,15.199163],[-58.383164,15.20363],[-58.391096,15.208098],[-58.399029,15.212565],[-58.406962,15.217032],[-58.414896,15.221498],[-58.42283,15.225964],[-58.430764,15.23043],[-58.438698,15.234896],[-58.446633,15.239362],[-58.454568,15.243827],[-58.462504,15.248291],[-58.47044,15.252756],[-58.478376,15.25722],[-58.486312,15.261684],[-58.494249,15.266148],[-58.502186,15.270611],[-58.510124,15.275075],[-58.518062,15.279537],[-58.526,15.284]]}},{"type":"Feature","properties":{"PLATEBOUND":"CA/SA","STEPCLASS":"SUB","BOUNDCONT":"TRUE","OROGEN":"TRUE"},"geometry":{"type":"LineString","coordinates":[[-58.526,15.284],[-58.532663,15.290097],[-58.539326,15.296194],[-58.54599,15.302291],[-58.552654,15.308388],[-58.559318,15.314484],[-58.565983,15.320581],[-58.572648,15.326677],[-58.579313,15.332772],[-58.585979,15.338868],[-58.592645,15.344964],[-58.599312,15.351059],[-58.605979,15.357154],[-58.612647,15.363249],[-58.619314,15.369343],[-58.625983,15.375438],[-58.632651,15.381532],[-58.63932,15.387626],[-58.64599,15.39372],[-58.652659,15.399813],[-58.659329,15.405907],[-58.666,15.412]]}},{"type":"Feature","properties":{"PLATEBOUND":"CA/SA","STEPCLASS":"SUB","BOUNDCONT":"TRUE","OROGEN":"TRUE"},"geometry":{"type":"LineString","coordinates":[[-58.666,15.412],[-58.666649,15.42095],[-58.667298,15.4299],[-58.667947,15.438851],[-58.668596,15.447801],[-58.669245,15.456751],[-58.669894,15.465701],[-58.670544,15.474651],[-58.671193,15.483601],[-58.671842,15.492551],[-58.672492,15.501501],[-58.673141,15.510451],[-58.673791,15.519402],[-58.67444,15.528352],[-58.67509,15.537302],[-58.675739,15.546252],[-58.676389,15.555202],[-58.677039,15.564152],[-58.677689,15.573102],[-58.678339,15.582052],[-58.678989,15.591002],[-58.679639,15.599952],[-58.680289,15.608902],[-58.680939,15.617852],[-58.681589,15.626802],[-58.682239,15.635752],[-58.68289,15.644702],[-58.68354,15.653652],[-58.684191,15.662602],[-58.684841,15.671551],[-58.685492,15.680501],[-58.686142,15.689451],[-58.686793,15.698401],[-58.687443,15.707351],[-58.688094,15.716301],[-58.688745,15.725251],[-58.689396,15.734201],[-58.690047,15.743151],[-58.690698,15.7521],[-58.691349,15.76105],[-58.692,15.77]]}},{"type":"Feature","properties":{"PLATEBOUND":"CA/SA","STEPCLASS":"SUB","BOUNDCONT":"TRUE","OROGEN":"TRUE"},"geometry":{"type":"LineString","coordinates":[[-58.692,15.77],[-58.695889,15.777894],[-58.699778,15.785788],[-58.703667,15.793681],[-58.707557,15.801575],[-58.711447,15.809469],[-58.715337,15.817362],[-58.719228,15.825256],[-58.723119,15.833149],[-58.72701,15.841042],[-58.730901,15.848935],[-58.734793,15.856829],[-58.738685,15.864722],[-58.742578,15.872615],[-58.74647,15.880507],[-58.750363,15.8884],[-58.754257,15.896293],[-58.75815,15.904186],[-58.762044,15.912078],[-58.765938,15.919971],[-58.769833,15.927863],[-58.773728,15.935756],[-58.777623,15.943648],[-58.781518,15.95154],[-58.785414,15.959432],[-58.78931,15.967324],[-58.793206,15.975216],[-58.797103,15.983108],[-58.801,15.991]]}},{"type":"Feature","properties":{"PLATEBOUND":"CA/SA","STEPCLASS":"SUB","BOUNDCONT":"TRUE","OROGEN":"TRUE"},"geometry":{"type":"LineString","coordinates":[[-58.801,15.991],[-58.80151,16.000022],[-58.80202,16.009045],[-58.80253,16.018067],[-58.803041,16.02709],[-58.803551,16.036112],[-58.804061,16.045134],[-58.804572,16.054157],[-58.805082,16.063179],[-58.805592,16.072201],[-58.806103,16.081224],[-58.806614,16.090246],[-58.807124,16.099268],[-58.807635,16.108291],[-58.808145,16.117313],[-58.808656,16.126335],[-58.809167,16.135358],[-58.809678,16.14438],[-58.810189,16.153402],[-58.8107,16.162424],[-58.811211,16.171447],[-58.811722,16.180469],[-58.812233,16.189491],[-58.812744,16.198513],[-58.813255,16.207536],[-58.813766,16.216558],[-58.814277,16.22558],[-58.814789,16.234602],[-58.8153,16.243624],[-58.815811,16.252647],[-58.816323,16.261669],[-58.816834,16.270691],[-58.817346,16.279713],[-58.817857,16.288735],[-58.818369,16.297757],[-58.818881,16.306779],[-58.819392,16.315801],[-58.819904,16.324824],[-58.820416,16.333846],[-58.820928,16.342868],[-58.82144,16.35189],[-58.821952,16.360912],[-58.822464,16.369934],[-58.822976,16.378956],[-58.823488,16.387978],[-58.824,16.397]]}},{"type":"Feature","properties":{"PLATEBOUND":"CA/SA","STEPCLASS":"SUB","BOUNDCONT":"TRUE","OROGEN":"TRUE"},"geometry":{"type":"LineString","coordinates":[[-58.824,16.397],[-58.828114,16.40505],[-58.832229,16.413099],[-58.836344,16.421149],[-58.840459,16.429198],[-58.844574,16.437247],[-58.84869,16.445297],[-58.852807,16.453346],[-58.856923,16.461395],[-58.86104,16.469444],[-58.865157,16.477492],[-58.869275,16.485541],[-58.873393,16.49359],[-58.877511,16.501639],[-58.88163,16.509687],[-58.885749,16.517735],[-58.889868,16.525784],[-58.893988,16.533832],[-58.898108,16.54188],[-58.902228,16.549928],[-58.906349,16.557976],[-58.91047,16.566024],[-58.914591,16.574072],[-58.918713,16.58212],[-58.922835,16.590167],[-58.926957,16.598215],[-58.93108,16.606262],[-58.935203,16.61431],[-58.939327,16.622357],[-58.94345,16.630404],[-58.947574,16.638451],[-58.951699,16.646498],[-58.955824,16.654545],[-58.959949,16.662592],[-58.964074,16.670639],[-58.9682,16.678685],[-58.972326,16.686732],[-58.976453,16.694779],[-58.98058,16.702825],[-58.984707,16.710871],[-58.988834,16.718917],[-58.992962,16.726964],[-58.997091,16.73501],[-59.001219,16.743056],[-59.005348,16.751101],[-59.009477,16.759147],[-59.013607,16.767193],[-59.017737,16.775238],[-59.021867,16.783284],[-59.025998,16.791329],[-59.030129,16.799375],[-59.03426,16.80742],[-59.038392,16.815465],[-59.042524,16.82351],[-59.046657,16.831555],[-59.050789,16.8396],[-59.054922,16.847645],[-59.059056,16.85569],[-59.06319,16.863734],[-59.067324,16.871779],[-59.071458,16.879823],[-59.075593,16.887867],[-59.079729,16.895912],[-59.083864,16.903956],[-59.088,16.912]]}},{"type":"Feature","properties":{"PLATEBOUND":"CA/SA","STEPCLASS":"SUB","BOUNDCONT":"TRUE","OROGEN":"TRUE"},"geometry":{"type":"LineString","coordinates":[[-59.088,16.912],[-59.094843,16.918025],[-59.101686,16.924049],[-59.108529,16.930073],[-59.115373,16.936097],[-59.122218,16.94212],[-59.129063,16.948144],[-59.135908,16.954167],[-59.142754,16.96019],[-59.1496,16.966212],[-59.156447,16.972235],[-59.163294,16.978257],[-59.170141,16.984279],[-59.176989,16.9903],[-59.183838,16.996322],[-59.190687,17.002343],[-59.197536,17.008364],[-59.204385,17.014385],[-59.211236,17.020405],[-59.218086,17.026426],[-59.224937,17.032446],[-59.231789,17.038466],[-59.238641,17.044485],[-59.245493,17.050505],[-59.252346,17.056524],[-59.259199,17.062543],[-59.266052,17.068561],[-59.272907,17.07458],[-59.279761,17.080598],[-59.286616,17.086616],[-59.293471,17.092634],[-59.300327,17.098651],[-59.307184,17.104668],[-59.31404,17.110685],[-59.320897,17.116702],[-59.327755,17.122719],[-59.334613,17.128735],[-59.341472,17.134751],[-59.348331,17.140767],[-59.35519,17.146783],[-59.36205,17.152798],[-59.36891,17.158813],[-59.375771,17.164828],[-59.382632,17.170843],[-59.389493,17.176857],[-59.396355,17.182871],[-59.403218,17.188885],[-59.410081,17.194899],[-59.416944,17.200912],[-59.423808,17.206926],[-59.430672,17.212939],[-59.437537,17.218951],[-59.444402,17.224964],[-59.451268,17.230976],[-59.458134,17.236988],[-59.465,17.243]]}},{"type":"Feature","properties":{"PLATEBOUND":"CA/SA","STEPCLASS":"SUB","BOUNDCONT":"TRUE","OROGEN":"TRUE"},"geometry":{"type":"LineString","coordinates":[[-59.465,17.243],[-59.47193,17.248986],[-59.47886,17.254973],[-59.485791,17.260959],[-59.492722,17.266945],[-59.499654,17.27293],[-59.506586,17.278915],[-59.513519,17.2849],[-59.520452,17.290885],[-59.527385,17.29687],[-59.534319,17.302854],[-59.541254,17.308838],[-59.548189,17.314822],[-59.555124,17.320805],[-59.56206,17.326789],[-59.568996,17.332772],[-59.575933,17.338755],[-59.58287,17.344737],[-59.589807,17.35072],[-59.596745,17.356702],[-59.603684,17.362684],[-59.610623,17.368665],[-59.617562,17.374647],[-59.624502,17.380628],[-59.631442,17.386609],[-59.638383,17.392589],[-59.645324,17.39857],[-59.652266,17.40455],[-59.659208,17.41053],[-59.66615,17.41651],[-59.673093,17.422489],[-59.680036,17.428468],[-59.68698,17.434447],[-59.693925,17.440426],[-59.700869,17.446404],[-59.707815,17.452382],[-59.71476,17.45836],[-59.721706,17.464338],[-59.728653,17.470316],[-59.7356,17.476293],[-59.742548,17.48227],[-59.749496,17.488246],[-59.756444,17.494223],[-59.763393,17.500199],[-59.770342,17.506175],[-59.777292,17.512151],[-59.784242,17.518126],[-59.791193,17.524102],[-59.798144,17.530077],[-59.805095,17.536051],[-59.812048,17.542026],[-59.819,17.548]]}},{"type":"Feature","properties":{"PLATEBOUND":"CA/SA","STEPCLASS":"SUB","BOUNDCONT":"TRUE","OROGEN":"TRUE"},"geometry":{"type":"LineString","coordinates":[[-59.819,17.548],[-59.824791,17.554878],[-59.830583,17.561757],[-59.836376,17.568635],[-59.842168,17.575513],[-59.847961,17.58239],[-59.853755,17.589268],[-59.859549,17.596145],[-59.865344,17.603022],[-59.871139,17.609899],[-59.876934,17.616776],[-59.88273,17.623653],[-59.888526,17.630529],[-59.894323,17.637406],[-59.90012,17.644282],[-59.905917,17.651158],[-59.911715,17.658034],[-59.917514,17.664909],[-59.923313,17.671785],[-59.929112,17.67866],[-59.934912,17.685535],[-59.940712,17.69241],[-59.946513,17.699285],[-59.952314,17.706159],[-59.958115,17.713034],[-59.963917,17.719908],[-59.96972,17.726782],[-59.975522,17.733656],[-59.981326,17.74053],[-59.98713,17.747403],[-59.992934,17.754276],[-59.998738,17.76115],[-60.004543,17.768023],[-60.010349,17.774895],[-60.016155,17.781768],[-60.021961,17.78864],[-60.027768,17.795513],[-60.033575,17.802385],[-60.039383,17.809257],[-60.045191,17.816128],[-60.051,17.823]]}},{"type":"Feature","properties":{"PLATEBOUND":"CA/SA","STEPCLASS":"SUB","BOUNDCONT":"TRUE","OROGEN":"TRUE"},"geometry":{"type":"LineString","coordinates":[[-60.051,17.823],[-60.05572,17.83067],[-60.06044,17.838339],[-60.06516,17.846008],[-60.069881,17.853677],[-60.074602,17.861346],[-60.079324,17.869015],[-60.084046,17.876684],[-60.088768,17.884353],[-60.093491,17.892021],[-60.098214,17.89969],[-60.102938,17.907358],[-60.107662,17.915026],[-60.112386,17.922694],[-60.117111,17.930362],[-60.121836,17.93803],[-60.126562,17.945698],[-60.131288,17.953365],[-60.136015,17.961033],[-60.140742,17.9687],[-60.145469,17.976367],[-60.150197,17.984034],[-60.154925,17.991701],[-60.159653,17.999368],[-60.164382,18.007035],[-60.169112,18.014702],[-60.173841,18.022368],[-60.178572,18.030034],[-60.183302,18.037701],[-60.188033,18.045367],[-60.192764,18.053033],[-60.197496,18.060699],[-60.202229,18.068364],[-60.206961,18.07603],[-60.211694,18.083696],[-60.216428,18.091361],[-60.221161,18.099026],[-60.225896,18.106691],[-60.23063,18.114356],[-60.235366,18.122021],[-60.240101,18.129686],[-60.244837,18.137351],[-60.249573,18.145015],[-60.25431,18.15268],[-60.259047,18.160344],[-60.263785,18.168008],[-60.268523,18.175672],[-60.273261,18.183336],[-60.278,18.191]]}},{"type":"Feature","properties":{"PLATEBOUND":"CA/SA","STEPCLASS":"SUB","BOUNDCONT":"TRUE","OROGEN":"TRUE"},"geometry":{"type":"LineString","coordinates":[[-60.278,18.191],[-60.283679,18.198159],[-60.289358,18.205319],[-60.295037,18.212478],[-60.300717,18.219637],[-60.306398,18.226795],[-60.312079,18.233954],[-60.31776,18.241112],[-60.323442,18.24827],[-60.329124,18.255428],[-60.334807,18.262586],[-60.34049,18.269744],[-60.346174,18.276901],[-60.351858,18.284059],[-60.357543,18.291216],[-60.363228,18.298373],[-60.368914,18.305529],[-60.3746,18.312686],[-60.380286,18.319843],[-60.385973,18.326999],[-60.391661,18.334155],[-60.397349,18.341311],[-60.403037,18.348467],[-60.408726,18.355622],[-60.414415,18.362777],[-60.420105,18.369933],[-60.425795,18.377088],[-60.431486,18.384243],[-60.437177,18.391397],[-60.442869,18.398552],[-60.448561,18.405706],[-60.454254,18.41286],[-60.459947,18.420014],[-60.46564,18.427168],[-60.471334,18.434322],[-60.477029,18.441475],[-60.482724,18.448628],[-60.488419,18.455782],[-60.494115,18.462934],[-60.499812,18.470087],[-60.505509,18.47724],[-60.511206,18.484392],[-60.516904,18.491544],[-60.522602,18.498696],[-60.528301,18.505848],[-60.534,18.513]]}},{"type":"Feature","properties":{"PLATEBOUND":"CA/SA","STEPCLASS":"SUB","BOUNDCONT":"TRUE","OROGEN":"TRUE"},"geometry":{"type":"LineString","coordinates":[[-60.534,18.513],[-60.542474,18.516569],[-60.550949,18.520138],[-60.559424,18.523707],[-60.5679,18.527275],[-60.576375,18.530843],[-60.584852,18.534411],[-60.593328,18.537978],[-60.601805,18.541545],[-60.610282,18.545111],[-60.61876,18.548677],[-60.627238,18.552243],[-60.635716,18.555808],[-60.644195,18.559373],[-60.652673,18.562937],[-60.661153,18.566501],[-60.669632,18.570065],[-60.678112,18.573628],[-60.686593,18.577191],[-60.695074,18.580754],[-60.703555,18.584316],[-60.712036,18.587878],[-60.720518,18.591439],[-60.729,18.595]]}},{"type":"Feature","properties":{"PLATEBOUND":"CA/SA","STEPCLASS":"SUB","BOUNDCONT":"TRUE","OROGEN":"TRUE"},"geometry":{"type":"LineString","coordinates":[[-60.729,18.595],[-60.733808,18.602739],[-60.738616,18.610478],[-60.743424,18.618217],[-60.748233,18.625956],[-60.753043,18.633695],[-60.757853,18.641434],[-60.762663,18.649172],[-60.767474,18.65691],[-60.772285,18.664649],[-60.777097,18.672387],[-60.781909,18.680125],[-60.786721,18.687862],[-60.791534,18.6956],[-60.796347,18.703338],[-60.801161,18.711075],[-60.805975,18.718812],[-60.81079,18.72655],[-60.815605,18.734287],[-60.820421,18.742024],[-60.825237,18.74976],[-60.830053,18.757497],[-60.83487,18.765233],[-60.839687,18.77297],[-60.844505,18.780706],[-60.849323,18.788442],[-60.854142,18.796178],[-60.858961,18.803914],[-60.863781,18.81165],[-60.868601,18.819385],[-60.873421,18.827121],[-60.878242,18.834856],[-60.883063,18.842591],[-60.887885,18.850327],[-60.892707,18.858062],[-60.89753,18.865796],[-60.902353,18.873531],[-60.907176,18.881266],[-60.912,18.889]]}},{"type":"Feature","properties":{"PLATEBOUND":"CA/SA","STEPCLASS":"SUB","BOUNDCONT":"TRUE","OROGEN":"TRUE"},"geometry":{"type":"LineString","coordinates":[[-60.912,18.889],[-60.921423,18.890045],[-60.930845,18.89109],[-60.940268,18.892135],[-60.949691,18.893179],[-60.959114,18.894222],[-60.968537,18.895265],[-60.977961,18.896308],[-60.987384,18.89735],[-60.996807,18.898392],[-61.006231,18.899433],[-61.015655,18.900474],[-61.025079,18.901514],[-61.034503,18.902553],[-61.043927,18.903593],[-61.053351,18.904631],[-61.062775,18.90567],[-61.0722,18.906707],[-61.081624,18.907745],[-61.091049,18.908782],[-61.100474,18.909818],[-61.109899,18.910854],[-61.119324,18.911889],[-61.128749,18.912924],[-61.138174,18.913959],[-61.1476,18.914993],[-61.157025,18.916026],[-61.166451,18.917059],[-61.175876,18.918092],[-61.185302,18.919124],[-61.194728,18.920155],[-61.204154,18.921186],[-61.213581,18.922217],[-61.223007,18.923247],[-61.232433,18.924277],[-61.24186,18.925306],[-61.251286,18.926335],[-61.260713,18.927363],[-61.27014,18.928391],[-61.279567,18.929418],[-61.288994,18.930445],[-61.298421,18.931471],[-61.307849,18.932497],[-61.317276,18.933522],[-61.326704,18.934547],[-61.336132,18.935571],[-61.345559,18.936595],[-61.354987,18.937619],[-61.364415,18.938642],[-61.373843,18.939664],[-61.383272,18.940686],[-61.3927,18.941708],[-61.402129,18.942729],[-61.411557,18.943749],[-61.420986,18.944769],[-61.430415,18.945789],[-61.439844,18.946808],[-61.449273,18.947827],[-61.458702,18.948845],[-61.468131,18.949862],[-61.477561,18.95088],[-61.48699,18.951896],[-61.49642,18.952913],[-61.50585,18.953928],[-61.515279,18.954944],[-61.524709,18.955958],[-61.534139,18.956973],[-61.54357,18.957987],[-61.553,18.959]]}},{"type":"Feature","properties":{"PLATEBOUND":"CO\\NA","STEPCLASS":"SUB","BOUNDCONT":"FALSE","OROGEN":"FALSE"},"geometry":{"type":"LineString","coordinates":[[-90.898,12.584],[-90.905729,12.588685],[-90.913457,12.59337],[-90.921186,12.598055],[-90.928916,12.602739],[-90.936645,12.607423],[-90.944375,12.612107],[-90.952105,12.616791],[-90.959836,12.621475],[-90.967567,12.626158],[-90.975298,12.630841],[-90.983029,12.635524],[-90.990761,12.640207],[-90.998493,12.644889],[-91.006225,12.649571],[-91.013957,12.654253],[-91.02169,12.658935],[-91.029423,12.663617],[-91.037156,12.668298],[-91.04489,12.672979],[-91.052624,12.67766],[-91.060358,12.68234],[-91.068092,12.687021],[-91.075827,12.691701],[-91.083562,12.696381],[-91.091297,12.701061],[-91.099033,12.70574],[-91.106769,12.710419],[-91.114505,12.715098],[-91.122241,12.719777],[-91.129978,12.724456],[-91.137715,12.729134],[-91.145452,12.733812],[-91.15319,12.73849],[-91.160927,12.743168],[-91.168665,12.747845],[-91.176404,12.752522],[-91.184143,12.757199],[-91.191881,12.761876],[-91.199621,12.766553],[-91.20736,12.771229],[-91.2151,12.775905],[-91.22284,12.780581],[-91.230581,12.785257],[-91.238321,12.789932],[-91.246062,12.794607],[-91.253803,12.799282],[-91.261545,12.803957],[-91.269287,12.808631],[-91.277029,12.813305],[-91.284771,12.817979],[-91.292514,12.822653],[-91.300257,12.827327],[-91.308,12.832]]}},{"type":"Feature","properties":{"PLATEBOUND":"CO\\NA","STEPCLASS":"SUB","BOUNDCONT":"TRUE","OROGEN":"FALSE"},"geometry":{"type":"LineString","coordinates":[[-91.308,12.832],[-91.315747,12.836685],[-91.323495,12.84137],[-91.331242,12.846055],[-91.338991,12.85074],[-91.346739,12.855424],[-91.354488,12.860108],[-91.362237,12.864792],[-91.369986,12.869476],[-91.377735,12.874159],[-91.385485,12.878842],[-91.393235,12.883525],[-91.400985,12.888208],[-91.408736,12.892891],[-91.416487,12.897573],[-91.424238,12.902255],[-91.43199,12.906937],[-91.439742,12.911618],[-91.447494,12.9163],[-91.455246,12.920981],[-91.462999,12.925662],[-91.470752,12.930342],[-91.478505,12.935023],[-91.486259,12.939703],[-91.494012,12.944383],[-91.501767,12.949062],[-91.509521,12.953742],[-91.517276,12.958421],[-91.525031,12.9631],[-91.532786,12.967779],[-91.540542,12.972458],[-91.548297,12.977136],[-91.556054,12.981814],[-91.56381,12.986492],[-91.571567,12.99117],[-91.579324,12.995847],[-91.587081,13.000524],[-91.594839,13.005201],[-91.602597,13.009878],[-91.610355,13.014554],[-91.618113,13.01923],[-91.625872,13.023906],[-91.633631,13.028582],[-91.64139,13.033258],[-91.64915,13.037933],[-91.65691,13.042608],[-91.66467,13.047283],[-91.672431,13.051957],[-91.680192,13.056632],[-91.687953,13.061306],[-91.695714,13.06598],[-91.703476,13.070653],[-91.711238,13.075327],[-91.719,13.08]]}},{"type":"Feature","properties":{"PLATEBOUND":"CO\\NA","STEPCLASS":"SUB","BOUNDCONT":"TRUE","OROGEN":"FALSE"},"geometry":{"type":"LineString","coordinates":[[-91.719,13.08],[-91.726994,13.084447],[-91.734988,13.088894],[-91.742983,13.093341],[-91.750978,13.097787],[-91.758973,13.102233],[-91.766968,13.106679],[-91.774964,13.111125],[-91.78296,13.11557],[-91.790956,13.120015],[-91.798952,13.12446],[-91.806949,13.128905],[-91.814946,13.133349],[-91.822944,13.137793],[-91.830941,13.142237],[-91.838939,13.146681],[-91.846938,13.151124],[-91.854936,13.155567],[-91.862935,13.16001],[-91.870934,13.164453],[-91.878934,13.168895],[-91.886933,13.173337],[-91.894933,13.177779],[-91.902934,13.182221],[-91.910934,13.186662],[-91.918935,13.191103],[-91.926936,13.195544],[-91.934938,13.199984],[-91.942939,13.204425],[-91.950941,13.208865],[-91.958944,13.213305],[-91.966946,13.217744],[-91.974949,13.222184],[-91.982952,13.226623],[-91.990956,13.231062],[-91.99896,13.2355],[-92.006964,13.239939],[-92.014968,13.244377],[-92.022973,13.248815],[-92.030977,13.253252],[-92.038983,13.25769],[-92.046988,13.262127],[-92.054994,13.266563],[-92.063,13.271]]}},{"type":"Feature","properties":{"PLATEBOUND":"CO-NZ","STEPCLASS":"OSR","BOUNDCONT":"TRUE","OROGEN":"FALSE"},"geometry":{"type":"LineString","coordinates":[[-92.118,1.99],[-92.109077,1.990325],[-92.100154,1.990649],[-92.091231,1.990974],[-92.082308,1.991298],[-92.073385,1.991623],[-92.064462,1.991947],[-92.055539,1.992271],[-92.046616,1.992596],[-92.037693,1.99292],[-92.02877,1.993244],[-92.019847,1.993568],[-92.010924,1.993892],[-92.002001,1.994216],[-91.993078,1.99454],[-91.984155,1.994864],[-91.975232,1.995188],[-91.966309,1.995512],[-91.957386,1.995836],[-91.948463,1.99616],[-91.93954,1.996483],[-91.930617,1.996807],[-91.921694,1.997131],[-91.912771,1.997454],[-91.903848,1.997778],[-91.894925,1.998101],[-91.886002,1.998425],[-91.877079,1.998748],[-91.868156,1.999071],[-91.859233,1.999395],[-91.85031,1.999718],[-91.841386,2.000041],[-91.832463,2.000364],[-91.82354,2.000687],[-91.814617,2.00101],[-91.805694,2.001333],[-91.796771,2.001656],[-91.787848,2.001979],[-91.778925,2.002302],[-91.770002,2.002625],[-91.761079,2.002947],[-91.752156,2.00327],[-91.743232,2.003593],[-91.734309,2.003915],[-91.725386,2.004238],[-91.716463,2.00456],[-91.70754,2.004883],[-91.698617,2.005205],[-91.689694,2.005528],[-91.680771,2.00585],[-91.671847,2.006172],[-91.662924,2.006494],[-91.654001,2.006817],[-91.645078,2.007139],[-91.636155,2.007461],[-91.627232,2.007783],[-91.618309,2.008105],[-91.609385,2.008427],[-91.600462,2.008748],[-91.591539,2.00907],[-91.582616,2.009392],[-91.573693,2.009714],[-91.56477,2.010035],[-91.555846,2.010357],[-91.546923,2.010678],[-91.538,2.011]]}},{"type":"Feature","properties":{"PLATEBOUND":"CO-NZ","STEPCLASS":"OTF","BOUNDCONT":"TRUE","OROGEN":"FALSE"},"geometry":{"type":"LineString","coordinates":[[-91.538,2.011],[-91.539046,2.002182],[-91.540091,1.993364],[-91.541137,1.984545],[-91.542182,1.975727],[-91.543228,1.966909],[-91.544273,1.958091],[-91.545319,1.949273],[-91.546364,1.940455],[-91.54741,1.931636],[-91.548455,1.922818],[-91.549501,1.914],[-91.550546,1.905182],[-91.551592,1.896364],[-91.552637,1.887546],[-91.553682,1.878727],[-91.554728,1.869909],[-91.555773,1.861091],[-91.556819,1.852273],[-91.557864,1.843455],[-91.558909,1.834636],[-91.559955,1.825818],[-91.561,1.817]]}},{"type":"Feature","properties":{"PLATEBOUND":"CO-NZ","STEPCLASS":"OSR","BOUNDCONT":"TRUE","OROGEN":"FALSE"},"geometry":{"type":"LineString","coordinates":[[-91.561,1.817],[-91.552092,1.816167],[-91.543185,1.815334],[-91.534277,1.814501],[-91.52537,1.813668],[-91.516462,1.812835],[-91.507555,1.812002],[-91.498647,1.811168],[-91.489739,1.810335],[-91.480832,1.809502],[-91.471924,1.808668],[-91.463017,1.807835],[-91.454109,1.807002],[-91.445202,1.806168],[-91.436294,1.805335],[-91.427387,1.804501],[-91.418479,1.803667],[-91.409572,1.802834],[-91.400664,1.802],[-91.391757,1.801166],[-91.382849,1.800332],[-91.373942,1.799499],[-91.365035,1.798665],[-91.356127,1.797831],[-91.34722,1.796997],[-91.338312,1.796163],[-91.329405,1.795329],[-91.320498,1.794495],[-91.31159,1.79366],[-91.302683,1.792826],[-91.293775,1.791992],[-91.284868,1.791158],[-91.275961,1.790323],[-91.267053,1.789489],[-91.258146,1.788655],[-91.249239,1.78782],[-91.240331,1.786986],[-91.231424,1.786151],[-91.222517,1.785317],[-91.213609,1.784482],[-91.204702,1.783647],[-91.195795,1.782813],[-91.186888,1.781978],[-91.17798,1.781143],[-91.169073,1.780308],[-91.160166,1.779473],[-91.151259,1.778638],[-91.142351,1.777803],[-91.133444,1.776968],[-91.124537,1.776133],[-91.11563,1.775298],[-91.106723,1.774463],[-91.097815,1.773628],[-91.088908,1.772793],[-91.080001,1.771957],[-91.071094,1.771122],[-91.062187,1.770287],[-91.05328,1.769451],[-91.044372,1.768616],[-91.035465,1.76778],[-91.026558,1.766945],[-91.017651,1.766109],[-91.008744,1.765274],[-90.999837,1.764438],[-90.99093,1.763602],[-90.982023,1.762766],[-90.973116,1.761931],[-90.964208,1.761095],[-90.955301,1.760259],[-90.946394,1.759423],[-90.937487,1.758587],[-90.92858,1.757751],[-90.919673,1.756915],[-90.910766,1.756079],[-90.901859,1.755243],[-90.892952,1.754407],[-90.884045,1.75357],[-90.875138,1.752734],[-90.866231,1.751898],[-90.857324,1.751061],[-90.848417,1.750225],[-90.83951,1.749389],[-90.830603,1.748552],[-90.821696,1.747716],[-90.812789,1.746879],[-90.803883,1.746043],[-90.794976,1.745206],[-90.786069,1.744369],[-90.777162,1.743532],[-90.768255,1.742696],[-90.759348,1.741859],[-90.750441,1.741022],[-90.741534,1.740185],[-90.732627,1.739348],[-90.723721,1.738511],[-90.714814,1.737674],[-90.705907,1.736837],[-90.697,1.736]]}},{"type":"Feature","properties":{"PLATEBOUND":"CO-NZ","STEPCLASS":"OTF","BOUNDCONT":"TRUE","OROGEN":"FALSE"},"geometry":{"type":"LineString","coordinates":[[-90.697,1.736],[-90.696507,1.727072],[-90.696014,1.718145],[-90.695521,1.709217],[-90.695028,1.70029],[-90.694536,1.691362],[-90.694043,1.682435],[-90.69355,1.673507],[-90.693057,1.66458],[-90.692564,1.655652],[-90.692071,1.646725],[-90.691578,1.637797],[-90.691086,1.62887],[-90.690593,1.619942],[-90.6901,1.611015],[-90.689607,1.602087],[-90.689114,1.59316],[-90.688621,1.584232],[-90.688129,1.575305],[-90.687636,1.566377],[-90.687143,1.55745],[-90.68665,1.548522],[-90.686157,1.539595],[-90.685665,1.530667],[-90.685172,1.52174],[-90.684679,1.512812],[-90.684186,1.503885],[-90.683693,1.494957],[-90.683201,1.486029],[-90.682708,1.477102],[-90.682215,1.468174],[-90.681722,1.459247],[-90.68123,1.450319],[-90.680737,1.441392],[-90.680244,1.432464],[-90.679751,1.423537],[-90.679259,1.414609],[-90.678766,1.405682],[-90.678273,1.396754],[-90.67778,1.387827],[-90.677288,1.378899],[-90.676795,1.369971],[-90.676302,1.361044],[-90.67581,1.352116],[-90.675317,1.343189],[-90.674824,1.334261],[-90.674331,1.325334],[-90.673839,1.316406],[-90.673346,1.307479],[-90.672853,1.298551],[-90.672361,1.289624],[-90.671868,1.280696],[-90.671375,1.271768],[-90.670883,1.262841],[-90.67039,1.253913],[-90.669897,1.244986],[-90.669404,1.236058],[-90.668912,1.227131],[-90.668419,1.218203],[-90.667926,1.209276],[-90.667434,1.200348],[-90.666941,1.19142],[-90.666448,1.182493],[-90.665956,1.173565],[-90.665463,1.164638],[-90.664971,1.15571],[-90.664478,1.146783],[-90.663985,1.137855],[-90.663493,1.128928],[-90.663,1.12]]}},{"type":"Feature","properties":{"PLATEBOUND":"CO-NZ","STEPCLASS":"OSR","BOUNDCONT":"TRUE","OROGEN":"FALSE"},"geometry":{"type":"LineString","coordinates":[[-90.663,1.12],[-90.65403,1.119522],[-90.645061,1.119043],[-90.636091,1.118565],[-90.627122,1.118087],[-90.618152,1.117608],[-90.609183,1.11713],[-90.600213,1.116652],[-90.591244,1.116173],[-90.582274,1.115695],[-90.573305,1.115216],[-90.564335,1.114738],[-90.555366,1.114259],[-90.546396,1.11378],[-90.537427,1.113302],[-90.528457,1.112823],[-90.519488,1.112344],[-90.510518,1.111866],[-90.501549,1.111387],[-90.492579,1.110908],[-90.48361,1.110429],[-90.474641,1.109951],[-90.465671,1.109472],[-90.456702,1.108993],[-90.447732,1.108514],[-90.438763,1.108035],[-90.429793,1.107556],[-90.420824,1.107077],[-90.411854,1.106598],[-90.402885,1.106119],[-90.393915,1.10564],[-90.384946,1.105161],[-90.375977,1.104682],[-90.367007,1.104203],[-90.358038,1.103723],[-90.349068,1.103244],[-90.340099,1.102765],[-90.331129,1.102286],[-90.32216,1.101806],[-90.313191,1.101327],[-90.304221,1.100848],[-90.295252,1.100368],[-90.286282,1.099889],[-90.277313,1.09941],[-90.268344,1.09893],[-90.259374,1.098451],[-90.250405,1.097971],[-90.241435,1.097492],[-90.232466,1.097012],[-90.223497,1.096532],[-90.214527,1.096053],[-90.205558,1.095573],[-90.196588,1.095094],[-90.187619,1.094614],[-90.17865,1.094134],[-90.16968,1.093654],[-90.160711,1.093175],[-90.151742,1.092695],[-90.142772,1.092215],[-90.133803,1.091735],[-90.124833,1.091255],[-90.115864,1.090775],[-90.106895,1.090295],[-90.097925,1.089815],[-90.088956,1.089335],[-90.079987,1.088855],[-90.071017,1.088375],[-90.062048,1.087895],[-90.053079,1.087415],[-90.044109,1.086935],[-90.03514,1.086455],[-90.026171,1.085975],[-90.017201,1.085495],[-90.008232,1.085014],[-89.999263,1.084534],[-89.990293,1.084054],[-89.981324,1.083574],[-89.972355,1.083093],[-89.963386,1.082613],[-89.954416,1.082132],[-89.945447,1.081652],[-89.936478,1.081172],[-89.927508,1.080691],[-89.918539,1.080211],[-89.90957,1.07973],[-89.9006,1.07925],[-89.891631,1.078769],[-89.882662,1.078288],[-89.873693,1.077808],[-89.864723,1.077327],[-89.855754,1.076846],[-89.846785,1.076366],[-89.837816,1.075885],[-89.828846,1.075404],[-89.819877,1.074923],[-89.810908,1.074443],[-89.801939,1.073962],[-89.792969,1.073481],[-89.784,1.073]]}},{"type":"Feature","properties":{"PLATEBOUND":"CO-NZ","STEPCLASS":"OSR","BOUNDCONT":"TRUE","OROGEN":"FALSE"},"geometry":{"type":"LineString","coordinates":[[-89.784,1.073],[-89.775111,1.072516],[-89.766222,1.072033],[-89.757333,1.071549],[-89.748444,1.071065],[-89.739555,1.070582],[-89.730666,1.070098],[-89.721777,1.069614],[-89.712888,1.069131],[-89.703999,1.068647],[-89.69511,1.068163],[-89.686221,1.067679],[-89.677332,1.067195],[-89.668443,1.066711],[-89.659554,1.066227],[-89.650665,1.065743],[-89.641776,1.065259],[-89.632887,1.064775],[-89.623998,1.064291],[-89.615109,1.063807],[-89.60622,1.063323],[-89.597331,1.062839],[-89.588442,1.062355],[-89.579553,1.061871],[-89.570664,1.061387],[-89.561775,1.060902],[-89.552886,1.060418],[-89.543997,1.059934],[-89.535108,1.05945],[-89.526219,1.058965],[-89.51733,1.058481],[-89.508442,1.057997],[-89.499553,1.057512],[-89.490664,1.057028],[-89.481775,1.056543],[-89.472886,1.056059],[-89.463997,1.055574],[-89.455108,1.05509],[-89.446219,1.054605],[-89.43733,1.054121],[-89.428441,1.053636],[-89.419552,1.053151],[-89.410663,1.052667],[-89.401774,1.052182],[-89.392886,1.051697],[-89.383997,1.051213],[-89.375108,1.050728],[-89.366219,1.050243],[-89.35733,1.049758],[-89.348441,1.049274],[-89.339552,1.048789],[-89.330663,1.048304],[-89.321774,1.047819],[-89.312886,1.047334],[-89.303997,1.046849],[-89.295108,1.046364],[-89.286219,1.045879],[-89.27733,1.045394],[-89.268441,1.044909],[-89.259552,1.044424],[-89.250663,1.043939],[-89.241775,1.043454],[-89.232886,1.042968],[-89.223997,1.042483],[-89.215108,1.041998],[-89.206219,1.041513],[-89.19733,1.041028],[-89.188442,1.040542],[-89.179553,1.040057],[-89.170664,1.039572],[-89.161775,1.039086],[-89.152886,1.038601],[-89.143997,1.038116],[-89.135109,1.03763],[-89.12622,1.037145],[-89.117331,1.036659],[-89.108442,1.036174],[-89.099553,1.035688],[-89.090664,1.035203],[-89.081776,1.034717],[-89.072887,1.034231],[-89.063998,1.033746],[-89.055109,1.03326],[-89.04622,1.032774],[-89.037332,1.032289],[-89.028443,1.031803],[-89.019554,1.031317],[-89.010665,1.030831],[-89.001776,1.030346],[-88.992888,1.02986],[-88.983999,1.029374],[-88.97511,1.028888],[-88.966221,1.028402],[-88.957333,1.027916],[-88.948444,1.02743],[-88.939555,1.026944],[-88.930666,1.026458],[-88.921778,1.025972],[-88.912889,1.025486],[-88.904,1.025]]}},{"type":"Feature","properties":{"PLATEBOUND":"CO-NZ","STEPCLASS":"OSR","BOUNDCONT":"TRUE","OROGEN":"FALSE"},"geometry":{"type":"LineString","coordinates":[[-88.904,1.025],[-88.895111,1.024516],[-88.886222,1.024033],[-88.877333,1.023549],[-88.868444,1.023065],[-88.859555,1.022581],[-88.850666,1.022098],[-88.841777,1.021614],[-88.832888,1.02113],[-88.823999,1.020646],[-88.81511,1.020162],[-88.806221,1.019678],[-88.797332,1.019195],[-88.788443,1.018711],[-88.779554,1.018227],[-88.770665,1.017743],[-88.761776,1.017259],[-88.752887,1.016775],[-88.743998,1.01629],[-88.735109,1.015806],[-88.72622,1.015322],[-88.717331,1.014838],[-88.708442,1.014354],[-88.699553,1.01387],[-88.690664,1.013386],[-88.681775,1.012901],[-88.672886,1.012417],[-88.663997,1.011933],[-88.655109,1.011448],[-88.64622,1.010964],[-88.637331,1.01048],[-88.628442,1.009995],[-88.619553,1.009511],[-88.610664,1.009026],[-88.601775,1.008542],[-88.592886,1.008058],[-88.583997,1.007573],[-88.575108,1.007088],[-88.566219,1.006604],[-88.55733,1.006119],[-88.548441,1.005635],[-88.539552,1.00515],[-88.530664,1.004665],[-88.521775,1.004181],[-88.512886,1.003696],[-88.503997,1.003211],[-88.495108,1.002727],[-88.486219,1.002242],[-88.47733,1.001757],[-88.468441,1.001272],[-88.459552,1.000787],[-88.450663,1.000302],[-88.441775,0.999818],[-88.432886,0.999333],[-88.423997,0.998848],[-88.415108,0.998363],[-88.406219,0.997878],[-88.39733,0.997393],[-88.388441,0.996908],[-88.379552,0.996423],[-88.370664,0.995937],[-88.361775,0.995452],[-88.352886,0.994967],[-88.343997,0.994482],[-88.335108,0.993997],[-88.326219,0.993512],[-88.31733,0.993026],[-88.308442,0.992541],[-88.299553,0.992056],[-88.290664,0.99157],[-88.281775,0.991085],[-88.272886,0.9906],[-88.263997,0.990114],[-88.255109,0.989629],[-88.24622,0.989144],[-88.237331,0.988658],[-88.228442,0.988173],[-88.219553,0.987687],[-88.210665,0.987202],[-88.201776,0.986716],[-88.192887,0.98623],[-88.183998,0.985745],[-88.175109,0.985259],[-88.16622,0.984774],[-88.157332,0.984288],[-88.148443,0.983802],[-88.139554,0.983317],[-88.130665,0.982831],[-88.121777,0.982345],[-88.112888,0.981859],[-88.103999,0.981373],[-88.09511,0.980888],[-88.086221,0.980402],[-88.077333,0.979916],[-88.068444,0.97943],[-88.059555,0.978944],[-88.050666,0.978458],[-88.041778,0.977972],[-88.032889,0.977486],[-88.024,0.977]]}},{"type":"Feature","properties":{"PLATEBOUND":"CO-NZ","STEPCLASS":"OSR","BOUNDCONT":"TRUE","OROGEN":"FALSE"},"geometry":{"type":"LineString","coordinates":[[-88.024,0.977],[-88.01503,0.976511],[-88.006061,0.976023],[-87.997091,0.975534],[-87.988122,0.975045],[-87.979152,0.974557],[-87.970183,0.974068],[-87.961213,0.973579],[-87.952244,0.97309],[-87.943274,0.972601],[-87.934305,0.972112],[-87.925336,0.971624],[-87.916366,0.971135],[-87.907397,0.970646],[-87.898427,0.970157],[-87.889458,0.969668],[-87.880488,0.969179],[-87.871519,0.96869],[-87.862549,0.968201],[-87.85358,0.967712],[-87.84461,0.967223],[-87.835641,0.966733],[-87.826671,0.966244],[-87.817702,0.965755],[-87.808732,0.965266],[-87.799763,0.964777],[-87.790794,0.964287],[-87.781824,0.963798],[-87.772855,0.963309],[-87.763885,0.96282],[-87.754916,0.96233],[-87.745946,0.961841],[-87.736977,0.961351],[-87.728007,0.960862],[-87.719038,0.960373],[-87.710069,0.959883],[-87.701099,0.959394],[-87.69213,0.958904],[-87.68316,0.958415],[-87.674191,0.957925],[-87.665222,0.957435],[-87.656252,0.956946],[-87.647283,0.956456],[-87.638313,0.955967],[-87.629344,0.955477],[-87.620375,0.954987],[-87.611405,0.954498],[-87.602436,0.954008],[-87.593466,0.953518],[-87.584497,0.953028],[-87.575528,0.952538],[-87.566558,0.952049],[-87.557589,0.951559],[-87.548619,0.951069],[-87.53965,0.950579],[-87.530681,0.950089],[-87.521711,0.949599],[-87.512742,0.949109],[-87.503773,0.948619],[-87.494803,0.948129],[-87.485834,0.947639],[-87.476864,0.947149],[-87.467895,0.946659],[-87.458926,0.946169],[-87.449956,0.945679],[-87.440987,0.945188],[-87.432018,0.944698],[-87.423048,0.944208],[-87.414079,0.943718],[-87.40511,0.943228],[-87.39614,0.942737],[-87.387171,0.942247],[-87.378202,0.941757],[-87.369232,0.941266],[-87.360263,0.940776],[-87.351294,0.940285],[-87.342324,0.939795],[-87.333355,0.939305],[-87.324386,0.938814],[-87.315416,0.938324],[-87.306447,0.937833],[-87.297478,0.937343],[-87.288509,0.936852],[-87.279539,0.936361],[-87.27057,0.935871],[-87.261601,0.93538],[-87.252631,0.93489],[-87.243662,0.934399],[-87.234693,0.933908],[-87.225723,0.933418],[-87.216754,0.932927],[-87.207785,0.932436],[-87.198816,0.931945],[-87.189846,0.931454],[-87.180877,0.930964],[-87.171908,0.930473],[-87.162939,0.929982],[-87.153969,0.929491],[-87.145,0.929]]}},{"type":"Feature","properties":{"PLATEBOUND":"CO-NZ","STEPCLASS":"OSR","BOUNDCONT":"TRUE","OROGEN":"FALSE"},"geometry":{"type":"LineString","coordinates":[[-87.145,0.929],[-87.13603,0.928501],[-87.127061,0.928002],[-87.118091,0.927503],[-87.109122,0.927004],[-87.100152,0.926505],[-87.091183,0.926006],[-87.082213,0.925507],[-87.073244,0.925008],[-87.064275,0.924509],[-87.055305,0.92401],[-87.046336,0.923511],[-87.037366,0.923012],[-87.028397,0.922512],[-87.019427,0.922013],[-87.010458,0.921514],[-87.001488,0.921015],[-86.992519,0.920515],[-86.983549,0.920016],[-86.97458,0.919517],[-86.96561,0.919017],[-86.956641,0.918518],[-86.947671,0.918019],[-86.938702,0.917519],[-86.929733,0.91702],[-86.920763,0.91652],[-86.911794,0.916021],[-86.902824,0.915521],[-86.893855,0.915022],[-86.884885,0.914522],[-86.875916,0.914023],[-86.866946,0.913523],[-86.857977,0.913024],[-86.849008,0.912524],[-86.840038,0.912024],[-86.831069,0.911525],[-86.822099,0.911025],[-86.81313,0.910525],[-86.80416,0.910025],[-86.795191,0.909526],[-86.786222,0.909026],[-86.777252,0.908526],[-86.768283,0.908026],[-86.759313,0.907526],[-86.750344,0.907027],[-86.741375,0.906527],[-86.732405,0.906027],[-86.723436,0.905527],[-86.714466,0.905027],[-86.705497,0.904527],[-86.696528,0.904027],[-86.687558,0.903527],[-86.678589,0.903027],[-86.66962,0.902527],[-86.66065,0.902026],[-86.651681,0.901526],[-86.642711,0.901026],[-86.633742,0.900526],[-86.624773,0.900026],[-86.615803,0.899526],[-86.606834,0.899025],[-86.597865,0.898525],[-86.588895,0.898025],[-86.579926,0.897525],[-86.570957,0.897024],[-86.561987,0.896524],[-86.553018,0.896023],[-86.544048,0.895523],[-86.535079,0.895023],[-86.52611,0.894522],[-86.51714,0.894022],[-86.508171,0.893521],[-86.499202,0.893021],[-86.490232,0.89252],[-86.481263,0.89202],[-86.472294,0.891519],[-86.463324,0.891019],[-86.454355,0.890518],[-86.445386,0.890017],[-86.436417,0.889517],[-86.427447,0.889016],[-86.418478,0.888515],[-86.409509,0.888015],[-86.400539,0.887514],[-86.39157,0.887013],[-86.382601,0.886512],[-86.373631,0.886011],[-86.364662,0.885511],[-86.355693,0.88501],[-86.346724,0.884509],[-86.337754,0.884008],[-86.328785,0.883507],[-86.319816,0.883006],[-86.310846,0.882505],[-86.301877,0.882004],[-86.292908,0.881503],[-86.283939,0.881002],[-86.274969,0.880501],[-86.266,0.88]]}},{"type":"Feature","properties":{"PLATEBOUND":"CO-NZ","STEPCLASS":"OSR","BOUNDCONT":"TRUE","OROGEN":"FALSE"},"geometry":{"type":"LineString","coordinates":[[-86.266,0.88],[-86.257111,0.879516],[-86.248222,0.879032],[-86.239333,0.878548],[-86.230444,0.878065],[-86.221555,0.877581],[-86.212666,0.877097],[-86.203777,0.876613],[-86.194888,0.876129],[-86.185999,0.875645],[-86.17711,0.875161],[-86.168221,0.874677],[-86.159332,0.874193],[-86.150443,0.873709],[-86.141554,0.873225],[-86.132665,0.87274],[-86.123776,0.872256],[-86.114887,0.871772],[-86.105998,0.871288],[-86.097109,0.870804],[-86.08822,0.87032],[-86.079331,0.869835],[-86.070443,0.869351],[-86.061554,0.868867],[-86.052665,0.868382],[-86.043776,0.867898],[-86.034887,0.867414],[-86.025998,0.866929],[-86.017109,0.866445],[-86.00822,0.865961],[-85.999331,0.865476],[-85.990442,0.864992],[-85.981553,0.864507],[-85.972664,0.864023],[-85.963775,0.863538],[-85.954886,0.863054],[-85.945997,0.862569],[-85.937109,0.862084],[-85.92822,0.8616],[-85.919331,0.861115],[-85.910442,0.860631],[-85.901553,0.860146],[-85.892664,0.859661],[-85.883775,0.859177],[-85.874886,0.858692],[-85.865997,0.858207],[-85.857108,0.857722],[-85.848219,0.857237],[-85.839331,0.856753],[-85.830442,0.856268],[-85.821553,0.855783],[-85.812664,0.855298],[-85.803775,0.854813],[-85.794886,0.854328],[-85.785997,0.853843],[-85.777108,0.853358],[-85.76822,0.852873],[-85.759331,0.852388],[-85.750442,0.851903],[-85.741553,0.851418],[-85.732664,0.850933],[-85.723775,0.850448],[-85.714886,0.849963],[-85.705997,0.849478],[-85.697109,0.848993],[-85.68822,0.848508],[-85.679331,0.848023],[-85.670442,0.847537],[-85.661553,0.847052],[-85.652664,0.846567],[-85.643776,0.846082],[-85.634887,0.845596],[-85.625998,0.845111],[-85.617109,0.844626],[-85.60822,0.84414],[-85.599331,0.843655],[-85.590443,0.84317],[-85.581554,0.842684],[-85.572665,0.842199],[-85.563776,0.841713],[-85.554887,0.841228],[-85.545998,0.840742],[-85.53711,0.840257],[-85.528221,0.839771],[-85.519332,0.839286],[-85.510443,0.8388],[-85.501554,0.838315],[-85.492666,0.837829],[-85.483777,0.837343],[-85.474888,0.836858],[-85.465999,0.836372],[-85.45711,0.835886],[-85.448222,0.835401],[-85.439333,0.834915],[-85.430444,0.834429],[-85.421555,0.833943],[-85.412666,0.833458],[-85.403778,0.832972],[-85.394889,0.832486],[-85.386,0.832]]}},{"type":"Feature","properties":{"PLATEBOUND":"CO-NZ","STEPCLASS":"OTF","BOUNDCONT":"TRUE","OROGEN":"FALSE"},"geometry":{"type":"LineString","coordinates":[[-85.386,0.832],[-85.385589,0.841022],[-85.385178,0.850044],[-85.384767,0.859067],[-85.384356,0.868089],[-85.383945,0.877111],[-85.383534,0.886133],[-85.383123,0.895156],[-85.382712,0.904178],[-85.382301,0.9132],[-85.38189,0.922222],[-85.381479,0.931245],[-85.381068,0.940267],[-85.380657,0.949289],[-85.380246,0.958311],[-85.379835,0.967334],[-85.379424,0.976356],[-85.379013,0.985378],[-85.378602,0.9944],[-85.378191,1.003423],[-85.37778,1.012445],[-85.377369,1.021467],[-85.376958,1.030489],[-85.376546,1.039512],[-85.376135,1.048534],[-85.375724,1.057556],[-85.375313,1.066578],[-85.374902,1.075601],[-85.374491,1.084623],[-85.37408,1.093645],[-85.373669,1.102667],[-85.373258,1.111689],[-85.372847,1.120712],[-85.372436,1.129734],[-85.372025,1.138756],[-85.371614,1.147778],[-85.371203,1.156801],[-85.370792,1.165823],[-85.37038,1.174845],[-85.369969,1.183867],[-85.369558,1.19289],[-85.369147,1.201912],[-85.368736,1.210934],[-85.368325,1.219956],[-85.367914,1.228978],[-85.367503,1.238001],[-85.367092,1.247023],[-85.366681,1.256045],[-85.366269,1.265067],[-85.365858,1.27409],[-85.365447,1.283112],[-85.365036,1.292134],[-85.364625,1.301156],[-85.364214,1.310178],[-85.363803,1.319201],[-85.363392,1.328223],[-85.36298,1.337245],[-85.362569,1.346267],[-85.362158,1.35529],[-85.361747,1.364312],[-85.361336,1.373334],[-85.360925,1.382356],[-85.360514,1.391378],[-85.360102,1.400401],[-85.359691,1.409423],[-85.35928,1.418445],[-85.358869,1.427467],[-85.358458,1.436489],[-85.358047,1.445512],[-85.357635,1.454534],[-85.357224,1.463556],[-85.356813,1.472578],[-85.356402,1.4816],[-85.355991,1.490623],[-85.35558,1.499645],[-85.355168,1.508667],[-85.354757,1.517689],[-85.354346,1.526711],[-85.353935,1.535734],[-85.353524,1.544756],[-85.353112,1.553778],[-85.352701,1.5628],[-85.35229,1.571822],[-85.351879,1.580845],[-85.351467,1.589867],[-85.351056,1.598889],[-85.350645,1.607911],[-85.350234,1.616933],[-85.349822,1.625956],[-85.349411,1.634978],[-85.349,1.644]]}},{"type":"Feature","properties":{"PLATEBOUND":"CO-NZ","STEPCLASS":"OSR","BOUNDCONT":"TRUE","OROGEN":"FALSE"},"geometry":{"type":"LineString","coordinates":[[-85.349,1.644],[-85.340115,1.643473],[-85.331229,1.642946],[-85.322344,1.642419],[-85.313459,1.641892],[-85.304574,1.641364],[-85.295689,1.640837],[-85.286803,1.64031],[-85.277918,1.639783],[-85.269033,1.639255],[-85.260148,1.638728],[-85.251262,1.6382],[-85.242377,1.637673],[-85.233492,1.637145],[-85.224607,1.636618],[-85.215722,1.63609],[-85.206836,1.635563],[-85.197951,1.635035],[-85.189066,1.634507],[-85.180181,1.633979],[-85.171296,1.633452],[-85.162411,1.632924],[-85.153525,1.632396],[-85.14464,1.631868],[-85.135755,1.63134],[-85.12687,1.630812],[-85.117985,1.630284],[-85.1091,1.629756],[-85.100215,1.629228],[-85.091329,1.6287],[-85.082444,1.628172],[-85.073559,1.627643],[-85.064674,1.627115],[-85.055789,1.626587],[-85.046904,1.626058],[-85.038019,1.62553],[-85.029134,1.625002],[-85.020249,1.624473],[-85.011364,1.623945],[-85.002478,1.623416],[-84.993593,1.622887],[-84.984708,1.622359],[-84.975823,1.62183],[-84.966938,1.621301],[-84.958053,1.620773],[-84.949168,1.620244],[-84.940283,1.619715],[-84.931398,1.619186],[-84.922513,1.618657],[-84.913628,1.618128],[-84.904743,1.617599],[-84.895858,1.61707],[-84.886973,1.616541],[-84.878088,1.616012],[-84.869203,1.615483],[-84.860318,1.614954],[-84.851433,1.614425],[-84.842548,1.613896],[-84.833663,1.613366],[-84.824778,1.612837],[-84.815893,1.612308],[-84.807008,1.611778],[-84.798123,1.611249],[-84.789238,1.610719],[-84.780353,1.61019],[-84.771468,1.60966],[-84.762583,1.609131],[-84.753698,1.608601],[-84.744813,1.608071],[-84.735928,1.607542],[-84.727043,1.607012],[-84.718158,1.606482],[-84.709273,1.605952],[-84.700388,1.605422],[-84.691504,1.604892],[-84.682619,1.604362],[-84.673734,1.603832],[-84.664849,1.603302],[-84.655964,1.602772],[-84.647079,1.602242],[-84.638194,1.601712],[-84.629309,1.601182],[-84.620424,1.600652],[-84.611539,1.600121],[-84.602655,1.599591],[-84.59377,1.599061],[-84.584885,1.59853],[-84.576,1.598]]}},{"type":"Feature","properties":{"PLATEBOUND":"CO-NZ","STEPCLASS":"OTF","BOUNDCONT":"TRUE","OROGEN":"FALSE"},"geometry":{"type":"LineString","coordinates":[[-84.576,1.598],[-84.575904,1.607],[-84.575808,1.616],[-84.575712,1.625],[-84.575615,1.634],[-84.575519,1.643],[-84.575423,1.652],[-84.575327,1.661],[-84.575231,1.67],[-84.575135,1.679],[-84.575039,1.688],[-84.574943,1.697],[-84.574846,1.706],[-84.57475,1.715],[-84.574654,1.724],[-84.574558,1.733],[-84.574462,1.742],[-84.574366,1.751],[-84.57427,1.76],[-84.574173,1.769],[-84.574077,1.778],[-84.573981,1.787],[-84.573885,1.796],[-84.573789,1.805],[-84.573693,1.814],[-84.573596,1.823],[-84.5735,1.832],[-84.573404,1.841],[-84.573308,1.85],[-84.573212,1.859],[-84.573116,1.868],[-84.57302,1.877],[-84.572923,1.886],[-84.572827,1.895],[-84.572731,1.904],[-84.572635,1.913],[-84.572539,1.922],[-84.572443,1.931],[-84.572346,1.94],[-84.57225,1.949],[-84.572154,1.958],[-84.572058,1.967],[-84.571962,1.976],[-84.571866,1.985],[-84.571769,1.994],[-84.571673,2.003],[-84.571577,2.012],[-84.571481,2.021],[-84.571385,2.03],[-84.571289,2.039],[-84.571192,2.048],[-84.571096,2.057],[-84.571,2.066]]}},{"type":"Feature","properties":{"PLATEBOUND":"CO-NZ","STEPCLASS":"OTF","BOUNDCONT":"TRUE","OROGEN":"FALSE"},"geometry":{"type":"LineString","coordinates":[[-84.571,2.066],[-84.570923,2.075],[-84.570846,2.084],[-84.570769,2.093],[-84.570692,2.102],[-84.570615,2.111],[-84.570539,2.12],[-84.570462,2.129],[-84.570385,2.138],[-84.570308,2.147],[-84.570231,2.156],[-84.570154,2.165],[-84.570077,2.174],[-84.57,2.183],[-84.569923,2.192],[-84.569846,2.201],[-84.56977,2.21],[-84.569693,2.219],[-84.569616,2.228],[-84.569539,2.237],[-84.569462,2.246],[-84.569385,2.255],[-84.569308,2.264],[-84.569231,2.273],[-84.569154,2.282],[-84.569077,2.291],[-84.569,2.3],[-84.568923,2.309],[-84.568846,2.318],[-84.56877,2.327],[-84.568693,2.336],[-84.568616,2.345],[-84.568539,2.354],[-84.568462,2.363],[-84.568385,2.372],[-84.568308,2.381],[-84.568231,2.39],[-84.568154,2.399],[-84.568077,2.408],[-84.568,2.417],[-84.567923,2.426],[-84.567846,2.435],[-84.567769,2.444],[-84.567692,2.453],[-84.567616,2.462],[-84.567539,2.471],[-84.567462,2.48],[-84.567385,2.489],[-84.567308,2.498],[-84.567231,2.507],[-84.567154,2.516],[-84.567077,2.525],[-84.567,2.534]]}},{"type":"Feature","properties":{"PLATEBOUND":"CO-NZ","STEPCLASS":"OTF","BOUNDCONT":"TRUE","OROGEN":"FALSE"},"geometry":{"type":"LineString","coordinates":[[-84.567,2.534],[-84.565462,2.542892],[-84.563925,2.551785],[-84.562387,2.560677],[-84.560849,2.56957],[-84.559311,2.578462],[-84.557773,2.587354],[-84.556235,2.596247],[-84.554698,2.605139],[-84.55316,2.614032],[-84.551622,2.622924],[-84.550084,2.631816],[-84.548546,2.640709],[-84.547008,2.649601],[-84.54547,2.658494],[-84.543932,2.667386],[-84.542394,2.676278],[-84.540856,2.685171],[-84.539317,2.694063],[-84.537779,2.702955],[-84.536241,2.711848],[-84.534703,2.72074],[-84.533165,2.729632],[-84.531627,2.738525],[-84.530088,2.747417],[-84.52855,2.756309],[-84.527012,2.765202],[-84.525473,2.774094],[-84.523935,2.782986],[-84.522397,2.791879],[-84.520858,2.800771],[-84.51932,2.809663],[-84.517782,2.818556],[-84.516243,2.827448],[-84.514705,2.83634],[-84.513166,2.845233],[-84.511628,2.854125],[-84.510089,2.863017],[-84.508551,2.871909],[-84.507012,2.880802],[-84.505473,2.889694],[-84.503935,2.898586],[-84.502396,2.907479],[-84.500857,2.916371],[-84.499319,2.925263],[-84.49778,2.934155],[-84.496241,2.943048],[-84.494702,2.95194],[-84.493164,2.960832],[-84.491625,2.969724],[-84.490086,2.978617],[-84.488547,2.987509],[-84.487008,2.996401],[-84.485469,3.005293],[-84.48393,3.014186],[-84.482391,3.023078],[-84.480852,3.03197],[-84.479313,3.040862],[-84.477774,3.049755],[-84.476235,3.058647],[-84.474696,3.067539],[-84.473157,3.076431],[-84.471618,3.085323],[-84.470078,3.094216],[-84.468539,3.103108],[-84.467,3.112]]}},{"type":"Feature","properties":{"PLATEBOUND":"CO-NZ","STEPCLASS":"OSR","BOUNDCONT":"TRUE","OROGEN":"FALSE"},"geometry":{"type":"LineString","coordinates":[[-84.467,3.112],[-84.458082,3.112445],[-84.449164,3.11289],[-84.440247,3.113334],[-84.431329,3.113779],[-84.422411,3.114224],[-84.413493,3.114668],[-84.404575,3.115113],[-84.395657,3.115557],[-84.386739,3.116001],[-84.377822,3.116446],[-84.368904,3.11689],[-84.359986,3.117334],[-84.351068,3.117778],[-84.34215,3.118222],[-84.333232,3.118666],[-84.324314,3.119109],[-84.315396,3.119553],[-84.306478,3.119997],[-84.29756,3.12044],[-84.288642,3.120884],[-84.279724,3.121327],[-84.270806,3.12177],[-84.261889,3.122214],[-84.252971,3.122657],[-84.244053,3.1231],[-84.235135,3.123543],[-84.226217,3.123986],[-84.217299,3.124429],[-84.208381,3.124871],[-84.199462,3.125314],[-84.190544,3.125757],[-84.181626,3.126199],[-84.172708,3.126642],[-84.16379,3.127084],[-84.154872,3.127526],[-84.145954,3.127969],[-84.137036,3.128411],[-84.128118,3.128853],[-84.1192,3.129295],[-84.110282,3.129737],[-84.101364,3.130179],[-84.092446,3.130621],[-84.083527,3.131062],[-84.074609,3.131504],[-84.065691,3.131945],[-84.056773,3.132387],[-84.047855,3.132828],[-84.038937,3.13327],[-84.030019,3.133711],[-84.0211,3.134152],[-84.012182,3.134593],[-84.003264,3.135034],[-83.994346,3.135475],[-83.985428,3.135916],[-83.976509,3.136357],[-83.967591,3.136798],[-83.958673,3.137238],[-83.949755,3.137679],[-83.940837,3.138119],[-83.931918,3.13856],[-83.923,3.139]]}},{"type":"Feature","properties":{"PLATEBOUND":"CO-NZ","STEPCLASS":"OSR","BOUNDCONT":"TRUE","OROGEN":"FALSE"},"geometry":{"type":"LineString","coordinates":[[-83.923,3.139],[-83.914066,3.139429],[-83.905132,3.139857],[-83.896197,3.140285],[-83.887263,3.140714],[-83.878329,3.141142],[-83.869395,3.14157],[-83.86046,3.141998],[-83.851526,3.142426],[-83.842592,3.142854],[-83.833658,3.143282],[-83.824723,3.14371],[-83.815789,3.144137],[-83.806855,3.144565],[-83.79792,3.144993],[-83.788986,3.14542],[-83.780052,3.145847],[-83.771117,3.146275],[-83.762183,3.146702],[-83.753249,3.147129],[-83.744314,3.147556],[-83.73538,3.147983],[-83.726446,3.14841],[-83.717511,3.148837],[-83.708577,3.149264],[-83.699643,3.14969],[-83.690708,3.150117],[-83.681774,3.150544],[-83.672839,3.15097],[-83.663905,3.151396],[-83.654971,3.151823],[-83.646036,3.152249],[-83.637102,3.152675],[-83.628167,3.153101],[-83.619233,3.153527],[-83.610298,3.153953],[-83.601364,3.154379],[-83.592429,3.154805],[-83.583495,3.15523],[-83.57456,3.155656],[-83.565626,3.156082],[-83.556692,3.156507],[-83.547757,3.156932],[-83.538822,3.157358],[-83.529888,3.157783],[-83.520953,3.158208],[-83.512019,3.158633],[-83.503084,3.159058],[-83.49415,3.159483],[-83.485215,3.159908],[-83.476281,3.160333],[-83.467346,3.160757],[-83.458412,3.161182],[-83.449477,3.161607],[-83.440542,3.162031],[-83.431608,3.162455],[-83.422673,3.16288],[-83.413739,3.163304],[-83.404804,3.163728],[-83.395869,3.164152],[-83.386935,3.164576],[-83.378,3.165]]}},{"type":"Feature","properties":{"PLATEBOUND":"CO-NZ","STEPCLASS":"OSR","BOUNDCONT":"TRUE","OROGEN":"FALSE"},"geometry":{"type":"LineString","coordinates":[[-83.378,3.165],[-83.369062,3.164268],[-83.360124,3.163536],[-83.351186,3.162804],[-83.342248,3.162072],[-83.333311,3.161339],[-83.324373,3.160607],[-83.315435,3.159875],[-83.306497,3.159142],[-83.297559,3.15841],[-83.288622,3.157677],[-83.279684,3.156944],[-83.270746,3.156212],[-83.261808,3.155479],[-83.252871,3.154746],[-83.243933,3.154013],[-83.234995,3.15328],[-83.226058,3.152546],[-83.21712,3.151813],[-83.208182,3.15108],[-83.199245,3.150346],[-83.190307,3.149613],[-83.181369,3.148879],[-83.172432,3.148146],[-83.163494,3.147412],[-83.154556,3.146678],[-83.145619,3.145944],[-83.136681,3.14521],[-83.127744,3.144476],[-83.118806,3.143742],[-83.109869,3.143008],[-83.100931,3.142274],[-83.091994,3.141539],[-83.083056,3.140805],[-83.074119,3.14007],[-83.065181,3.139336],[-83.056244,3.138601],[-83.047306,3.137866],[-83.038369,3.137132],[-83.029431,3.136397],[-83.020494,3.135662],[-83.011557,3.134927],[-83.002619,3.134192],[-82.993682,3.133457],[-82.984745,3.132721],[-82.975807,3.131986],[-82.96687,3.131251],[-82.957933,3.130515],[-82.948995,3.129779],[-82.940058,3.129044],[-82.931121,3.128308],[-82.922183,3.127572],[-82.913246,3.126836],[-82.904309,3.1261],[-82.895372,3.125364],[-82.886434,3.124628],[-82.877497,3.123892],[-82.86856,3.123156],[-82.859623,3.12242],[-82.850686,3.121683],[-82.841749,3.120947],[-82.832811,3.12021],[-82.823874,3.119474],[-82.814937,3.118737],[-82.806,3.118]]}},{"type":"Feature","properties":{"PLATEBOUND":"CO-NZ","STEPCLASS":"OTF","BOUNDCONT":"TRUE","OROGEN":"FALSE"},"geometry":{"type":"LineString","coordinates":[[-82.806,3.118],[-82.807277,3.126833],[-82.808554,3.135667],[-82.809832,3.1445],[-82.811109,3.153334],[-82.812386,3.162167],[-82.813663,3.171],[-82.814941,3.179834],[-82.816218,3.188667],[-82.817495,3.197501],[-82.818773,3.206334],[-82.82005,3.215167],[-82.821328,3.224001],[-82.822605,3.232834],[-82.823883,3.241668],[-82.82516,3.250501],[-82.826438,3.259334],[-82.827715,3.268168],[-82.828993,3.277001],[-82.83027,3.285834],[-82.831548,3.294668],[-82.832825,3.303501],[-82.834103,3.312334],[-82.835381,3.321168],[-82.836658,3.330001],[-82.837936,3.338835],[-82.839214,3.347668],[-82.840492,3.356501],[-82.841769,3.365335],[-82.843047,3.374168],[-82.844325,3.383001],[-82.845603,3.391835],[-82.846881,3.400668],[-82.848159,3.409501],[-82.849437,3.418334],[-82.850715,3.427168],[-82.851993,3.436001],[-82.85327,3.444834],[-82.854549,3.453668],[-82.855827,3.462501],[-82.857105,3.471334],[-82.858383,3.480168],[-82.859661,3.489001],[-82.860939,3.497834],[-82.862217,3.506667],[-82.863495,3.515501],[-82.864773,3.524334],[-82.866052,3.533167],[-82.86733,3.542],[-82.868608,3.550834],[-82.869887,3.559667],[-82.871165,3.5685],[-82.872443,3.577334],[-82.873722,3.586167],[-82.875,3.595]]}},{"type":"Feature","properties":{"PLATEBOUND":"CO-NZ","STEPCLASS":"OTF","BOUNDCONT":"TRUE","OROGEN":"FALSE"},"geometry":{"type":"LineString","coordinates":[[-82.875,3.595],[-82.875,3.604],[-82.875,3.613],[-82.875,3.622],[-82.875,3.631],[-82.875,3.64],[-82.875,3.649],[-82.875,3.658],[-82.875,3.667],[-82.875,3.676],[-82.875,3.685],[-82.875,3.694],[-82.875,3.703],[-82.875,3.712],[-82.875,3.721001],[-82.875,3.730001],[-82.875,3.739001],[-82.875,3.748001],[-82.875,3.757001],[-82.875,3.766001],[-82.875,3.775001],[-82.875,3.784001],[-82.875,3.793001],[-82.875,3.802001],[-82.875,3.811001],[-82.875,3.820001],[-82.875,3.829001],[-82.875,3.838001],[-82.875,3.847001],[-82.875,3.856001],[-82.875,3.865001],[-82.875,3.874001],[-82.875,3.883001],[-82.875,3.892001],[-82.875,3.901001],[-82.875,3.910001],[-82.875,3.919001],[-82.875,3.928001],[-82.875,3.937001],[-82.875,3.946001],[-82.875,3.955],[-82.875,3.964],[-82.875,3.973],[-82.875,3.982],[-82.875,3.991],[-82.875,4.0],[-82.875,4.009],[-82.875,4.018],[-82.875,4.027],[-82.875,4.036],[-82.875,4.045],[-82.875,4.054],[-82.875,4.063],[-82.875,4.072]]}},{"type":"Feature","properties":{"PLATEBOUND":"CO-NZ","STEPCLASS":"OTF","BOUNDCONT":"TRUE","OROGEN":"FALSE"},"geometry":{"type":"LineString","coordinates":[[-82.875,4.072],[-82.875,4.080927],[-82.875,4.089855],[-82.875,4.098782],[-82.875,4.107709],[-82.875,4.116637],[-82.875,4.125564],[-82.875,4.134491],[-82.875,4.143419],[-82.875,4.152346],[-82.875,4.161273],[-82.875,4.170201],[-82.875,4.179128],[-82.875,4.188055],[-82.875,4.196982],[-82.875,4.20591],[-82.875,4.214837],[-82.875,4.223764],[-82.875,4.232692],[-82.875,4.241619],[-82.875,4.250546],[-82.875,4.259473],[-82.875,4.268401],[-82.875,4.277328],[-82.875,4.286255],[-82.875,4.295183],[-82.875,4.30411],[-82.875,4.313037],[-82.875,4.321964],[-82.875,4.330892],[-82.875,4.339819],[-82.875,4.348746],[-82.875,4.357674],[-82.875,4.366601],[-82.875,4.375528],[-82.875,4.384455],[-82.875,4.393383],[-82.875,4.40231],[-82.875,4.411237],[-82.875,4.420164],[-82.875,4.429092],[-82.875,4.438019],[-82.875,4.446946],[-82.875,4.455873],[-82.875,4.464801],[-82.875,4.473728],[-82.875,4.482655],[-82.875,4.491582],[-82.875,4.500509],[-82.875,4.509437],[-82.875,4.518364],[-82.875,4.527291],[-82.875,4.536218],[-82.875,4.545146],[-82.875,4.554073],[-82.875,4.563]]}},{"type":"Feature","properties":{"PLATEBOUND":"CO-NZ","STEPCLASS":"OTF","BOUNDCONT":"TRUE","OROGEN":"FALSE"},"geometry":{"type":"LineString","coordinates":[[-82.875,4.563],[-82.875,4.571927],[-82.875,4.580855],[-82.875,4.589782],[-82.875,4.598709],[-82.875,4.607637],[-82.875,4.616564],[-82.875,4.625491],[-82.875,4.634419],[-82.875,4.643346],[-82.875,4.652273],[-82.875,4.661201],[-82.875,4.670128],[-82.875,4.679055],[-82.875,4.687982],[-82.875,4.69691],[-82.875,4.705837],[-82.875,4.714764],[-82.875,4.723692],[-82.875,4.732619],[-82.875,4.741546],[-82.875,4.750474],[-82.875,4.759401],[-82.875,4.768328],[-82.875,4.777255],[-82.875,4.786183],[-82.875,4.79511],[-82.875,4.804037],[-82.875,4.812965],[-82.875,4.821892],[-82.875,4.830819],[-82.875,4.839746],[-82.875,4.848674],[-82.875,4.857601],[-82.875,4.866528],[-82.875,4.875455],[-82.875,4.884383],[-82.875,4.89331],[-82.875,4.902237],[-82.875,4.911164],[-82.875,4.920092],[-82.875,4.929019],[-82.875,4.937946],[-82.875,4.946873],[-82.875,4.955801],[-82.875,4.964728],[-82.875,4.973655],[-82.875,4.982582],[-82.875,4.991509],[-82.875,5.000437],[-82.875,5.009364],[-82.875,5.018291],[-82.875,5.027218],[-82.875,5.036146],[-82.875,5.045073],[-82.875,5.054]]}},{"type":"Feature","properties":{"PLATEBOUND":"CO-NZ","STEPCLASS":"OTF","BOUNDCONT":"TRUE","OROGEN":"FALSE"},"geometry":{"type":"LineString","coordinates":[[-82.875,5.054],[-82.875,5.062954],[-82.875,5.071908],[-82.875,5.080862],[-82.875,5.089817],[-82.875,5.098771],[-82.875,5.107725],[-82.875,5.116679],[-82.875,5.125633],[-82.875,5.134587],[-82.875,5.143541],[-82.875,5.152495],[-82.875,5.161449],[-82.875,5.170404],[-82.875,5.179358],[-82.875,5.188312],[-82.875,5.197266],[-82.875,5.20622],[-82.875,5.215174],[-82.875,5.224128],[-82.875,5.233082],[-82.875,5.242036],[-82.875,5.25099],[-82.875,5.259944],[-82.875,5.268899],[-82.875,5.277853],[-82.875,5.286807],[-82.875,5.295761],[-82.875,5.304715],[-82.875,5.313669],[-82.875,5.322623],[-82.875,5.331577],[-82.875,5.340531],[-82.875,5.349485],[-82.875,5.358439],[-82.875,5.367393],[-82.875,5.376347],[-82.875,5.385301],[-82.875,5.394255],[-82.875,5.403209],[-82.875,5.412163],[-82.875,5.421117],[-82.875,5.430071],[-82.875,5.439025],[-82.875,5.44798],[-82.875,5.456934],[-82.875,5.465888],[-82.875,5.474842],[-82.875,5.483796],[-82.875,5.49275],[-82.875,5.501704],[-82.875,5.510658],[-82.875,5.519612],[-82.875,5.528566],[-82.875,5.53752],[-82.875,5.546474],[-82.875,5.555428],[-82.875,5.564382],[-82.875,5.573336],[-82.875,5.58229],[-82.875,5.591244],[-82.875,5.600198],[-82.875,5.609152],[-82.875,5.618105],[-82.875,5.627059],[-82.875,5.636013],[-82.875,5.644967],[-82.875,5.653921],[-82.875,5.662875],[-82.875,5.671829],[-82.875,5.680783],[-82.875,5.689737],[-82.875,5.698691],[-82.875,5.707645],[-82.875,5.716599],[-82.875,5.725553],[-82.875,5.734507],[-82.875,5.743461],[-82.875,5.752415],[-82.875,5.761369],[-82.875,5.770323],[-82.875,5.779277],[-82.875,5.78823],[-82.875,5.797184],[-82.875,5.806138],[-82.875,5.815092],[-82.875,5.824046],[-82.875,5.833]]}},{"type":"Feature","properties":{"PLATEBOUND":"CO-NZ","STEPCLASS":"OTF","BOUNDCONT":"TRUE","OROGEN":"FALSE"},"geometry":{"type":"LineString","coordinates":[[-82.875,5.833],[-82.875,5.842],[-82.875,5.851],[-82.875,5.86],[-82.875,5.869],[-82.875,5.878001],[-82.875,5.887001],[-82.875,5.896001],[-82.875,5.905001],[-82.875,5.914001],[-82.875,5.923001],[-82.875,5.932001],[-82.875,5.941001],[-82.875,5.950001],[-82.875,5.959001],[-82.875,5.968001],[-82.875,5.977002],[-82.875,5.986002],[-82.875,5.995002],[-82.875,6.004002],[-82.875,6.013002],[-82.875,6.022002],[-82.875,6.031002],[-82.875,6.040002],[-82.875,6.049002],[-82.875,6.058002],[-82.875,6.067002],[-82.875,6.076002],[-82.875,6.085002],[-82.875,6.094002],[-82.875,6.103002],[-82.875,6.112002],[-82.875,6.121002],[-82.875,6.130002],[-82.875,6.139002],[-82.875,6.148002],[-82.875,6.157002],[-82.875,6.166002],[-82.875,6.175002],[-82.875,6.184002],[-82.875,6.193002],[-82.875,6.202002],[-82.875,6.211002],[-82.875,6.220002],[-82.875,6.229002],[-82.875,6.238002],[-82.875,6.247002],[-82.875,6.256002],[-82.875,6.265002],[-82.875,6.274002],[-82.875,6.283002],[-82.875,6.292002],[-82.875,6.301002],[-82.875,6.310002],[-82.875,6.319002],[-82.875,6.328002],[-82.875,6.337002],[-82.875,6.346002],[-82.875,6.355002],[-82.875,6.364002],[-82.875,6.373002],[-82.875,6.382002],[-82.875,6.391002],[-82.875,6.400002],[-82.875,6.409002],[-82.875,6.418002],[-82.875,6.427002],[-82.875,6.436001],[-82.875,6.445001],[-82.875,6.454001],[-82.875,6.463001],[-82.875,6.472001],[-82.875,6.481001],[-82.875,6.490001],[-82.875,6.499001],[-82.875,6.508001],[-82.875,6.517001],[-82.875,6.526],[-82.875,6.535],[-82.875,6.544],[-82.875,6.553],[-82.875,6.562]]}},{"type":"Feature","properties":{"PLATEBOUND":"CO-NZ","STEPCLASS":"OTF","BOUNDCONT":"TRUE","OROGEN":"FALSE"},"geometry":{"type":"LineString","coordinates":[[-82.875,6.562],[-82.875,6.570968],[-82.875,6.579936],[-82.875,6.588904],[-82.875,6.597871],[-82.875,6.606839],[-82.875,6.615807],[-82.875,6.624775],[-82.875,6.633743],[-82.875,6.64271],[-82.875,6.651678],[-82.875,6.660646],[-82.875,6.669614],[-82.875,6.678582],[-82.875,6.687549],[-82.875,6.696517],[-82.875,6.705485],[-82.875,6.714453],[-82.875,6.723421],[-82.875,6.732388],[-82.875,6.741356],[-82.875,6.750324],[-82.875,6.759292],[-82.875,6.76826],[-82.875,6.777227],[-82.875,6.786195],[-82.875,6.795163],[-82.875,6.804131],[-82.875,6.813098],[-82.875,6.822066],[-82.875,6.831034],[-82.875,6.840002],[-82.875,6.848969],[-82.875,6.857937],[-82.875,6.866905],[-82.875,6.875873],[-82.875,6.88484],[-82.875,6.893808],[-82.875,6.902776],[-82.875,6.911743],[-82.875,6.920711],[-82.875,6.929679],[-82.875,6.938647],[-82.875,6.947614],[-82.875,6.956582],[-82.875,6.96555],[-82.875,6.974517],[-82.875,6.983485],[-82.875,6.992453],[-82.875,7.00142],[-82.875,7.010388],[-82.875,7.019356],[-82.875,7.028323],[-82.875,7.037291],[-82.875,7.046259],[-82.875,7.055226],[-82.875,7.064194],[-82.875,7.073162],[-82.875,7.082129],[-82.875,7.091097],[-82.875,7.100065],[-82.875,7.109032],[-82.875,7.118]]}},{"type":"Feature","properties":{"PLATEBOUND":"CO-NZ","STEPCLASS":"OTF","BOUNDCONT":"TRUE","OROGEN":"FALSE"},"geometry":{"type":"LineString","coordinates":[[-82.875,7.118],[-82.875,7.126857],[-82.875,7.135714],[-82.875,7.144572],[-82.875,7.153429],[-82.875,7.162286],[-82.875,7.171143],[-82.875,7.18],[-82.875,7.188857],[-82.875,7.197715],[-82.875,7.206572],[-82.875,7.215429],[-82.875,7.224286],[-82.875,7.233143],[-82.875,7.242],[-82.875,7.250857],[-82.875,7.259715],[-82.875,7.268572],[-82.875,7.277429],[-82.875,7.286286],[-82.875,7.295143],[-82.875,7.304],[-82.875,7.312857],[-82.875,7.321714],[-82.875,7.330572],[-82.875,7.339429],[-82.875,7.348286],[-82.875,7.357143],[-82.875,7.366]]}},{"type":"Feature","properties":{"PLATEBOUND":"NA-SA","STEPCLASS":"OCB","BOUNDCONT":"FALSE","OROGEN":"TRUE"},"geometry":{"type":"LineString","coordinates":[[-61.553,18.959],[-61.544025,18.961817],[-61.535049,18.964634],[-61.526073,18.96745],[-61.517096,18.970265],[-61.50812,18.973081],[-61.499143,18.975896],[-61.490165,18.97871],[-61.481188,18.981524],[-61.47221,18.984338],[-61.463232,18.987151],[-61.454253,18.989963],[-61.445274,18.992776],[-61.436295,18.995587],[-61.427316,18.998399],[-61.418336,19.00121],[-61.409356,19.00402],[-61.400376,19.00683],[-61.391395,19.00964],[-61.382414,19.012449],[-61.373433,19.015258],[-61.364451,19.018066],[-61.35547,19.020874],[-61.346488,19.023681],[-61.337505,19.026488],[-61.328522,19.029295],[-61.319539,19.032101],[-61.310556,19.034907],[-61.301572,19.037712],[-61.292588,19.040517],[-61.283604,19.043321],[-61.27462,19.046125],[-61.265635,19.048928],[-61.25665,19.051731],[-61.247664,19.054534],[-61.238679,19.057336],[-61.229692,19.060138],[-61.220706,19.062939],[-61.211719,19.06574],[-61.202733,19.06854],[-61.193745,19.07134],[-61.184758,19.07414],[-61.17577,19.076939],[-61.166782,19.079738],[-61.157793,19.082536],[-61.148804,19.085334],[-61.139815,19.088131],[-61.130826,19.090928],[-61.121836,19.093724],[-61.112846,19.09652],[-61.103856,19.099316],[-61.094866,19.102111],[-61.085875,19.104906],[-61.076884,19.1077],[-61.067892,19.110494],[-61.0589,19.113287],[-61.049908,19.11608],[-61.040916,19.118873],[-61.031923,19.121665],[-61.02293,19.124456],[-61.013937,19.127248],[-61.004943,19.130038],[-60.995949,19.132829],[-60.986955,19.135619],[-60.977961,19.138408],[-60.968966,19.141197],[-60.959971,19.143985],[-60.950975,19.146774],[-60.94198,19.149561],[-60.932984,19.152348],[-60.923987,19.155135],[-60.914991,19.157922],[-60.905994,19.160707],[-60.896997,19.163493],[-60.887999,19.166278],[-60.879001,19.169062],[-60.870003,19.171847],[-60.861005,19.17463],[-60.852006,19.177414],[-60.843007,19.180196],[-60.834008,19.182979],[-60.825008,19.185761],[-60.816008,19.188542],[-60.807008,19.191323],[-60.798007,19.194104],[-60.789006,19.196884],[-60.780005,19.199664],[-60.771004,19.202443],[-60.762002,19.205222],[-60.753,19.208]]}},{"type":"Feature","properties":{"PLATEBOUND":"NA-SA","STEPCLASS":"OTF","BOUNDCONT":"TRUE","OROGEN":"TRUE"},"geometry":{"type":"LineString","coordinates":[[-60.753,19.208],[-60.74398,19.210795],[-60.734959,19.213589],[-60.725938,19.216384],[-60.716917,19.219177],[-60.707896,19.22197],[-60.698874,19.224763],[-60.689852,19.227555],[-60.680829,19.230347],[-60.671806,19.233139],[-60.662783,19.23593],[-60.65376,19.23872],[-60.644736,19.24151],[-60.635713,19.2443],[-60.626688,19.247089],[-60.617664,19.249878],[-60.608639,19.252666],[-60.599614,19.255454],[-60.590588,19.258241],[-60.581562,19.261028],[-60.572536,19.263815],[-60.56351,19.266601],[-60.554483,19.269386],[-60.545456,19.272171],[-60.536429,19.274956],[-60.527401,19.27774],[-60.518373,19.280524],[-60.509345,19.283308],[-60.500317,19.28609],[-60.491288,19.288873],[-60.482259,19.291655],[-60.473229,19.294437],[-60.4642,19.297218],[-60.45517,19.299998],[-60.446139,19.302779],[-60.437109,19.305558],[-60.428078,19.308338],[-60.419046,19.311117],[-60.410015,19.313895],[-60.400983,19.316673],[-60.391951,19.319451],[-60.382918,19.322228],[-60.373885,19.325004],[-60.364852,19.327781],[-60.355819,19.330556],[-60.346785,19.333332],[-60.337751,19.336106],[-60.328717,19.338881],[-60.319682,19.341655],[-60.310647,19.344428],[-60.301612,19.347201],[-60.292577,19.349974],[-60.283541,19.352746],[-60.274505,19.355518],[-60.265468,19.358289],[-60.256431,19.36106],[-60.247394,19.36383],[-60.238357,19.3666],[-60.229319,19.36937],[-60.220281,19.372139],[-60.211243,19.374907],[-60.202204,19.377675],[-60.193166,19.380443],[-60.184126,19.38321],[-60.175087,19.385977],[-60.166047,19.388743],[-60.157007,19.391509],[-60.147967,19.394275],[-60.138926,19.39704],[-60.129885,19.399804],[-60.120843,19.402568],[-60.111802,19.405332],[-60.10276,19.408095],[-60.093718,19.410858],[-60.084675,19.41362],[-60.075632,19.416382],[-60.066589,19.419143],[-60.057546,19.421904],[-60.048502,19.424665],[-60.039458,19.427425],[-60.030413,19.430184],[-60.021369,19.432943],[-60.012324,19.435702],[-60.003278,19.43846],[-59.994233,19.441218],[-59.985187,19.443975],[-59.976141,19.446732],[-59.967094,19.449489],[-59.958047,19.452245],[-59.949,19.455]]}},{"type":"Feature","properties":{"PLATEBOUND":"NA-SA","STEPCLASS":"OCB","BOUNDCONT":"TRUE","OROGEN":"TRUE"},"geometry":{"type":"LineString","coordinates":[[-59.949,19.455],[-59.939697,19.453543],[-59.930395,19.452086],[-59.921092,19.450629],[-59.91179,19.449171],[-59.902488,19.447712],[-59.893186,19.446253],[-59.883884,19.444794],[-59.874583,19.443334],[-59.865281,19.441874],[-59.85598,19.440413],[-59.846679,19.438952],[-59.837378,19.43749],[-59.828078,19.436027],[-59.818777,19.434565],[-59.809477,19.433101],[-59.800176,19.431638],[-59.790876,19.430173],[-59.781576,19.428709],[-59.772277,19.427244],[-59.762977,19.425778],[-59.753678,19.424312],[-59.744378,19.422845],[-59.735079,19.421378],[-59.72578,19.419911],[-59.716482,19.418443],[-59.707183,19.416974],[-59.697885,19.415505],[-59.688587,19.414036],[-59.679289,19.412566],[-59.669991,19.411096],[-59.660693,19.409625],[-59.651395,19.408153],[-59.642098,19.406682],[-59.632801,19.405209],[-59.623504,19.403736],[-59.614207,19.402263],[-59.60491,19.40079],[-59.595613,19.399315],[-59.586317,19.397841],[-59.577021,19.396365],[-59.567725,19.39489],[-59.558429,19.393414],[-59.549133,19.391937],[-59.539838,19.39046],[-59.530542,19.388983],[-59.521247,19.387505],[-59.511952,19.386026],[-59.502657,19.384547],[-59.493362,19.383068],[-59.484068,19.381588],[-59.474774,19.380107],[-59.465479,19.378627],[-59.456185,19.377145],[-59.446891,19.375664],[-59.437598,19.374181],[-59.428304,19.372698],[-59.419011,19.371215],[-59.409718,19.369732],[-59.400425,19.368247],[-59.391132,19.366763],[-59.381839,19.365278],[-59.372546,19.363792],[-59.363254,19.362306],[-59.353962,19.360819],[-59.34467,19.359332],[-59.335378,19.357845],[-59.326086,19.356357],[-59.316795,19.354868],[-59.307504,19.35338],[-59.298212,19.35189],[-59.288921,19.3504],[-59.27963,19.34891],[-59.27034,19.347419],[-59.261049,19.345928],[-59.251759,19.344436],[-59.242469,19.342944],[-59.233179,19.341451],[-59.223889,19.339958],[-59.214599,19.338464],[-59.20531,19.33697],[-59.196021,19.335476],[-59.186731,19.33398],[-59.177442,19.332485],[-59.168154,19.330989],[-59.158865,19.329492],[-59.149576,19.327995],[-59.140288,19.326498],[-59.131,19.325]]}},{"type":"Feature","properties":{"PLATEBOUND":"NA-SA","STEPCLASS":"OCB","BOUNDCONT":"TRUE","OROGEN":"TRUE"},"geometry":{"type":"LineString","coordinates":[[-59.131,19.325],[-59.121652,19.323509],[-59.112304,19.322018],[-59.102956,19.320527],[-59.093608,19.319035],[-59.08426,19.317542],[-59.074913,19.316049],[-59.065565,19.314556],[-59.056218,19.313062],[-59.046871,19.311568],[-59.037524,19.310073],[-59.028178,19.308577],[-59.018831,19.307082],[-59.009485,19.305585],[-59.000139,19.304088],[-58.990793,19.302591],[-58.981447,19.301093],[-58.972101,19.299595],[-58.962756,19.298096],[-58.953411,19.296597],[-58.944066,19.295098],[-58.934721,19.293597],[-58.925376,19.292097],[-58.916031,19.290596],[-58.906687,19.289094],[-58.897343,19.287592],[-58.887999,19.286089],[-58.878655,19.284586],[-58.869311,19.283083],[-58.859967,19.281579],[-58.850624,19.280075],[-58.841281,19.27857],[-58.831938,19.277064],[-58.822595,19.275558],[-58.813252,19.274052],[-58.80391,19.272545],[-58.794567,19.271038],[-58.785225,19.26953],[-58.775883,19.268022],[-58.766541,19.266513],[-58.757199,19.265004],[-58.747858,19.263494],[-58.738517,19.261984],[-58.729175,19.260473],[-58.719834,19.258962],[-58.710493,19.25745],[-58.701153,19.255938],[-58.691812,19.254426],[-58.682472,19.252913],[-58.673132,19.251399],[-58.663792,19.249885],[-58.654452,19.248371],[-58.645112,19.246856],[-58.635773,19.24534],[-58.626434,19.243824],[-58.617095,19.242308],[-58.607756,19.240791],[-58.598417,19.239274],[-58.589078,19.237756],[-58.57974,19.236238],[-58.570402,19.234719],[-58.561063,19.2332],[-58.551726,19.23168],[-58.542388,19.23016],[-58.53305,19.228639],[-58.523713,19.227118],[-58.514376,19.225596],[-58.505038,19.224074],[-58.495702,19.222552],[-58.486365,19.221028],[-58.477028,19.219505],[-58.467692,19.217981],[-58.458356,19.216456],[-58.44902,19.214932],[-58.439684,19.213406],[-58.430348,19.21188],[-58.421013,19.210354],[-58.411677,19.208827],[-58.402342,19.2073],[-58.393007,19.205772],[-58.383672,19.204243],[-58.374338,19.202715],[-58.365003,19.201185],[-58.355669,19.199656],[-58.346335,19.198126],[-58.337001,19.196595],[-58.327667,19.195064],[-58.318333,19.193532],[-58.309,19.192]]}},{"type":"Feature","properties":{"PLATEBOUND":"NA-SA","STEPCLASS":"OTF","BOUNDCONT":"TRUE","OROGEN":"TRUE"},"geometry":{"type":"LineString","coordinates":[[-58.309,19.192],[-58.29972,19.190429],[-58.290439,19.188858],[-58.281159,19.187287],[-58.271879,19.185715],[-58.2626,19.184143],[-58.25332,19.18257],[-58.244041,19.180996],[-58.234762,19.179423],[-58.225483,19.177848],[-58.216204,19.176273],[-58.206925,19.174698],[-58.197647,19.173123],[-58.188368,19.171546],[-58.17909,19.16997],[-58.169812,19.168393],[-58.160534,19.166815],[-58.151257,19.165237],[-58.141979,19.163658],[-58.132702,19.162079],[-58.123425,19.1605],[-58.114148,19.15892],[-58.104871,19.15734],[-58.095595,19.155759],[-58.086318,19.154178],[-58.077042,19.152596],[-58.067766,19.151013],[-58.05849,19.149431],[-58.049215,19.147848],[-58.039939,19.146264],[-58.030664,19.14468],[-58.021389,19.143095],[-58.012114,19.14151],[-58.002839,19.139924],[-57.993564,19.138338],[-57.98429,19.136752],[-57.975016,19.135165],[-57.965742,19.133578],[-57.956468,19.13199],[-57.947194,19.130401],[-57.937921,19.128813],[-57.928647,19.127223],[-57.919374,19.125634],[-57.910101,19.124043],[-57.900828,19.122453],[-57.891556,19.120861],[-57.882283,19.11927],[-57.873011,19.117678],[-57.863739,19.116085],[-57.854467,19.114492],[-57.845195,19.112899],[-57.835923,19.111305],[-57.826652,19.10971],[-57.817381,19.108115],[-57.80811,19.10652],[-57.798839,19.104924],[-57.789568,19.103328],[-57.780298,19.101731],[-57.771027,19.100134],[-57.761757,19.098536],[-57.752487,19.096938],[-57.743217,19.095339],[-57.733948,19.09374],[-57.724678,19.092141],[-57.715409,19.090541],[-57.70614,19.08894],[-57.696871,19.087339],[-57.687602,19.085738],[-57.678334,19.084136],[-57.669065,19.082533],[-57.659797,19.080931],[-57.650529,19.079327],[-57.641261,19.077724],[-57.631994,19.076119],[-57.622726,19.074515],[-57.613459,19.072909],[-57.604192,19.071304],[-57.594925,19.069698],[-57.585658,19.068091],[-57.576391,19.066484],[-57.567125,19.064877],[-57.557859,19.063269],[-57.548593,19.06166],[-57.539327,19.060051],[-57.530061,19.058442],[-57.520795,19.056832],[-57.51153,19.055222],[-57.502265,19.053611],[-57.493,19.052]]}},{"type":"Feature","properties":{"PLATEBOUND":"NA-SA","STEPCLASS":"OTF","BOUNDCONT":"TRUE","OROGEN":"TRUE"},"geometry":{"type":"LineString","coordinates":[[-57.493,19.052],[-57.484693,19.047702],[-57.476387,19.043404],[-57.468082,19.039105],[-57.459776,19.034806],[-57.451471,19.030506],[-57.443167,19.026207],[-57.434863,19.021906],[-57.426559,19.017606],[-57.418256,19.013305],[-57.409953,19.009003],[-57.401651,19.004702],[-57.393349,19.0004],[-57.385048,18.996097],[-57.376747,18.991794],[-57.368446,18.987491],[-57.360146,18.983187],[-57.351846,18.978883],[-57.343547,18.974579],[-57.335248,18.970274],[-57.326949,18.965969],[-57.318651,18.961664],[-57.310354,18.957358],[-57.302056,18.953052],[-57.29376,18.948745],[-57.285463,18.944438],[-57.277167,18.940131],[-57.268872,18.935823],[-57.260577,18.931515],[-57.252282,18.927207],[-57.243988,18.922898],[-57.235694,18.918589],[-57.227401,18.914279],[-57.219108,18.909969],[-57.210815,18.905659],[-57.202523,18.901348],[-57.194231,18.897037],[-57.18594,18.892726],[-57.177649,18.888414],[-57.169359,18.884102],[-57.161069,18.879789],[-57.152779,18.875476],[-57.14449,18.871163],[-57.136202,18.866849],[-57.127913,18.862535],[-57.119625,18.858221],[-57.111338,18.853906],[-57.103051,18.849591],[-57.094764,18.845276],[-57.086478,18.84096],[-57.078193,18.836643],[-57.069907,18.832327],[-57.061622,18.82801],[-57.053338,18.823692],[-57.045054,18.819375],[-57.03677,18.815057],[-57.028487,18.810738],[-57.020204,18.806419],[-57.011922,18.8021],[-57.00364,18.79778],[-56.995358,18.793461],[-56.987077,18.78914],[-56.978797,18.78482],[-56.970516,18.780498],[-56.962237,18.776177],[-56.953957,18.771855],[-56.945678,18.767533],[-56.9374,18.763211],[-56.929121,18.758888],[-56.920844,18.754564],[-56.912566,18.750241],[-56.90429,18.745917],[-56.896013,18.741592],[-56.887737,18.737268],[-56.879462,18.732943],[-56.871186,18.728617],[-56.862912,18.724291],[-56.854637,18.719965],[-56.846363,18.715638],[-56.83809,18.711311],[-56.829817,18.706984],[-56.821544,18.702656],[-56.813272,18.698328],[-56.805,18.694]]}},{"type":"Feature","properties":{"PLATEBOUND":"NA-SA","STEPCLASS":"OTF","BOUNDCONT":"TRUE","OROGEN":"TRUE"},"geometry":{"type":"LineString","coordinates":[[-56.805,18.694],[-56.797174,18.68906],[-56.789348,18.684119],[-56.781522,18.679178],[-56.773697,18.674237],[-56.765873,18.669295],[-56.758048,18.664353],[-56.750225,18.65941],[-56.742401,18.654468],[-56.734579,18.649525],[-56.726756,18.644581],[-56.718935,18.639638],[-56.711113,18.634694],[-56.703292,18.62975],[-56.695472,18.624805],[-56.687652,18.61986],[-56.679832,18.614915],[-56.672013,18.609969],[-56.664194,18.605023],[-56.656376,18.600077],[-56.648558,18.59513],[-56.640741,18.590183],[-56.632924,18.585236],[-56.625107,18.580288],[-56.617291,18.575341],[-56.609476,18.570392],[-56.601661,18.565444],[-56.593846,18.560495],[-56.586032,18.555546],[-56.578218,18.550596],[-56.570405,18.545646],[-56.562592,18.540696],[-56.55478,18.535745],[-56.546968,18.530795],[-56.539156,18.525843],[-56.531345,18.520892],[-56.523535,18.51594],[-56.515724,18.510988],[-56.507915,18.506036],[-56.500105,18.501083],[-56.492297,18.49613],[-56.484488,18.491176],[-56.47668,18.486222],[-56.468873,18.481268],[-56.461066,18.476314],[-56.453259,18.471359],[-56.445453,18.466404],[-56.437648,18.461449],[-56.429842,18.456493],[-56.422038,18.451537],[-56.414233,18.446581],[-56.406429,18.441624],[-56.398626,18.436667],[-56.390823,18.43171],[-56.383021,18.426752],[-56.375218,18.421794],[-56.367417,18.416836],[-56.359616,18.411877],[-56.351815,18.406918],[-56.344015,18.401959],[-56.336215,18.396999],[-56.328415,18.392039],[-56.320616,18.387079],[-56.312818,18.382118],[-56.30502,18.377158],[-56.297222,18.372196],[-56.289425,18.367235],[-56.281628,18.362273],[-56.273832,18.357311],[-56.266036,18.352348],[-56.258241,18.347385],[-56.250446,18.342422],[-56.242651,18.337459],[-56.234857,18.332495],[-56.227064,18.327531],[-56.219271,18.322567],[-56.211478,18.317602],[-56.203686,18.312637],[-56.195894,18.307671],[-56.188102,18.302706],[-56.180312,18.29774],[-56.172521,18.292773],[-56.164731,18.287807],[-56.156941,18.28284],[-56.149152,18.277872],[-56.141364,18.272905],[-56.133575,18.267937],[-56.125787,18.262969],[-56.118,18.258]]}},{"type":"Feature","properties":{"PLATEBOUND":"NA-SA","STEPCLASS":"OTF","BOUNDCONT":"TRUE","OROGEN":"TRUE"},"geometry":{"type":"LineString","coordinates":[[-56.118,18.258],[-56.110608,18.252501],[-56.103217,18.247001],[-56.095826,18.241501],[-56.088436,18.236],[-56.081046,18.2305],[-56.073657,18.224999],[-56.066268,18.219497],[-56.05888,18.213996],[-56.051492,18.208494],[-56.044104,18.202992],[-56.036717,18.19749],[-56.029331,18.191987],[-56.021944,18.186484],[-56.014559,18.180981],[-56.007174,18.175477],[-55.999789,18.169973],[-55.992405,18.164469],[-55.985021,18.158965],[-55.977638,18.15346],[-55.970255,18.147955],[-55.962872,18.14245],[-55.95549,18.136945],[-55.948109,18.131439],[-55.940728,18.125933],[-55.933347,18.120426],[-55.925967,18.11492],[-55.918588,18.109413],[-55.911208,18.103905],[-55.90383,18.098398],[-55.896451,18.09289],[-55.889074,18.087382],[-55.881696,18.081874],[-55.874319,18.076365],[-55.866943,18.070856],[-55.859567,18.065347],[-55.852192,18.059837],[-55.844817,18.054327],[-55.837442,18.048817],[-55.830068,18.043307],[-55.822694,18.037796],[-55.815321,18.032285],[-55.807948,18.026774],[-55.800576,18.021262],[-55.793204,18.015751],[-55.785833,18.010239],[-55.778462,18.004726],[-55.771091,17.999214],[-55.763721,17.993701],[-55.756352,17.988187],[-55.748983,17.982674],[-55.741614,17.97716],[-55.734246,17.971646],[-55.726878,17.966132],[-55.719511,17.960617],[-55.712144,17.955102],[-55.704778,17.949587],[-55.697412,17.944071],[-55.690047,17.938556],[-55.682682,17.93304],[-55.675317,17.927523],[-55.667953,17.922007],[-55.66059,17.91649],[-55.653227,17.910973],[-55.645864,17.905455],[-55.638502,17.899937],[-55.63114,17.894419],[-55.623779,17.888901],[-55.616418,17.883382],[-55.609057,17.877864],[-55.601697,17.872344],[-55.594338,17.866825],[-55.586979,17.861305],[-55.57962,17.855785],[-55.572262,17.850265],[-55.564905,17.844745],[-55.557547,17.839224],[-55.550191,17.833703],[-55.542834,17.828181],[-55.535478,17.82266],[-55.528123,17.817138],[-55.520768,17.811615],[-55.513413,17.806093],[-55.506059,17.80057],[-55.498706,17.795047],[-55.491353,17.789524],[-55.484,17.784]]}},{"type":"Feature","properties":{"PLATEBOUND":"NA-SA","STEPCLASS":"OSR","BOUNDCONT":"TRUE","OROGEN":"TRUE"},"geometry":{"type":"LineString","coordinates":[[-55.484,17.784],[-55.476644,17.778488],[-55.469288,17.772977],[-55.461933,17.767465],[-55.454578,17.761952],[-55.447224,17.75644],[-55.43987,17.750927],[-55.432516,17.745414],[-55.425163,17.7399],[-55.41781,17.734386],[-55.410458,17.728872],[-55.403107,17.723358],[-55.395755,17.717843],[-55.388405,17.712329],[-55.381054,17.706813],[-55.373704,17.701298],[-55.366355,17.695782],[-55.359006,17.690266],[-55.351657,17.68475],[-55.344309,17.679234],[-55.336962,17.673717],[-55.329614,17.6682],[-55.322268,17.662682],[-55.314921,17.657165],[-55.307575,17.651647],[-55.30023,17.646129],[-55.292885,17.64061],[-55.285541,17.635091],[-55.278197,17.629572],[-55.270853,17.624053],[-55.26351,17.618534],[-55.256167,17.613014],[-55.248825,17.607494],[-55.241483,17.601973],[-55.234141,17.596453],[-55.226801,17.590932],[-55.21946,17.58541],[-55.21212,17.579889],[-55.20478,17.574367],[-55.197441,17.568845],[-55.190102,17.563323],[-55.182764,17.5578],[-55.175426,17.552277],[-55.168089,17.546754],[-55.160752,17.541231],[-55.153416,17.535707],[-55.14608,17.530183],[-55.138744,17.524659],[-55.131409,17.519134],[-55.124074,17.513609],[-55.11674,17.508084],[-55.109406,17.502559],[-55.102073,17.497033],[-55.09474,17.491507],[-55.087407,17.485981],[-55.080075,17.480455],[-55.072743,17.474928],[-55.065412,17.469401],[-55.058081,17.463874],[-55.050751,17.458346],[-55.043421,17.452819],[-55.036092,17.44729],[-55.028763,17.441762],[-55.021434,17.436233],[-55.014106,17.430705],[-55.006779,17.425175],[-54.999452,17.419646],[-54.992125,17.414116],[-54.984798,17.408586],[-54.977473,17.403056],[-54.970147,17.397525],[-54.962822,17.391995],[-54.955498,17.386464],[-54.948174,17.380932],[-54.94085,17.375401],[-54.933527,17.369869],[-54.926204,17.364337],[-54.918881,17.358804],[-54.91156,17.353271],[-54.904238,17.347738],[-54.896917,17.342205],[-54.889596,17.336672],[-54.882276,17.331138],[-54.874957,17.325604],[-54.867637,17.320069],[-54.860318,17.314535],[-54.853,17.309]]}},{"type":"Feature","properties":{"PLATEBOUND":"NZ\\SA","STEPCLASS":"SUB","BOUNDCONT":"TRUE","OROGEN":"TRUE"},"geometry":{"type":"LineString","coordinates":[[-79.997,-10.56],[-80.001533,-10.55221],[-80.006067,-10.54442],[-80.0106,-10.53663],[-80.015132,-10.52884],[-80.019665,-10.52105],[-80.024197,-10.513259],[-80.028729,-10.505469],[-80.033261,-10.497678],[-80.037793,-10.489888],[-80.042324,-10.482097],[-80.046855,-10.474307],[-80.051386,-10.466516],[-80.055917,-10.458725],[-80.060447,-10.450934],[-80.064978,-10.443143],[-80.069508,-10.435352],[-80.074037,-10.427561],[-80.078567,-10.41977],[-80.083096,-10.411979],[-80.087626,-10.404188],[-80.092154,-10.396397],[-80.096683,-10.388605],[-80.101212,-10.380814],[-80.10574,-10.373022],[-80.110268,-10.365231],[-80.114796,-10.357439],[-80.119323,-10.349647],[-80.123851,-10.341855],[-80.128378,-10.334064],[-80.132905,-10.326272],[-80.137431,-10.31848],[-80.141958,-10.310688],[-80.146484,-10.302895],[-80.15101,-10.295103],[-80.155536,-10.287311],[-80.160061,-10.279519],[-80.164587,-10.271726],[-80.169112,-10.263934],[-80.173637,-10.256141],[-80.178161,-10.248349],[-80.182686,-10.240556],[-80.18721,-10.232763],[-80.191734,-10.22497],[-80.196258,-10.217178],[-80.200781,-10.209385],[-80.205305,-10.201592],[-80.209828,-10.193799],[-80.214351,-10.186005],[-80.218873,-10.178212],[-80.223396,-10.170419],[-80.227918,-10.162626],[-80.23244,-10.154832],[-80.236962,-10.147039],[-80.241483,-10.139245],[-80.246005,-10.131452],[-80.250526,-10.123658],[-80.255047,-10.115864],[-80.259568,-10.108071],[-80.264088,-10.100277],[-80.268608,-10.092483],[-80.273129,-10.084689],[-80.277648,-10.076895],[-80.282168,-10.069101],[-80.286687,-10.061306],[-80.291207,-10.053512],[-80.295726,-10.045718],[-80.300244,-10.037923],[-80.304763,-10.030129],[-80.309281,-10.022335],[-80.313799,-10.01454],[-80.318317,-10.006745],[-80.322835,-9.998951],[-80.327352,-9.991156],[-80.33187,-9.983361],[-80.336387,-9.975566],[-80.340904,-9.967771],[-80.34542,-9.959976],[-80.349937,-9.952181],[-80.354453,-9.944386],[-80.358969,-9.936591],[-80.363484,-9.928795],[-80.368,-9.921]]}},{"type":"Feature","properties":{"PLATEBOUND":"NZ\\SA","STEPCLASS":"SUB","BOUNDCONT":"TRUE","OROGEN":"TRUE"},"geometry":{"type":"LineString","coordinates":[[-80.368,-9.921],[-80.373053,-9.913624],[-80.378105,-9.906247],[-80.383157,-9.898871],[-80.388209,-9.891495],[-80.393261,-9.884118],[-80.398313,-9.876741],[-80.403364,-9.869365],[-80.408415,-9.861988],[-80.413466,-9.854611],[-80.418517,-9.847234],[-80.423567,-9.839857],[-80.428617,-9.83248],[-80.433667,-9.825103],[-80.438717,-9.817725],[-80.443766,-9.810348],[-80.448816,-9.80297],[-80.453865,-9.795593],[-80.458914,-9.788215],[-80.463962,-9.780838],[-80.469011,-9.77346],[-80.474059,-9.766082],[-80.479107,-9.758704],[-80.484155,-9.751326],[-80.489202,-9.743948],[-80.494249,-9.73657],[-80.499297,-9.729192],[-80.504343,-9.721813],[-80.50939,-9.714435],[-80.514436,-9.707057],[-80.519483,-9.699678],[-80.524529,-9.6923],[-80.529574,-9.684921],[-80.53462,-9.677542],[-80.539665,-9.670163],[-80.54471,-9.662784],[-80.549755,-9.655405],[-80.5548,-9.648026],[-80.559844,-9.640647],[-80.564888,-9.633268],[-80.569932,-9.625889],[-80.574976,-9.618509],[-80.58002,-9.61113],[-80.585063,-9.60375],[-80.590106,-9.596371],[-80.595149,-9.588991],[-80.600192,-9.581611],[-80.605234,-9.574231],[-80.610277,-9.566851],[-80.615319,-9.559471],[-80.62036,-9.552091],[-80.625402,-9.544711],[-80.630443,-9.537331],[-80.635485,-9.529951],[-80.640525,-9.52257],[-80.645566,-9.51519],[-80.650607,-9.507809],[-80.655647,-9.500429],[-80.660687,-9.493048],[-80.665727,-9.485667],[-80.670767,-9.478287],[-80.675806,-9.470906],[-80.680845,-9.463525],[-80.685884,-9.456144],[-80.690923,-9.448762],[-80.695962,-9.441381],[-80.701,-9.434]]}},{"type":"Feature","properties":{"PLATEBOUND":"NZ\\SA","STEPCLASS":"SUB","BOUNDCONT":"TRUE","OROGEN":"TRUE"},"geometry":{"type":"LineString","coordinates":[[-80.701,-9.434],[-80.704664,-9.425733],[-80.708327,-9.417466],[-80.711991,-9.409199],[-80.715654,-9.400932],[-80.719317,-9.392665],[-80.72298,-9.384398],[-80.726642,-9.376131],[-80.730305,-9.367863],[-80.733967,-9.359596],[-80.737629,-9.351329],[-80.741291,-9.343061],[-80.744953,-9.334794],[-80.748615,-9.326527],[-80.752276,-9.318259],[-80.755937,-9.309991],[-80.759598,-9.301724],[-80.763259,-9.293456],[-80.76692,-9.285189],[-80.770581,-9.276921],[-80.774241,-9.268653],[-80.777901,-9.260385],[-80.781562,-9.252118],[-80.785221,-9.24385],[-80.788881,-9.235582],[-80.792541,-9.227314],[-80.7962,-9.219046],[-80.799859,-9.210778],[-80.803518,-9.20251],[-80.807177,-9.194242],[-80.810836,-9.185974],[-80.814495,-9.177705],[-80.818153,-9.169437],[-80.821811,-9.161169],[-80.825469,-9.152901],[-80.829127,-9.144632],[-80.832785,-9.136364],[-80.836442,-9.128096],[-80.8401,-9.119827],[-80.843757,-9.111559],[-80.847414,-9.10329],[-80.851071,-9.095021],[-80.854727,-9.086753],[-80.858384,-9.078484],[-80.86204,-9.070215],[-80.865697,-9.061947],[-80.869353,-9.053678],[-80.873008,-9.045409],[-80.876664,-9.03714],[-80.88032,-9.028871],[-80.883975,-9.020602],[-80.88763,-9.012333],[-80.891285,-9.004064],[-80.89494,-8.995795],[-80.898595,-8.987526],[-80.902249,-8.979257],[-80.905904,-8.970988],[-80.909558,-8.962719],[-80.913212,-8.954449],[-80.916866,-8.94618],[-80.920519,-8.937911],[-80.924173,-8.929641],[-80.927826,-8.921372],[-80.93148,-8.913102],[-80.935133,-8.904833],[-80.938785,-8.896563],[-80.942438,-8.888294],[-80.946091,-8.880024],[-80.949743,-8.871754],[-80.953395,-8.863485],[-80.957047,-8.855215],[-80.960699,-8.846945],[-80.964351,-8.838675],[-80.968003,-8.830405],[-80.971654,-8.822136],[-80.975305,-8.813866],[-80.978956,-8.805596],[-80.982607,-8.797326],[-80.986258,-8.789056],[-80.989909,-8.780785],[-80.993559,-8.772515],[-80.997209,-8.764245],[-81.000859,-8.755975],[-81.004509,-8.747705],[-81.008159,-8.739434],[-81.011809,-8.731164],[-81.015458,-8.722894],[-81.019108,-8.714623],[-81.022757,-8.706353],[-81.026406,-8.698082],[-81.030054,-8.689812],[-81.033703,-8.681541],[-81.037352,-8.673271],[-81.041,-8.665]]}},{"type":"Feature","properties":{"PLATEBOUND":"NZ\\SA","STEPCLASS":"SUB","BOUNDCONT":"TRUE","OROGEN":"TRUE"},"geometry":{"type":"LineString","coordinates":[[-81.041,-8.665],[-81.044983,-8.656942],[-81.048966,-8.648885],[-81.052949,-8.640827],[-81.056931,-8.632769],[-81.060913,-8.624711],[-81.064896,-8.616653],[-81.068878,-8.608595],[-81.07286,-8.600537],[-81.076841,-8.592479],[-81.080823,-8.584421],[-81.084804,-8.576363],[-81.088785,-8.568305],[-81.092766,-8.560246],[-81.096747,-8.552188],[-81.100728,-8.54413],[-81.104708,-8.536071],[-81.108689,-8.528013],[-81.112669,-8.519954],[-81.116649,-8.511896],[-81.120629,-8.503837],[-81.124608,-8.495779],[-81.128588,-8.48772],[-81.132567,-8.479661],[-81.136546,-8.471603],[-81.140525,-8.463544],[-81.144504,-8.455485],[-81.148483,-8.447426],[-81.152461,-8.439367],[-81.15644,-8.431308],[-81.160418,-8.423249],[-81.164396,-8.41519],[-81.168374,-8.407131],[-81.172352,-8.399072],[-81.176329,-8.391013],[-81.180306,-8.382954],[-81.184284,-8.374894],[-81.188261,-8.366835],[-81.192238,-8.358776],[-81.196214,-8.350716],[-81.200191,-8.342657],[-81.204167,-8.334597],[-81.208143,-8.326538],[-81.21212,-8.318478],[-81.216095,-8.310419],[-81.220071,-8.302359],[-81.224047,-8.294299],[-81.228022,-8.28624],[-81.231997,-8.27818],[-81.235972,-8.27012],[-81.239947,-8.26206],[-81.243922,-8.254],[-81.247897,-8.24594],[-81.251871,-8.23788],[-81.255845,-8.22982],[-81.25982,-8.22176],[-81.263794,-8.2137],[-81.267767,-8.20564],[-81.271741,-8.19758],[-81.275714,-8.18952],[-81.279688,-8.181459],[-81.283661,-8.173399],[-81.287634,-8.165339],[-81.291607,-8.157278],[-81.29558,-8.149218],[-81.299552,-8.141157],[-81.303524,-8.133097],[-81.307497,-8.125036],[-81.311469,-8.116976],[-81.315441,-8.108915],[-81.319412,-8.100854],[-81.323384,-8.092793],[-81.327355,-8.084733],[-81.331327,-8.076672],[-81.335298,-8.068611],[-81.339269,-8.06055],[-81.343239,-8.052489],[-81.34721,-8.044428],[-81.35118,-8.036367],[-81.355151,-8.028306],[-81.359121,-8.020245],[-81.363091,-8.012184],[-81.367061,-8.004123],[-81.37103,-7.996061],[-81.375,-7.988]]}},{"type":"Feature","properties":{"PLATEBOUND":"NZ\\SA","STEPCLASS":"SUB","BOUNDCONT":"TRUE","OROGEN":"TRUE"},"geometry":{"type":"LineString","coordinates":[[-81.375,-7.988],[-81.377234,-7.979257],[-81.379469,-7.970514],[-81.381703,-7.961771],[-81.383937,-7.953028],[-81.386171,-7.944285],[-81.388404,-7.935542],[-81.390638,-7.926799],[-81.392872,-7.918056],[-81.395105,-7.909312],[-81.397339,-7.900569],[-81.399572,-7.891826],[-81.401806,-7.883083],[-81.404039,-7.87434],[-81.406272,-7.865597],[-81.408505,-7.856853],[-81.410738,-7.84811],[-81.412971,-7.839367],[-81.415203,-7.830624],[-81.417436,-7.82188],[-81.419668,-7.813137],[-81.421901,-7.804394],[-81.424133,-7.79565],[-81.426365,-7.786907],[-81.428598,-7.778164],[-81.43083,-7.76942],[-81.433062,-7.760677],[-81.435294,-7.751933],[-81.437525,-7.74319],[-81.439757,-7.734447],[-81.441989,-7.725703],[-81.44422,-7.71696],[-81.446452,-7.708216],[-81.448683,-7.699473],[-81.450914,-7.690729],[-81.453145,-7.681986],[-81.455376,-7.673242],[-81.457607,-7.664499],[-81.459838,-7.655755],[-81.462069,-7.647011],[-81.4643,-7.638268],[-81.46653,-7.629524],[-81.468761,-7.620781],[-81.470991,-7.612037],[-81.473222,-7.603293],[-81.475452,-7.59455],[-81.477682,-7.585806],[-81.479912,-7.577062],[-81.482142,-7.568319],[-81.484372,-7.559575],[-81.486602,-7.550831],[-81.488831,-7.542087],[-81.491061,-7.533343],[-81.493291,-7.5246],[-81.49552,-7.515856],[-81.497749,-7.507112],[-81.499979,-7.498368],[-81.502208,-7.489624],[-81.504437,-7.48088],[-81.506666,-7.472137],[-81.508895,-7.463393],[-81.511124,-7.454649],[-81.513352,-7.445905],[-81.515581,-7.437161],[-81.51781,-7.428417],[-81.520038,-7.419673],[-81.522266,-7.410929],[-81.524495,-7.402185],[-81.526723,-7.393441],[-81.528951,-7.384697],[-81.531179,-7.375953],[-81.533407,-7.367209],[-81.535635,-7.358465],[-81.537863,-7.349721],[-81.54009,-7.340977],[-81.542318,-7.332232],[-81.544545,-7.323488],[-81.546773,-7.314744],[-81.549,-7.306]]}},{"type":"Feature","properties":{"PLATEBOUND":"NZ\\SA","STEPCLASS":"SUB","BOUNDCONT":"TRUE","OROGEN":"TRUE"},"geometry":{"type":"LineString","coordinates":[[-81.549,-7.306],[-81.552056,-7.297546],[-81.555112,-7.289093],[-81.558168,-7.280639],[-81.561224,-7.272185],[-81.56428,-7.263731],[-81.567335,-7.255278],[-81.570391,-7.246824],[-81.573446,-7.23837],[-81.576501,-7.229916],[-81.579557,-7.221462],[-81.582612,-7.213008],[-81.585667,-7.204554],[-81.588721,-7.1961],[-81.591776,-7.187647],[-81.594831,-7.179193],[-81.597885,-7.170738],[-81.600939,-7.162284],[-81.603994,-7.15383],[-81.607048,-7.145376],[-81.610102,-7.136922],[-81.613156,-7.128468],[-81.61621,-7.120014],[-81.619263,-7.11156],[-81.622317,-7.103105],[-81.62537,-7.094651],[-81.628424,-7.086197],[-81.631477,-7.077743],[-81.63453,-7.069288],[-81.637583,-7.060834],[-81.640636,-7.05238],[-81.643689,-7.043925],[-81.646741,-7.035471],[-81.649794,-7.027017],[-81.652846,-7.018562],[-81.655899,-7.010108],[-81.658951,-7.001653],[-81.662003,-6.993199],[-81.665055,-6.984744],[-81.668107,-6.97629],[-81.671159,-6.967835],[-81.674211,-6.95938],[-81.677262,-6.950926],[-81.680314,-6.942471],[-81.683365,-6.934016],[-81.686416,-6.925562],[-81.689467,-6.917107],[-81.692519,-6.908652],[-81.695569,-6.900198],[-81.69862,-6.891743],[-81.701671,-6.883288],[-81.704722,-6.874833],[-81.707772,-6.866378],[-81.710822,-6.857923],[-81.713873,-6.849469],[-81.716923,-6.841014],[-81.719973,-6.832559],[-81.723023,-6.824104],[-81.726073,-6.815649],[-81.729123,-6.807194],[-81.732172,-6.798739],[-81.735222,-6.790284],[-81.738271,-6.781829],[-81.741321,-6.773374],[-81.74437,-6.764918],[-81.747419,-6.756463],[-81.750468,-6.748008],[-81.753517,-6.739553],[-81.756566,-6.731098],[-81.759614,-6.722643],[-81.762663,-6.714187],[-81.765711,-6.705732],[-81.76876,-6.697277],[-81.771808,-6.688821],[-81.774856,-6.680366],[-81.777904,-6.671911],[-81.780952,-6.663455],[-81.784,-6.655]]}},{"type":"Feature","properties":{"PLATEBOUND":"NZ\\SA","STEPCLASS":"SUB","BOUNDCONT":"TRUE","OROGEN":"TRUE"},"geometry":{"type":"LineString","coordinates":[[-81.784,-6.655],[-81.78627,-6.646307],[-81.788539,-6.637614],[-81.790808,-6.628921],[-81.793078,-6.620229],[-81.795347,-6.611536],[-81.797616,-6.602843],[-81.799885,-6.59415],[-81.802154,-6.585457],[-81.804423,-6.576764],[-81.806692,-6.568071],[-81.80896,-6.559378],[-81.811229,-6.550685],[-81.813498,-6.541992],[-81.815766,-6.533299],[-81.818034,-6.524606],[-81.820303,-6.515913],[-81.822571,-6.50722],[-81.824839,-6.498527],[-81.827107,-6.489834],[-81.829375,-6.48114],[-81.831643,-6.472447],[-81.833911,-6.463754],[-81.836179,-6.455061],[-81.838447,-6.446368],[-81.840714,-6.437675],[-81.842982,-6.428982],[-81.845249,-6.420288],[-81.847517,-6.411595],[-81.849784,-6.402902],[-81.852051,-6.394209],[-81.854319,-6.385515],[-81.856586,-6.376822],[-81.858853,-6.368129],[-81.86112,-6.359436],[-81.863386,-6.350742],[-81.865653,-6.342049],[-81.86792,-6.333356],[-81.870187,-6.324662],[-81.872453,-6.315969],[-81.87472,-6.307276],[-81.876986,-6.298582],[-81.879252,-6.289889],[-81.881519,-6.281195],[-81.883785,-6.272502],[-81.886051,-6.263809],[-81.888317,-6.255115],[-81.890583,-6.246422],[-81.892849,-6.237728],[-81.895115,-6.229035],[-81.89738,-6.220341],[-81.899646,-6.211648],[-81.901912,-6.202954],[-81.904177,-6.194261],[-81.906443,-6.185567],[-81.908708,-6.176874],[-81.910973,-6.16818],[-81.913239,-6.159487],[-81.915504,-6.150793],[-81.917769,-6.142099],[-81.920034,-6.133406],[-81.922299,-6.124712],[-81.924564,-6.116018],[-81.926828,-6.107325],[-81.929093,-6.098631],[-81.931358,-6.089937],[-81.933622,-6.081244],[-81.935887,-6.07255],[-81.938151,-6.063856],[-81.940415,-6.055163],[-81.94268,-6.046469],[-81.944944,-6.037775],[-81.947208,-6.029081],[-81.949472,-6.020388],[-81.951736,-6.011694],[-81.954,-6.003]]}},{"type":"Feature","properties":{"PLATEBOUND":"NZ\\SA","STEPCLASS":"SUB","BOUNDCONT":"TRUE","OROGEN":"TRUE"},"geometry":{"type":"LineString","coordinates":[[-81.954,-6.003],[-81.954524,-5.994072],[-81.955049,-5.985143],[-81.955573,-5.976215],[-81.956098,-5.967286],[-81.956622,-5.958358],[-81.957147,-5.949429],[-81.957671,-5.940501],[-81.958195,-5.931572],[-81.95872,-5.922644],[-81.959244,-5.913715],[-81.959768,-5.904787],[-81.960293,-5.895859],[-81.960817,-5.88693],[-81.961341,-5.878002],[-81.961866,-5.869073],[-81.96239,-5.860145],[-81.962914,-5.851216],[-81.963438,-5.842288],[-81.963962,-5.833359],[-81.964487,-5.824431],[-81.965011,-5.815502],[-81.965535,-5.806574],[-81.966059,-5.797645],[-81.966583,-5.788717],[-81.967107,-5.779788],[-81.967631,-5.77086],[-81.968155,-5.761931],[-81.968679,-5.753003],[-81.969203,-5.744074],[-81.969727,-5.735145],[-81.970251,-5.726217],[-81.970775,-5.717288],[-81.971299,-5.70836],[-81.971823,-5.699431],[-81.972347,-5.690503],[-81.972871,-5.681574],[-81.973395,-5.672646],[-81.973919,-5.663717],[-81.974443,-5.654789],[-81.974966,-5.64586],[-81.97549,-5.636931],[-81.976014,-5.628003],[-81.976538,-5.619074],[-81.977062,-5.610146],[-81.977585,-5.601217],[-81.978109,-5.592289],[-81.978633,-5.58336],[-81.979157,-5.574431],[-81.97968,-5.565503],[-81.980204,-5.556574],[-81.980728,-5.547646],[-81.981251,-5.538717],[-81.981775,-5.529788],[-81.982299,-5.52086],[-81.982822,-5.511931],[-81.983346,-5.503002],[-81.983869,-5.494074],[-81.984393,-5.485145],[-81.984916,-5.476217],[-81.98544,-5.467288],[-81.985963,-5.458359],[-81.986487,-5.449431],[-81.98701,-5.440502],[-81.987534,-5.431573],[-81.988057,-5.422645],[-81.988581,-5.413716],[-81.989104,-5.404788],[-81.989628,-5.395859],[-81.990151,-5.38693],[-81.990674,-5.378002],[-81.991198,-5.369073],[-81.991721,-5.360144],[-81.992244,-5.351216],[-81.992768,-5.342287],[-81.993291,-5.333358],[-81.993814,-5.32443],[-81.994338,-5.315501],[-81.994861,-5.306572],[-81.995384,-5.297643],[-81.995907,-5.288715],[-81.99643,-5.279786],[-81.996954,-5.270857],[-81.997477,-5.261929],[-81.998,-5.253]]}},{"type":"Feature","properties":{"PLATEBOUND":"NZ\\SA","STEPCLASS":"SUB","BOUNDCONT":"TRUE","OROGEN":"TRUE"},"geometry":{"type":"LineString","coordinates":[[-81.998,-5.253],[-81.998145,-5.243976],[-81.998289,-5.234952],[-81.998434,-5.225928],[-81.998579,-5.216904],[-81.998724,-5.20788],[-81.998868,-5.198856],[-81.999013,-5.189832],[-81.999158,-5.180808],[-81.999303,-5.171784],[-81.999447,-5.16276],[-81.999592,-5.153736],[-81.999737,-5.144712],[-81.999881,-5.135688],[-82.000026,-5.126664],[-82.000171,-5.11764],[-82.000315,-5.108616],[-82.00046,-5.099592],[-82.000605,-5.090568],[-82.000749,-5.081544],[-82.000894,-5.07252],[-82.001039,-5.063496],[-82.001183,-5.054472],[-82.001328,-5.045447],[-82.001473,-5.036423],[-82.001617,-5.027399],[-82.001762,-5.018375],[-82.001907,-5.009351],[-82.002051,-5.000327],[-82.002196,-4.991303],[-82.00234,-4.982279],[-82.002485,-4.973255],[-82.00263,-4.964231],[-82.002774,-4.955207],[-82.002919,-4.946183],[-82.003063,-4.937159],[-82.003208,-4.928135],[-82.003353,-4.919111],[-82.003497,-4.910086],[-82.003642,-4.901062],[-82.003786,-4.892038],[-82.003931,-4.883014],[-82.004076,-4.87399],[-82.00422,-4.864966],[-82.004365,-4.855942],[-82.004509,-4.846918],[-82.004654,-4.837894],[-82.004798,-4.82887],[-82.004943,-4.819845],[-82.005088,-4.810821],[-82.005232,-4.801797],[-82.005377,-4.792773],[-82.005521,-4.783749],[-82.005666,-4.774725],[-82.00581,-4.765701],[-82.005955,-4.756677],[-82.006099,-4.747652],[-82.006244,-4.738628],[-82.006388,-4.729604],[-82.006533,-4.72058],[-82.006677,-4.711556],[-82.006822,-4.702532],[-82.006966,-4.693508],[-82.007111,-4.684483],[-82.007255,-4.675459],[-82.0074,-4.666435],[-82.007544,-4.657411],[-82.007689,-4.648387],[-82.007833,-4.639363],[-82.007978,-4.630339],[-82.008122,-4.621314],[-82.008267,-4.61229],[-82.008411,-4.603266],[-82.008556,-4.594242],[-82.0087,-4.585218],[-82.008845,-4.576193],[-82.008989,-4.567169],[-82.009133,-4.558145],[-82.009278,-4.549121],[-82.009422,-4.540097],[-82.009567,-4.531073],[-82.009711,-4.522048],[-82.009856,-4.513024],[-82.01,-4.504]]}},{"type":"Feature","properties":{"PLATEBOUND":"NZ\\SA","STEPCLASS":"SUB","BOUNDCONT":"TRUE","OROGEN":"TRUE"},"geometry":{"type":"LineString","coordinates":[[-82.01,-4.504],[-82.009045,-4.495102],[-82.008089,-4.486205],[-82.007134,-4.477307],[-82.006178,-4.46841],[-82.005223,-4.459512],[-82.004267,-4.450614],[-82.003312,-4.441717],[-82.002357,-4.432819],[-82.001401,-4.423922],[-82.000446,-4.415024],[-81.999491,-4.406126],[-81.998536,-4.397229],[-81.99758,-4.388331],[-81.996625,-4.379433],[-81.99567,-4.370536],[-81.994715,-4.361638],[-81.99376,-4.352741],[-81.992805,-4.343843],[-81.99185,-4.334945],[-81.990894,-4.326048],[-81.989939,-4.31715],[-81.988984,-4.308252],[-81.988029,-4.299355],[-81.987074,-4.290457],[-81.986119,-4.281559],[-81.985165,-4.272662],[-81.98421,-4.263764],[-81.983255,-4.254866],[-81.9823,-4.245969],[-81.981345,-4.237071],[-81.98039,-4.228173],[-81.979435,-4.219276],[-81.978481,-4.210378],[-81.977526,-4.20148],[-81.976571,-4.192582],[-81.975616,-4.183685],[-81.974662,-4.174787],[-81.973707,-4.165889],[-81.972752,-4.156992],[-81.971798,-4.148094],[-81.970843,-4.139196],[-81.969889,-4.130298],[-81.968934,-4.121401],[-81.96798,-4.112503],[-81.967025,-4.103605],[-81.96607,-4.094708],[-81.965116,-4.08581],[-81.964162,-4.076912],[-81.963207,-4.068014],[-81.962253,-4.059117],[-81.961298,-4.050219],[-81.960344,-4.041321],[-81.95939,-4.032423],[-81.958435,-4.023526],[-81.957481,-4.014628],[-81.956527,-4.00573],[-81.955572,-3.996832],[-81.954618,-3.987935],[-81.953664,-3.979037],[-81.95271,-3.970139],[-81.951756,-3.961241],[-81.950801,-3.952343],[-81.949847,-3.943446],[-81.948893,-3.934548],[-81.947939,-3.92565],[-81.946985,-3.916752],[-81.946031,-3.907854],[-81.945077,-3.898957],[-81.944123,-3.890059],[-81.943169,-3.881161],[-81.942215,-3.872263],[-81.941261,-3.863365],[-81.940307,-3.854468],[-81.939353,-3.84557],[-81.938399,-3.836672],[-81.937445,-3.827774],[-81.936491,-3.818876],[-81.935537,-3.809978],[-81.934584,-3.801081],[-81.93363,-3.792183],[-81.932676,-3.783285],[-81.931722,-3.774387],[-81.930768,-3.765489],[-81.929815,-3.756591],[-81.928861,-3.747694],[-81.927907,-3.738796],[-81.926954,-3.729898],[-81.926,-3.721]]}},{"type":"Feature","properties":{"PLATEBOUND":"NZ\\SA","STEPCLASS":"SUB","BOUNDCONT":"TRUE","OROGEN":"TRUE"},"geometry":{"type":"LineString","coordinates":[[-81.926,-3.721],[-81.920888,-3.713563],[-81.915776,-3.706127],[-81.910664,-3.69869],[-81.905553,-3.691254],[-81.900441,-3.683817],[-81.89533,-3.67638],[-81.890218,-3.668943],[-81.885107,-3.661507],[-81.879995,-3.65407],[-81.874884,-3.646633],[-81.869773,-3.639196],[-81.864662,-3.631759],[-81.859551,-3.624322],[-81.85444,-3.616885],[-81.84933,-3.609448],[-81.844219,-3.602011],[-81.839108,-3.594574],[-81.833998,-3.587137],[-81.828887,-3.5797],[-81.823777,-3.572263],[-81.818667,-3.564826],[-81.813556,-3.557388],[-81.808446,-3.549951],[-81.803336,-3.542514],[-81.798226,-3.535077],[-81.793116,-3.527639],[-81.788007,-3.520202],[-81.782897,-3.512765],[-81.777787,-3.505327],[-81.772678,-3.49789],[-81.767568,-3.490452],[-81.762459,-3.483015],[-81.75735,-3.475577],[-81.75224,-3.46814],[-81.747131,-3.460702],[-81.742022,-3.453265],[-81.736913,-3.445827],[-81.731804,-3.438389],[-81.726695,-3.430952],[-81.721587,-3.423514],[-81.716478,-3.416076],[-81.711369,-3.408638],[-81.706261,-3.4012],[-81.701153,-3.393763],[-81.696044,-3.386325],[-81.690936,-3.378887],[-81.685828,-3.371449],[-81.68072,-3.364011],[-81.675612,-3.356573],[-81.670504,-3.349135],[-81.665396,-3.341697],[-81.660288,-3.334259],[-81.65518,-3.326821],[-81.650072,-3.319383],[-81.644965,-3.311945],[-81.639857,-3.304506],[-81.63475,-3.297068],[-81.629643,-3.28963],[-81.624535,-3.282192],[-81.619428,-3.274753],[-81.614321,-3.267315],[-81.609214,-3.259877],[-81.604107,-3.252438],[-81.599,-3.245]]}},{"type":"Feature","properties":{"PLATEBOUND":"NZ\\ND","STEPCLASS":"SUB","BOUNDCONT":"FALSE","OROGEN":"TRUE"},"geometry":{"type":"LineString","coordinates":[[-81.599,-3.245],[-81.600893,-3.23625],[-81.602787,-3.2275],[-81.60468,-3.21875],[-81.606573,-3.21],[-81.608466,-3.20125],[-81.610359,-3.1925],[-81.612252,-3.18375],[-81.614145,-3.175],[-81.616038,-3.16625],[-81.617931,-3.1575],[-81.619824,-3.14875],[-81.621717,-3.14],[-81.62361,-3.13125],[-81.625503,-3.1225],[-81.627396,-3.11375],[-81.629289,-3.105],[-81.631181,-3.09625],[-81.633074,-3.0875],[-81.634967,-3.07875],[-81.63686,-3.07],[-81.638752,-3.06125],[-81.640645,-3.0525],[-81.642538,-3.04375],[-81.64443,-3.035],[-81.646323,-3.02625],[-81.648215,-3.0175],[-81.650108,-3.00875],[-81.652,-3.0]]}},{"type":"Feature","properties":{"PLATEBOUND":"NZ\\ND","STEPCLASS":"SUB","BOUNDCONT":"TRUE","OROGEN":"TRUE"},"geometry":{"type":"LineString","coordinates":[[-81.652,-3.0],[-81.650124,-2.991203],[-81.648248,-2.982407],[-81.646372,-2.97361],[-81.644497,-2.964813],[-81.642621,-2.956016],[-81.640745,-2.94722],[-81.638869,-2.938423],[-81.636994,-2.929626],[-81.635118,-2.920829],[-81.633242,-2.912032],[-81.631367,-2.903236],[-81.629491,-2.894439],[-81.627616,-2.885642],[-81.62574,-2.876845],[-81.623865,-2.868048],[-81.621989,-2.859252],[-81.620114,-2.850455],[-81.618239,-2.841658],[-81.616363,-2.832861],[-81.614488,-2.824064],[-81.612613,-2.815268],[-81.610737,-2.806471],[-81.608862,-2.797674],[-81.606987,-2.788877],[-81.605112,-2.78008],[-81.603236,-2.771283],[-81.601361,-2.762486],[-81.599486,-2.75369],[-81.597611,-2.744893],[-81.595736,-2.736096],[-81.593861,-2.727299],[-81.591986,-2.718502],[-81.590111,-2.709705],[-81.588236,-2.700908],[-81.586361,-2.692112],[-81.584486,-2.683315],[-81.582612,-2.674518],[-81.580737,-2.665721],[-81.578862,-2.656924],[-81.576987,-2.648127],[-81.575112,-2.63933],[-81.573238,-2.630533],[-81.571363,-2.621736],[-81.569488,-2.612939],[-81.567614,-2.604142],[-81.565739,-2.595345],[-81.563864,-2.586549],[-81.56199,-2.577752],[-81.560115,-2.568955],[-81.558241,-2.560158],[-81.556366,-2.551361],[-81.554492,-2.542564],[-81.552617,-2.533767],[-81.550743,-2.52497],[-81.548868,-2.516173],[-81.546994,-2.507376],[-81.54512,-2.498579],[-81.543245,-2.489782],[-81.541371,-2.480985],[-81.539497,-2.472188],[-81.537623,-2.463391],[-81.535748,-2.454594],[-81.533874,-2.445797],[-81.532,-2.437]]}},{"type":"Feature","properties":{"PLATEBOUND":"NZ\\ND","STEPCLASS":"SUB","BOUNDCONT":"TRUE","OROGEN":"FALSE"},"geometry":{"type":"LineString","coordinates":[[-81.532,-2.437],[-81.532958,-2.4281],[-81.533915,-2.4192],[-81.534873,-2.4103],[-81.53583,-2.4014],[-81.536788,-2.3925],[-81.537745,-2.3836],[-81.538703,-2.3747],[-81.53966,-2.3658],[-81.540617,-2.3569],[-81.541575,-2.348001],[-81.542532,-2.339101],[-81.54349,-2.330201],[-81.544447,-2.321301],[-81.545404,-2.312401],[-81.546362,-2.303501],[-81.547319,-2.294601],[-81.548276,-2.285701],[-81.549234,-2.276801],[-81.550191,-2.267901],[-81.551148,-2.259001],[-81.552106,-2.250101],[-81.553063,-2.241201],[-81.55402,-2.232301],[-81.554978,-2.223401],[-81.555935,-2.214501],[-81.556892,-2.205601],[-81.557849,-2.196701],[-81.558807,-2.187801],[-81.559764,-2.178901],[-81.560721,-2.170001],[-81.561678,-2.161101],[-81.562635,-2.152201],[-81.563592,-2.143301],[-81.56455,-2.134401],[-81.565507,-2.125501],[-81.566464,-2.116601],[-81.567421,-2.107701],[-81.568378,-2.098801],[-81.569335,-2.089901],[-81.570292,-2.081001],[-81.571249,-2.072101],[-81.572206,-2.063201],[-81.573163,-2.054301],[-81.57412,-2.045401],[-81.575078,-2.036501],[-81.576035,-2.027601],[-81.576992,-2.018701],[-81.577949,-2.009801],[-81.578906,-2.000901],[-81.579863,-1.992001],[-81.580819,-1.983101],[-81.581776,-1.974201],[-81.582733,-1.965301],[-81.58369,-1.956401],[-81.584647,-1.947501],[-81.585604,-1.938601],[-81.586561,-1.929701],[-81.587518,-1.920801],[-81.588475,-1.911901],[-81.589432,-1.903],[-81.590389,-1.8941],[-81.591345,-1.8852],[-81.592302,-1.8763],[-81.593259,-1.8674],[-81.594216,-1.8585],[-81.595173,-1.8496],[-81.59613,-1.8407],[-81.597086,-1.8318],[-81.598043,-1.8229],[-81.599,-1.814]]}},{"type":"Feature","properties":{"PLATEBOUND":"NZ\\ND","STEPCLASS":"SUB","BOUNDCONT":"TRUE","OROGEN":"FALSE"},"geometry":{"type":"LineString","coordinates":[[-81.599,-1.814],[-81.596782,-1.805337],[-81.594565,-1.796675],[-81.592347,-1.788012],[-81.59013,-1.77935],[-81.587912,-1.770687],[-81.585695,-1.762025],[-81.583477,-1.753362],[-81.58126,-1.7447],[-81.579042,-1.736037],[-81.576825,-1.727375],[-81.574607,-1.718712],[-81.57239,-1.710049],[-81.570173,-1.701387],[-81.567955,-1.692724],[-81.565738,-1.684062],[-81.563521,-1.675399],[-81.561303,-1.666737],[-81.559086,-1.658074],[-81.556869,-1.649411],[-81.554652,-1.640749],[-81.552434,-1.632086],[-81.550217,-1.623424],[-81.548,-1.614761],[-81.545783,-1.606098],[-81.543566,-1.597436],[-81.541349,-1.588773],[-81.539131,-1.580111],[-81.536914,-1.571448],[-81.534697,-1.562785],[-81.53248,-1.554123],[-81.530263,-1.54546],[-81.528046,-1.536798],[-81.525829,-1.528135],[-81.523612,-1.519472],[-81.521395,-1.51081],[-81.519178,-1.502147],[-81.516961,-1.493484],[-81.514744,-1.484822],[-81.512528,-1.476159],[-81.510311,-1.467496],[-81.508094,-1.458834],[-81.505877,-1.450171],[-81.50366,-1.441508],[-81.501443,-1.432846],[-81.499227,-1.424183],[-81.49701,-1.41552],[-81.494793,-1.406858],[-81.492576,-1.398195],[-81.49036,-1.389532],[-81.488143,-1.38087],[-81.485926,-1.372207],[-81.48371,-1.363544],[-81.481493,-1.354882],[-81.479276,-1.346219],[-81.47706,-1.337556],[-81.474843,-1.328894],[-81.472626,-1.320231],[-81.47041,-1.311568],[-81.468193,-1.302906],[-81.465977,-1.294243],[-81.46376,-1.28558],[-81.461544,-1.276917],[-81.459327,-1.268255],[-81.457111,-1.259592],[-81.454894,-1.250929],[-81.452678,-1.242267],[-81.450461,-1.233604],[-81.448245,-1.224941],[-81.446028,-1.216278],[-81.443812,-1.207616],[-81.441596,-1.198953],[-81.439379,-1.19029],[-81.437163,-1.181627],[-81.434947,-1.172965],[-81.43273,-1.164302],[-81.430514,-1.155639],[-81.428298,-1.146977],[-81.426081,-1.138314],[-81.423865,-1.129651],[-81.421649,-1.120988],[-81.419432,-1.112326],[-81.417216,-1.103663],[-81.415,-1.095]]}},{"type":"Feature","properties":{"PLATEBOUND":"NZ\\ND","STEPCLASS":"SUB","BOUNDCONT":"TRUE","OROGEN":"FALSE"},"geometry":{"type":"LineString","coordinates":[[-81.415,-1.095],[-81.413,-1.08628],[-81.410999,-1.077559],[-81.408999,-1.068839],[-81.406998,-1.060119],[-81.404998,-1.051398],[-81.402998,-1.042678],[-81.400997,-1.033957],[-81.398997,-1.025237],[-81.396997,-1.016517],[-81.394997,-1.007796],[-81.392996,-0.999076],[-81.390996,-0.990355],[-81.388996,-0.981635],[-81.386995,-0.972915],[-81.384995,-0.964194],[-81.382995,-0.955474],[-81.380995,-0.946754],[-81.378994,-0.938033],[-81.376994,-0.929313],[-81.374994,-0.920592],[-81.372994,-0.911872],[-81.370994,-0.903152],[-81.368994,-0.894431],[-81.366993,-0.885711],[-81.364993,-0.87699],[-81.362993,-0.86827],[-81.360993,-0.85955],[-81.358993,-0.850829],[-81.356993,-0.842109],[-81.354993,-0.833388],[-81.352993,-0.824668],[-81.350992,-0.815947],[-81.348992,-0.807227],[-81.346992,-0.798507],[-81.344992,-0.789786],[-81.342992,-0.781066],[-81.340992,-0.772345],[-81.338992,-0.763625],[-81.336992,-0.754904],[-81.334992,-0.746184],[-81.332992,-0.737464],[-81.330992,-0.728743],[-81.328992,-0.720023],[-81.326992,-0.711302],[-81.324992,-0.702582],[-81.322992,-0.693861],[-81.320992,-0.685141],[-81.318992,-0.676421],[-81.316992,-0.6677],[-81.314992,-0.65898],[-81.312992,-0.650259],[-81.310992,-0.641539],[-81.308992,-0.632818],[-81.306993,-0.624098],[-81.304993,-0.615378],[-81.302993,-0.606657],[-81.300993,-0.597937],[-81.298993,-0.589216],[-81.296993,-0.580496],[-81.294993,-0.571775],[-81.292993,-0.563055],[-81.290993,-0.554334],[-81.288994,-0.545614],[-81.286994,-0.536893],[-81.284994,-0.528173],[-81.282994,-0.519453],[-81.280994,-0.510732],[-81.278994,-0.502012],[-81.276995,-0.493291],[-81.274995,-0.484571],[-81.272995,-0.47585],[-81.270995,-0.46713],[-81.268995,-0.458409],[-81.266995,-0.449689],[-81.264996,-0.440968],[-81.262996,-0.432248],[-81.260996,-0.423528],[-81.258996,-0.414807],[-81.256997,-0.406087],[-81.254997,-0.397366],[-81.252997,-0.388646],[-81.250997,-0.379925],[-81.248997,-0.371205],[-81.246998,-0.362484],[-81.244998,-0.353764],[-81.242998,-0.345043],[-81.240998,-0.336323],[-81.238999,-0.327602],[-81.236999,-0.318882],[-81.234999,-0.310161],[-81.232999,-0.301441],[-81.231,-0.29272],[-81.229,-0.284]]}},{"type":"Feature","properties":{"PLATEBOUND":"NZ\\ND","STEPCLASS":"SUB","BOUNDCONT":"TRUE","OROGEN":"FALSE"},"geometry":{"type":"LineString","coordinates":[[-81.229,-0.284],[-81.225114,-0.275864],[-81.221227,-0.267727],[-81.217341,-0.259591],[-81.213454,-0.251455],[-81.209568,-0.243318],[-81.205682,-0.235182],[-81.201795,-0.227045],[-81.197909,-0.218909],[-81.194023,-0.210773],[-81.190136,-0.202636],[-81.18625,-0.1945],[-81.182364,-0.186364],[-81.178477,-0.178227],[-81.174591,-0.170091],[-81.170704,-0.161955],[-81.166818,-0.153818],[-81.162932,-0.145682],[-81.159045,-0.137545],[-81.155159,-0.129409],[-81.151273,-0.121273],[-81.147387,-0.113136],[-81.1435,-0.105],[-81.139614,-0.096864],[-81.135728,-0.088727],[-81.131841,-0.080591],[-81.127955,-0.072454],[-81.124069,-0.064318],[-81.120182,-0.056182],[-81.116296,-0.048045],[-81.11241,-0.039909],[-81.108523,-0.031773],[-81.104637,-0.023636],[-81.100751,-0.0155],[-81.096864,-0.007363],[-81.092978,0.000773],[-81.089092,0.008909],[-81.085206,0.017046],[-81.081319,0.025182],[-81.077433,0.033318],[-81.073547,0.041455],[-81.06966,0.049591],[-81.065774,0.057728],[-81.061888,0.065864],[-81.058001,0.074],[-81.054115,0.082137],[-81.050229,0.090273],[-81.046342,0.098409],[-81.042456,0.106546],[-81.03857,0.114682],[-81.034683,0.122819],[-81.030797,0.130955],[-81.026911,0.139091],[-81.023024,0.147228],[-81.019138,0.155364],[-81.015252,0.1635],[-81.011365,0.171637],[-81.007479,0.179773],[-81.003593,0.18791],[-80.999706,0.196046],[-80.99582,0.204182],[-80.991934,0.212319],[-80.988047,0.220455],[-80.984161,0.228591],[-80.980275,0.236728],[-80.976388,0.244864],[-80.972502,0.253],[-80.968615,0.261137],[-80.964729,0.269273],[-80.960843,0.27741],[-80.956956,0.285546],[-80.95307,0.293682],[-80.949183,0.301819],[-80.945297,0.309955],[-80.941411,0.318091],[-80.937524,0.326228],[-80.933638,0.334364],[-80.929751,0.3425],[-80.925865,0.350637],[-80.921978,0.358773],[-80.918092,0.366909],[-80.914205,0.375046],[-80.910319,0.383182],[-80.906433,0.391318],[-80.902546,0.399455],[-80.89866,0.407591],[-80.894773,0.415727],[-80.890887,0.423864],[-80.887,0.432]]}},{"type":"Feature","properties":{"PLATEBOUND":"NZ\\ND","STEPCLASS":"SUB","BOUNDCONT":"TRUE","OROGEN":"FALSE"},"geometry":{"type":"LineString","coordinates":[[-80.887,0.432],[-80.882936,0.440065],[-80.878871,0.44813],[-80.874807,0.456195],[-80.870742,0.46426],[-80.866678,0.472325],[-80.862613,0.48039],[-80.858549,0.488455],[-80.854484,0.49652],[-80.85042,0.504586],[-80.846355,0.512651],[-80.842291,0.520716],[-80.838226,0.528781],[-80.834161,0.536846],[-80.830097,0.544911],[-80.826032,0.552976],[-80.821968,0.561041],[-80.817903,0.569106],[-80.813838,0.577171],[-80.809774,0.585236],[-80.805709,0.593301],[-80.801644,0.601366],[-80.79758,0.609431],[-80.793515,0.617496],[-80.78945,0.625561],[-80.785386,0.633626],[-80.781321,0.641691],[-80.777256,0.649756],[-80.773192,0.657821],[-80.769127,0.665886],[-80.765062,0.673951],[-80.760997,0.682016],[-80.756932,0.690081],[-80.752868,0.698146],[-80.748803,0.706211],[-80.744738,0.714276],[-80.740673,0.722341],[-80.736608,0.730406],[-80.732543,0.738471],[-80.728478,0.746535],[-80.724414,0.7546],[-80.720349,0.762665],[-80.716284,0.77073],[-80.712219,0.778795],[-80.708154,0.78686],[-80.704089,0.794925],[-80.700024,0.80299],[-80.695959,0.811055],[-80.691894,0.81912],[-80.687829,0.827185],[-80.683764,0.83525],[-80.679699,0.843315],[-80.675633,0.851379],[-80.671568,0.859444],[-80.667503,0.867509],[-80.663438,0.875574],[-80.659373,0.883639],[-80.655308,0.891704],[-80.651242,0.899769],[-80.647177,0.907833],[-80.643112,0.915898],[-80.639047,0.923963],[-80.634981,0.932028],[-80.630916,0.940093],[-80.626851,0.948158],[-80.622786,0.956223],[-80.61872,0.964287],[-80.614655,0.972352],[-80.610589,0.980417],[-80.606524,0.988482],[-80.602459,0.996547],[-80.598393,1.004611],[-80.594328,1.012676],[-80.590262,1.020741],[-80.586197,1.028806],[-80.582131,1.03687],[-80.578066,1.044935],[-80.574,1.053]]}},{"type":"Feature","properties":{"PLATEBOUND":"NZ\\ND","STEPCLASS":"SUB","BOUNDCONT":"TRUE","OROGEN":"FALSE"},"geometry":{"type":"LineString","coordinates":[[-80.574,1.053],[-80.569595,1.06075],[-80.565189,1.0685],[-80.560784,1.076251],[-80.556378,1.084001],[-80.551973,1.091751],[-80.547567,1.099501],[-80.543161,1.107252],[-80.538756,1.115002],[-80.53435,1.122752],[-80.529944,1.130502],[-80.525539,1.138252],[-80.521133,1.146002],[-80.516727,1.153753],[-80.512322,1.161503],[-80.507916,1.169253],[-80.50351,1.177003],[-80.499104,1.184753],[-80.494698,1.192503],[-80.490292,1.200253],[-80.485887,1.208004],[-80.481481,1.215754],[-80.477075,1.223504],[-80.472669,1.231254],[-80.468263,1.239004],[-80.463857,1.246754],[-80.459451,1.254504],[-80.455045,1.262254],[-80.450638,1.270004],[-80.446232,1.277754],[-80.441826,1.285504],[-80.43742,1.293254],[-80.433014,1.301004],[-80.428608,1.308754],[-80.424201,1.316504],[-80.419795,1.324254],[-80.415389,1.332004],[-80.410982,1.339754],[-80.406576,1.347504],[-80.40217,1.355254],[-80.397763,1.363004],[-80.393357,1.370754],[-80.38895,1.378504],[-80.384544,1.386254],[-80.380137,1.394004],[-80.375731,1.401754],[-80.371324,1.409503],[-80.366917,1.417253],[-80.362511,1.425003],[-80.358104,1.432753],[-80.353697,1.440503],[-80.349291,1.448253],[-80.344884,1.456003],[-80.340477,1.463752],[-80.33607,1.471502],[-80.331663,1.479252],[-80.327256,1.487002],[-80.322849,1.494752],[-80.318442,1.502502],[-80.314035,1.510251],[-80.309628,1.518001],[-80.305221,1.525751],[-80.300814,1.533501],[-80.296407,1.54125],[-80.292,1.549]]}},{"type":"Feature","properties":{"PLATEBOUND":"NZ\\ND","STEPCLASS":"SUB","BOUNDCONT":"TRUE","OROGEN":"FALSE"},"geometry":{"type":"LineString","coordinates":[[-80.292,1.549],[-80.285816,1.555482],[-80.279633,1.561965],[-80.273449,1.568447],[-80.267266,1.574929],[-80.261082,1.581411],[-80.254898,1.587894],[-80.248715,1.594376],[-80.242531,1.600858],[-80.236347,1.60734],[-80.230163,1.613822],[-80.223979,1.620304],[-80.217795,1.626786],[-80.211611,1.633269],[-80.205427,1.639751],[-80.199243,1.646233],[-80.193059,1.652715],[-80.186875,1.659197],[-80.180691,1.665679],[-80.174507,1.672161],[-80.168322,1.678643],[-80.162138,1.685124],[-80.155954,1.691606],[-80.149769,1.698088],[-80.143585,1.70457],[-80.137401,1.711052],[-80.131216,1.717534],[-80.125032,1.724016],[-80.118847,1.730497],[-80.112662,1.736979],[-80.106478,1.743461],[-80.100293,1.749943],[-80.094108,1.756424],[-80.087923,1.762906],[-80.081739,1.769388],[-80.075554,1.775869],[-80.069369,1.782351],[-80.063184,1.788832],[-80.056999,1.795314],[-80.050814,1.801796],[-80.044629,1.808277],[-80.038443,1.814759],[-80.032258,1.82124],[-80.026073,1.827721],[-80.019888,1.834203],[-80.013702,1.840684],[-80.007517,1.847166],[-80.001332,1.853647],[-79.995146,1.860128],[-79.988961,1.86661],[-79.982775,1.873091],[-79.97659,1.879572],[-79.970404,1.886054],[-79.964218,1.892535],[-79.958033,1.899016],[-79.951847,1.905497],[-79.945661,1.911978],[-79.939475,1.91846],[-79.933289,1.924941],[-79.927103,1.931422],[-79.920917,1.937903],[-79.914731,1.944384],[-79.908545,1.950865],[-79.902359,1.957346],[-79.896173,1.963827],[-79.889986,1.970308],[-79.8838,1.976789],[-79.877614,1.98327],[-79.871427,1.989751],[-79.865241,1.996232],[-79.859055,2.002712],[-79.852868,2.009193],[-79.846681,2.015674],[-79.840495,2.022155],[-79.834308,2.028635],[-79.828121,2.035116],[-79.821935,2.041597],[-79.815748,2.048078],[-79.809561,2.054558],[-79.803374,2.061039],[-79.797187,2.067519],[-79.791,2.074]]}},{"type":"Feature","properties":{"PLATEBOUND":"NZ\\ND","STEPCLASS":"SUB","BOUNDCONT":"TRUE","OROGEN":"FALSE"},"geometry":{"type":"LineString","coordinates":[[-79.791,2.074],[-79.785096,2.080661],[-79.779191,2.087322],[-79.773287,2.093983],[-79.767382,2.100644],[-79.761478,2.107305],[-79.755573,2.113966],[-79.749669,2.120627],[-79.743764,2.127287],[-79.737859,2.133948],[-79.731955,2.140609],[-79.72605,2.14727],[-79.720145,2.153931],[-79.71424,2.160591],[-79.708335,2.167252],[-79.70243,2.173913],[-79.696525,2.180573],[-79.69062,2.187234],[-79.684715,2.193894],[-79.67881,2.200555],[-79.672904,2.207216],[-79.666999,2.213876],[-79.661094,2.220537],[-79.655188,2.227197],[-79.649283,2.233858],[-79.643377,2.240518],[-79.637472,2.247178],[-79.631566,2.253839],[-79.62566,2.260499],[-79.619755,2.26716],[-79.613849,2.27382],[-79.607943,2.28048],[-79.602037,2.28714],[-79.596131,2.293801],[-79.590225,2.300461],[-79.584319,2.307121],[-79.578413,2.313781],[-79.572507,2.320441],[-79.5666,2.327101],[-79.560694,2.333762],[-79.554788,2.340422],[-79.548881,2.347082],[-79.542975,2.353742],[-79.537068,2.360402],[-79.531162,2.367062],[-79.525255,2.373722],[-79.519348,2.380381],[-79.513442,2.387041],[-79.507535,2.393701],[-79.501628,2.400361],[-79.495721,2.407021],[-79.489814,2.413681],[-79.483907,2.42034],[-79.478,2.427]]}},{"type":"Feature","properties":{"PLATEBOUND":"NZ\\ND","STEPCLASS":"SUB","BOUNDCONT":"TRUE","OROGEN":"FALSE"},"geometry":{"type":"LineString","coordinates":[[-79.478,2.427],[-79.472096,2.433661],[-79.466192,2.440322],[-79.460288,2.446983],[-79.454383,2.453644],[-79.448479,2.460305],[-79.442575,2.466966],[-79.43667,2.473627],[-79.430766,2.480288],[-79.424861,2.486949],[-79.418957,2.49361],[-79.413052,2.500271],[-79.407147,2.506931],[-79.401242,2.513592],[-79.395338,2.520253],[-79.389433,2.526914],[-79.383528,2.533574],[-79.377623,2.540235],[-79.371718,2.546896],[-79.365812,2.553556],[-79.359907,2.560217],[-79.354002,2.566877],[-79.348097,2.573538],[-79.342191,2.580198],[-79.336286,2.586859],[-79.33038,2.593519],[-79.324475,2.60018],[-79.318569,2.60684],[-79.312663,2.613501],[-79.306757,2.620161],[-79.300852,2.626821],[-79.294946,2.633481],[-79.28904,2.640142],[-79.283134,2.646802],[-79.277228,2.653462],[-79.271322,2.660122],[-79.265415,2.666782],[-79.259509,2.673442],[-79.253603,2.680103],[-79.247696,2.686763],[-79.24179,2.693423],[-79.235883,2.700083],[-79.229977,2.706743],[-79.22407,2.713402],[-79.218163,2.720062],[-79.212257,2.726722],[-79.20635,2.733382],[-79.200443,2.740042],[-79.194536,2.746702],[-79.188629,2.753361],[-79.182722,2.760021],[-79.176815,2.766681],[-79.170907,2.77334],[-79.165,2.78]]}},{"type":"Feature","properties":{"PLATEBOUND":"NZ\\ND","STEPCLASS":"SUB","BOUNDCONT":"TRUE","OROGEN":"FALSE"},"geometry":{"type":"LineString","coordinates":[[-79.165,2.78],[-79.159287,2.786956],[-79.153574,2.793912],[-79.147861,2.800868],[-79.142148,2.807823],[-79.136435,2.814779],[-79.130722,2.821735],[-79.125009,2.828691],[-79.119296,2.835646],[-79.113583,2.842602],[-79.107869,2.849558],[-79.102156,2.856513],[-79.096442,2.863469],[-79.090729,2.870424],[-79.085015,2.87738],[-79.079301,2.884335],[-79.073587,2.891291],[-79.067873,2.898246],[-79.06216,2.905201],[-79.056446,2.912157],[-79.050731,2.919112],[-79.045017,2.926067],[-79.039303,2.933023],[-79.033589,2.939978],[-79.027874,2.946933],[-79.02216,2.953888],[-79.016445,2.960843],[-79.010731,2.967799],[-79.005016,2.974754],[-78.999301,2.981709],[-78.993587,2.988664],[-78.987872,2.995619],[-78.982157,3.002574],[-78.976442,3.009529],[-78.970727,3.016483],[-78.965012,3.023438],[-78.959296,3.030393],[-78.953581,3.037348],[-78.947866,3.044303],[-78.94215,3.051258],[-78.936435,3.058212],[-78.930719,3.065167],[-78.925003,3.072122],[-78.919288,3.079076],[-78.913572,3.086031],[-78.907856,3.092985],[-78.90214,3.09994],[-78.896424,3.106894],[-78.890708,3.113849],[-78.884992,3.120803],[-78.879275,3.127758],[-78.873559,3.134712],[-78.867843,3.141666],[-78.862126,3.148621],[-78.85641,3.155575],[-78.850693,3.162529],[-78.844976,3.169483],[-78.839259,3.176437],[-78.833543,3.183392],[-78.827826,3.190346],[-78.822109,3.1973],[-78.816392,3.204254],[-78.810674,3.211208],[-78.804957,3.218162],[-78.79924,3.225116],[-78.793522,3.23207],[-78.787805,3.239023],[-78.782087,3.245977],[-78.77637,3.252931],[-78.770652,3.259885],[-78.764934,3.266839],[-78.759216,3.273792],[-78.753498,3.280746],[-78.74778,3.2877],[-78.742062,3.294653],[-78.736344,3.301607],[-78.730626,3.30856],[-78.724907,3.315514],[-78.719189,3.322467],[-78.71347,3.329421],[-78.707752,3.336374],[-78.702033,3.343327],[-78.696314,3.350281],[-78.690595,3.357234],[-78.684876,3.364187],[-78.679157,3.371141],[-78.673438,3.378094],[-78.667719,3.385047],[-78.662,3.392]]}},{"type":"Feature","properties":{"PLATEBOUND":"NZ\\ND","STEPCLASS":"SUB","BOUNDCONT":"TRUE","OROGEN":"FALSE"},"geometry":{"type":"LineString","coordinates":[[-78.662,3.392],[-78.658147,3.400121],[-78.654295,3.408242],[-78.650442,3.416364],[-78.646589,3.424485],[-78.642736,3.432606],[-78.638883,3.440727],[-78.63503,3.448848],[-78.631177,3.456969],[-78.627324,3.46509],[-78.623471,3.473211],[-78.619618,3.481332],[-78.615764,3.489453],[-78.611911,3.497574],[-78.608058,3.505695],[-78.604204,3.513816],[-78.60035,3.521937],[-78.596497,3.530058],[-78.592643,3.538179],[-78.588789,3.5463],[-78.584935,3.554421],[-78.581082,3.562542],[-78.577228,3.570663],[-78.573373,3.578784],[-78.569519,3.586904],[-78.565665,3.595025],[-78.561811,3.603146],[-78.557957,3.611267],[-78.554102,3.619388],[-78.550248,3.627508],[-78.546393,3.635629],[-78.542539,3.64375],[-78.538684,3.65187],[-78.534829,3.659991],[-78.530974,3.668112],[-78.527119,3.676232],[-78.523264,3.684353],[-78.519409,3.692473],[-78.515554,3.700594],[-78.511699,3.708715],[-78.507844,3.716835],[-78.503989,3.724956],[-78.500133,3.733076],[-78.496278,3.741197],[-78.492422,3.749317],[-78.488567,3.757438],[-78.484711,3.765558],[-78.480855,3.773678],[-78.476999,3.781799],[-78.473144,3.789919],[-78.469288,3.798039],[-78.465432,3.80616],[-78.461576,3.81428],[-78.457719,3.8224],[-78.453863,3.830521],[-78.450007,3.838641],[-78.44615,3.846761],[-78.442294,3.854881],[-78.438437,3.863001],[-78.434581,3.871122],[-78.430724,3.879242],[-78.426867,3.887362],[-78.423011,3.895482],[-78.419154,3.903602],[-78.415297,3.911722],[-78.41144,3.919842],[-78.407583,3.927962],[-78.403725,3.936082],[-78.399868,3.944202],[-78.396011,3.952322],[-78.392153,3.960442],[-78.388296,3.968562],[-78.384438,3.976682],[-78.380581,3.984802],[-78.376723,3.992922],[-78.372865,4.001042],[-78.369007,4.009162],[-78.365149,4.017281],[-78.361291,4.025401],[-78.357433,4.033521],[-78.353575,4.041641],[-78.349717,4.049761],[-78.345858,4.05788],[-78.342,4.066]]}},{"type":"Feature","properties":{"PLATEBOUND":"NZ\\ND","STEPCLASS":"SUB","BOUNDCONT":"TRUE","OROGEN":"FALSE"},"geometry":{"type":"LineString","coordinates":[[-78.342,4.066],[-78.339092,4.074512],[-78.336183,4.083023],[-78.333275,4.091535],[-78.330367,4.100047],[-78.327458,4.108558],[-78.32455,4.11707],[-78.321641,4.125582],[-78.318733,4.134093],[-78.315824,4.142605],[-78.312915,4.151116],[-78.310006,4.159628],[-78.307097,4.16814],[-78.304188,4.176651],[-78.301279,4.185163],[-78.29837,4.193674],[-78.295461,4.202186],[-78.292552,4.210697],[-78.289643,4.219209],[-78.286733,4.22772],[-78.283824,4.236232],[-78.280914,4.244743],[-78.278005,4.253254],[-78.275095,4.261766],[-78.272186,4.270277],[-78.269276,4.278789],[-78.266366,4.2873],[-78.263456,4.295811],[-78.260546,4.304323],[-78.257636,4.312834],[-78.254726,4.321345],[-78.251816,4.329857],[-78.248906,4.338368],[-78.245996,4.346879],[-78.243085,4.355391],[-78.240175,4.363902],[-78.237265,4.372413],[-78.234354,4.380924],[-78.231444,4.389435],[-78.228533,4.397947],[-78.225622,4.406458],[-78.222711,4.414969],[-78.219801,4.42348],[-78.21689,4.431991],[-78.213979,4.440503],[-78.211068,4.449014],[-78.208157,4.457525],[-78.205245,4.466036],[-78.202334,4.474547],[-78.199423,4.483058],[-78.196512,4.491569],[-78.1936,4.50008],[-78.190689,4.508591],[-78.187777,4.517102],[-78.184865,4.525613],[-78.181954,4.534124],[-78.179042,4.542635],[-78.17613,4.551146],[-78.173218,4.559657],[-78.170306,4.568168],[-78.167394,4.576679],[-78.164482,4.58519],[-78.16157,4.593701],[-78.158658,4.602212],[-78.155745,4.610722],[-78.152833,4.619233],[-78.14992,4.627744],[-78.147008,4.636255],[-78.144095,4.644766],[-78.141183,4.653277],[-78.13827,4.661787],[-78.135357,4.670298],[-78.132444,4.678809],[-78.129531,4.68732],[-78.126618,4.69583],[-78.123705,4.704341],[-78.120792,4.712852],[-78.117879,4.721362],[-78.114965,4.729873],[-78.112052,4.738384],[-78.109138,4.746894],[-78.106225,4.755405],[-78.103311,4.763916],[-78.100398,4.772426],[-78.097484,4.780937],[-78.09457,4.789447],[-78.091656,4.797958],[-78.088742,4.806468],[-78.085828,4.814979],[-78.082914,4.82349],[-78.08,4.832]]}},{"type":"Feature","properties":{"PLATEBOUND":"NZ\\ND","STEPCLASS":"SUB","BOUNDCONT":"TRUE","OROGEN":"FALSE"},"geometry":{"type":"LineString","coordinates":[[-78.08,4.832],[-78.077794,4.840741],[-78.075589,4.849481],[-78.073383,4.858222],[-78.071177,4.866962],[-78.068972,4.875703],[-78.066766,4.884444],[-78.06456,4.893184],[-78.062354,4.901925],[-78.060148,4.910665],[-78.057942,4.919406],[-78.055736,4.928146],[-78.05353,4.936887],[-78.051324,4.945628],[-78.049117,4.954368],[-78.046911,4.963109],[-78.044704,4.971849],[-78.042498,4.980589],[-78.040291,4.98933],[-78.038085,4.99807],[-78.035878,5.006811],[-78.033672,5.015551],[-78.031465,5.024292],[-78.029258,5.033032],[-78.027051,5.041773],[-78.024844,5.050513],[-78.022637,5.059253],[-78.02043,5.067994],[-78.018223,5.076734],[-78.016016,5.085475],[-78.013809,5.094215],[-78.011601,5.102955],[-78.009394,5.111696],[-78.007187,5.120436],[-78.004979,5.129176],[-78.002772,5.137916],[-78.000564,5.146657],[-77.998356,5.155397],[-77.996149,5.164137],[-77.993941,5.172878],[-77.991733,5.181618],[-77.989525,5.190358],[-77.987317,5.199098],[-77.985109,5.207839],[-77.982901,5.216579],[-77.980693,5.225319],[-77.978485,5.234059],[-77.976277,5.242799],[-77.974068,5.25154],[-77.97186,5.26028],[-77.969652,5.26902],[-77.967443,5.27776],[-77.965234,5.2865],[-77.963026,5.29524],[-77.960817,5.30398],[-77.958608,5.31272],[-77.9564,5.321461],[-77.954191,5.330201],[-77.951982,5.338941],[-77.949773,5.347681],[-77.947564,5.356421],[-77.945355,5.365161],[-77.943145,5.373901],[-77.940936,5.382641],[-77.938727,5.391381],[-77.936517,5.400121],[-77.934308,5.408861],[-77.932099,5.417601],[-77.929889,5.426341],[-77.927679,5.435081],[-77.92547,5.443821],[-77.92326,5.452561],[-77.92105,5.461301],[-77.91884,5.47004],[-77.91663,5.47878],[-77.91442,5.48752],[-77.91221,5.49626],[-77.91,5.505]]}},{"type":"Feature","properties":{"PLATEBOUND":"NZ\\ND","STEPCLASS":"SUB","BOUNDCONT":"TRUE","OROGEN":"FALSE"},"geometry":{"type":"LineString","coordinates":[[-77.91,5.505],[-77.911718,5.513772],[-77.913436,5.522544],[-77.915154,5.531316],[-77.916872,5.540089],[-77.91859,5.548861],[-77.920308,5.557633],[-77.922026,5.566405],[-77.923744,5.575177],[-77.925462,5.583949],[-77.927181,5.592721],[-77.928899,5.601493],[-77.930617,5.610265],[-77.932336,5.619037],[-77.934054,5.627809],[-77.935773,5.636581],[-77.937492,5.645353],[-77.93921,5.654125],[-77.940929,5.662897],[-77.942648,5.671669],[-77.944367,5.680441],[-77.946085,5.689213],[-77.947804,5.697985],[-77.949523,5.706757],[-77.951242,5.715529],[-77.952961,5.724301],[-77.954681,5.733073],[-77.9564,5.741845],[-77.958119,5.750617],[-77.959838,5.759389],[-77.961558,5.768161],[-77.963277,5.776933],[-77.964996,5.785705],[-77.966716,5.794477],[-77.968435,5.803249],[-77.970155,5.812021],[-77.971875,5.820792],[-77.973594,5.829564],[-77.975314,5.838336],[-77.977034,5.847108],[-77.978754,5.85588],[-77.980474,5.864652],[-77.982194,5.873424],[-77.983914,5.882195],[-77.985634,5.890967],[-77.987354,5.899739],[-77.989074,5.908511],[-77.990795,5.917283],[-77.992515,5.926054],[-77.994235,5.934826],[-77.995956,5.943598],[-77.997676,5.95237],[-77.999397,5.961141],[-78.001117,5.969913],[-78.002838,5.978685],[-78.004558,5.987457],[-78.006279,5.996228],[-78.008,6.005]]}},{"type":"Feature","properties":{"PLATEBOUND":"PM-CA","STEPCLASS":"CTF","BOUNDCONT":"FALSE","OROGEN":"FALSE"},"geometry":{"type":"LineString","coordinates":[[-76.684,8.731],[-76.68613,8.73979],[-76.68826,8.74858],[-76.690389,8.757369],[-76.692519,8.766159],[-76.69465,8.774949],[-76.69678,8.783738],[-76.69891,8.792528],[-76.70104,8.801318],[-76.703171,8.810107],[-76.705302,8.818897],[-76.707432,8.827687],[-76.709563,8.836476],[-76.711694,8.845266],[-76.713825,8.854055],[-76.715956,8.862845],[-76.718087,8.871634],[-76.720219,8.880424],[-76.72235,8.889213],[-76.724482,8.898003],[-76.726613,8.906792],[-76.728745,8.915582],[-76.730877,8.924371],[-76.733009,8.933161],[-76.735141,8.94195],[-76.737273,8.95074],[-76.739405,8.959529],[-76.741537,8.968318],[-76.74367,8.977108],[-76.745802,8.985897],[-76.747935,8.994686],[-76.750068,9.003475],[-76.752201,9.012265],[-76.754334,9.021054],[-76.756467,9.029843],[-76.7586,9.038632],[-76.760733,9.047422],[-76.762867,9.056211],[-76.765,9.065]]}},{"type":"Feature","properties":{"PLATEBOUND":"PM-CA","STEPCLASS":"CCB","BOUNDCONT":"TRUE","OROGEN":"FALSE"},"geometry":{"type":"LineString","coordinates":[[-76.765,9.065],[-76.769073,9.072975],[-76.773147,9.080951],[-76.777221,9.088926],[-76.781295,9.096901],[-76.785369,9.104876],[-76.789443,9.112851],[-76.793518,9.120826],[-76.797593,9.128801],[-76.801668,9.136776],[-76.805743,9.144751],[-76.809818,9.152726],[-76.813893,9.1607],[-76.817969,9.168675],[-76.822045,9.17665],[-76.826121,9.184624],[-76.830197,9.192599],[-76.834273,9.200573],[-76.83835,9.208548],[-76.842427,9.216522],[-76.846504,9.224497],[-76.850581,9.232471],[-76.854658,9.240445],[-76.858736,9.248419],[-76.862813,9.256394],[-76.866891,9.264368],[-76.870969,9.272342],[-76.875047,9.280316],[-76.879126,9.28829],[-76.883204,9.296264],[-76.887283,9.304238],[-76.891362,9.312211],[-76.895441,9.320185],[-76.89952,9.328159],[-76.9036,9.336132],[-76.907679,9.344106],[-76.911759,9.35208],[-76.915839,9.360053],[-76.91992,9.368027],[-76.924,9.376]]}},{"type":"Feature","properties":{"PLATEBOUND":"PM-CA","STEPCLASS":"OCB","BOUNDCONT":"TRUE","OROGEN":"FALSE"},"geometry":{"type":"LineString","coordinates":[[-76.924,9.376],[-76.928673,9.383501],[-76.933346,9.391002],[-76.93802,9.398503],[-76.942694,9.406004],[-76.947368,9.413505],[-76.952042,9.421006],[-76.956716,9.428506],[-76.961391,9.436007],[-76.966065,9.443507],[-76.97074,9.451008],[-76.975415,9.458508],[-76.980091,9.466009],[-76.984766,9.473509],[-76.989442,9.481009],[-76.994118,9.488509],[-76.998794,9.496009],[-77.003471,9.50351],[-77.008147,9.511009],[-77.012824,9.518509],[-77.017501,9.526009],[-77.022178,9.533509],[-77.026855,9.541009],[-77.031533,9.548508],[-77.036211,9.556008],[-77.040889,9.563507],[-77.045567,9.571007],[-77.050245,9.578506],[-77.054924,9.586006],[-77.059603,9.593505],[-77.064282,9.601004],[-77.068961,9.608503],[-77.073641,9.616002],[-77.07832,9.623501],[-77.083,9.631]]}},{"type":"Feature","properties":{"PLATEBOUND":"PM-CA","STEPCLASS":"OCB","BOUNDCONT":"TRUE","OROGEN":"FALSE"},"geometry":{"type":"LineString","coordinates":[[-77.083,9.631],[-77.088469,9.638081],[-77.093939,9.645161],[-77.099409,9.652242],[-77.104879,9.659322],[-77.110349,9.666402],[-77.11582,9.673482],[-77.121291,9.680562],[-77.126762,9.687642],[-77.132233,9.694722],[-77.137705,9.701802],[-77.143176,9.708882],[-77.148648,9.715962],[-77.15412,9.723041],[-77.159593,9.730121],[-77.165065,9.7372],[-77.170538,9.744279],[-77.176011,9.751358],[-77.181485,9.758437],[-77.186958,9.765516],[-77.192432,9.772595],[-77.197906,9.779674],[-77.20338,9.786753],[-77.208855,9.793831],[-77.21433,9.80091],[-77.219804,9.807988],[-77.22528,9.815067],[-77.230755,9.822145],[-77.236231,9.829223],[-77.241707,9.836301],[-77.247183,9.843379],[-77.252659,9.850457],[-77.258136,9.857535],[-77.263612,9.864613],[-77.269089,9.87169],[-77.274567,9.878768],[-77.280044,9.885845],[-77.285522,9.892923],[-77.291,9.9]]}},{"type":"Feature","properties":{"PLATEBOUND":"PM-CA","STEPCLASS":"OCB","BOUNDCONT":"TRUE","OROGEN":"FALSE"},"geometry":{"type":"LineString","coordinates":[[-77.291,9.9],[-77.297496,9.906221],[-77.303993,9.912441],[-77.310489,9.918662],[-77.316986,9.924882],[-77.323483,9.931102],[-77.329981,9.937323],[-77.336478,9.943543],[-77.342976,9.949762],[-77.349474,9.955982],[-77.355973,9.962202],[-77.362471,9.968421],[-77.36897,9.97464],[-77.375469,9.98086],[-77.381969,9.987079],[-77.388468,9.993298],[-77.394968,9.999517],[-77.401468,10.005735],[-77.407969,10.011954],[-77.414469,10.018172],[-77.42097,10.024391],[-77.427471,10.030609],[-77.433973,10.036827],[-77.440474,10.043045],[-77.446976,10.049262],[-77.453478,10.05548],[-77.459981,10.061698],[-77.466483,10.067915],[-77.472986,10.074132],[-77.479489,10.080349],[-77.485993,10.086566],[-77.492496,10.092783],[-77.499,10.099]]}},{"type":"Feature","properties":{"PLATEBOUND":"PM-CA","STEPCLASS":"OCB","BOUNDCONT":"TRUE","OROGEN":"FALSE"},"geometry":{"type":"LineString","coordinates":[[-77.499,10.099],[-77.505425,10.105109],[-77.511851,10.111218],[-77.518277,10.117326],[-77.524703,10.123435],[-77.531129,10.129543],[-77.537555,10.135651],[-77.543982,10.141759],[-77.550409,10.147867],[-77.556836,10.153975],[-77.563264,10.160083],[-77.569691,10.166191],[-77.576119,10.172298],[-77.582548,10.178405],[-77.588976,10.184513],[-77.595405,10.19062],[-77.601834,10.196727],[-77.608263,10.202833],[-77.614692,10.20894],[-77.621122,10.215047],[-77.627552,10.221153],[-77.633982,10.227259],[-77.640412,10.233366],[-77.646843,10.239472],[-77.653274,10.245578],[-77.659705,10.251683],[-77.666136,10.257789],[-77.672568,10.263895],[-77.679,10.27]]}},{"type":"Feature","properties":{"PLATEBOUND":"PM-CA","STEPCLASS":"OCB","BOUNDCONT":"TRUE","OROGEN":"FALSE"},"geometry":{"type":"LineString","coordinates":[[-77.679,10.27],[-77.68636,10.274912],[-77.69372,10.279823],[-77.701081,10.284735],[-77.708441,10.289646],[-77.715802,10.294557],[-77.723163,10.299468],[-77.730525,10.304379],[-77.737886,10.30929],[-77.745248,10.3142],[-77.75261,10.31911],[-77.759972,10.324021],[-77.767335,10.32893],[-77.774698,10.33384],[-77.78206,10.33875],[-77.789424,10.343659],[-77.796787,10.348569],[-77.804151,10.353478],[-77.811515,10.358387],[-77.818879,10.363295],[-77.826243,10.368204],[-77.833607,10.373112],[-77.840972,10.378021],[-77.848337,10.382929],[-77.855703,10.387837],[-77.863068,10.392744],[-77.870434,10.397652],[-77.8778,10.402559],[-77.885166,10.407466],[-77.892532,10.412374],[-77.899899,10.41728],[-77.907266,10.422187],[-77.914633,10.427094],[-77.922,10.432]]}},{"type":"Feature","properties":{"PLATEBOUND":"PM-CA","STEPCLASS":"OCB","BOUNDCONT":"TRUE","OROGEN":"FALSE"},"geometry":{"type":"LineString","coordinates":[[-77.922,10.432],[-77.929959,10.436426],[-77.937918,10.440851],[-77.945877,10.445276],[-77.953836,10.449701],[-77.961796,10.454126],[-77.969756,10.45855],[-77.977716,10.462975],[-77.985676,10.467399],[-77.993637,10.471823],[-78.001597,10.476247],[-78.009558,10.48067],[-78.017519,10.485094],[-78.025481,10.489517],[-78.033443,10.49394],[-78.041404,10.498363],[-78.049367,10.502785],[-78.057329,10.507208],[-78.065291,10.51163],[-78.073254,10.516052],[-78.081217,10.520474],[-78.08918,10.524895],[-78.097144,10.529317],[-78.105108,10.533738],[-78.113071,10.538159],[-78.121036,10.542579],[-78.129,10.547]]}},{"type":"Feature","properties":{"PLATEBOUND":"PM-CA","STEPCLASS":"OCB","BOUNDCONT":"TRUE","OROGEN":"FALSE"},"geometry":{"type":"LineString","coordinates":[[-78.129,10.547],[-78.136141,10.551858],[-78.143283,10.556716],[-78.150425,10.561574],[-78.157567,10.566432],[-78.164709,10.571289],[-78.171852,10.576147],[-78.178994,10.581004],[-78.186137,10.585861],[-78.193281,10.590718],[-78.200424,10.595575],[-78.207568,10.600431],[-78.214712,10.605288],[-78.221856,10.610144],[-78.229,10.615]]}},{"type":"Feature","properties":{"PLATEBOUND":"PM-CA","STEPCLASS":"OCB","BOUNDCONT":"TRUE","OROGEN":"FALSE"},"geometry":{"type":"LineString","coordinates":[[-78.229,10.615],[-78.237999,10.616094],[-78.246999,10.617187],[-78.255998,10.61828],[-78.264998,10.619373],[-78.273997,10.620466],[-78.282997,10.621558],[-78.291997,10.62265],[-78.300996,10.623742],[-78.309996,10.624833],[-78.318996,10.625925],[-78.327996,10.627016],[-78.336996,10.628106],[-78.345996,10.629197],[-78.354996,10.630287],[-78.363997,10.631377],[-78.372997,10.632467],[-78.381997,10.633556],[-78.390998,10.634646],[-78.399998,10.635735],[-78.408999,10.636823],[-78.417999,10.637912],[-78.427,10.639]]}},{"type":"Feature","properties":{"PLATEBOUND":"PM-CA","STEPCLASS":"OCB","BOUNDCONT":"TRUE","OROGEN":"FALSE"},"geometry":{"type":"LineString","coordinates":[[-78.427,10.639],[-78.436085,10.639404],[-78.445171,10.639809],[-78.454256,10.640213],[-78.463341,10.640616],[-78.472427,10.64102],[-78.481512,10.641423],[-78.490598,10.641826],[-78.499683,10.642228],[-78.508769,10.642631],[-78.517854,10.643033],[-78.52694,10.643435],[-78.536025,10.643836],[-78.545111,10.644238],[-78.554197,10.644639],[-78.563282,10.645039],[-78.572368,10.64544],[-78.581454,10.64584],[-78.590539,10.64624],[-78.599625,10.64664],[-78.608711,10.647039],[-78.617797,10.647439],[-78.626882,10.647838],[-78.635968,10.648236],[-78.645054,10.648635],[-78.65414,10.649033],[-78.663226,10.649431],[-78.672312,10.649828],[-78.681398,10.650226],[-78.690484,10.650623],[-78.69957,10.65102],[-78.708656,10.651416],[-78.717742,10.651813],[-78.726828,10.652209],[-78.735914,10.652604],[-78.745,10.653]]}},{"type":"Feature","properties":{"PLATEBOUND":"PM-CA","STEPCLASS":"OCB","BOUNDCONT":"TRUE","OROGEN":"FALSE"},"geometry":{"type":"LineString","coordinates":[[-78.745,10.653],[-78.753656,10.650195],[-78.762311,10.64739],[-78.770967,10.644585],[-78.779622,10.64178],[-78.788278,10.638974],[-78.796933,10.636168],[-78.805587,10.633362],[-78.814242,10.630556],[-78.822897,10.627749],[-78.831551,10.624942],[-78.840205,10.622135],[-78.848859,10.619328],[-78.857513,10.61652],[-78.866167,10.613712],[-78.874821,10.610904],[-78.883474,10.608096],[-78.892127,10.605287],[-78.900781,10.602479],[-78.909434,10.59967],[-78.918086,10.59686],[-78.926739,10.594051],[-78.935392,10.591241],[-78.944044,10.588431],[-78.952696,10.585621],[-78.961348,10.582811],[-78.97,10.58]]}},{"type":"Feature","properties":{"PLATEBOUND":"PM-CA","STEPCLASS":"OCB","BOUNDCONT":"TRUE","OROGEN":"FALSE"},"geometry":{"type":"LineString","coordinates":[[-78.97,10.58],[-78.977872,10.575611],[-78.985744,10.571222],[-78.993615,10.566832],[-79.001487,10.562442],[-79.009358,10.558052],[-79.017229,10.553662],[-79.025099,10.549272],[-79.03297,10.544881],[-79.04084,10.540491],[-79.04871,10.5361],[-79.05658,10.531709],[-79.064449,10.527317],[-79.072319,10.522926],[-79.080188,10.518534],[-79.088057,10.514142],[-79.095926,10.50975],[-79.103794,10.505358],[-79.111662,10.500965],[-79.11953,10.496573],[-79.127398,10.49218],[-79.135266,10.487787],[-79.143133,10.483393],[-79.151,10.479]]}},{"type":"Feature","properties":{"PLATEBOUND":"PM-CA","STEPCLASS":"OCB","BOUNDCONT":"TRUE","OROGEN":"FALSE"},"geometry":{"type":"LineString","coordinates":[[-79.151,10.479],[-79.157918,10.473668],[-79.164836,10.468335],[-79.171753,10.463002],[-79.17867,10.457669],[-79.185587,10.452336],[-79.192504,10.447003],[-79.199421,10.441669],[-79.206337,10.436336],[-79.213253,10.431002],[-79.220169,10.425668],[-79.227085,10.420334],[-79.234,10.415]]}},{"type":"Feature","properties":{"PLATEBOUND":"PM-CA","STEPCLASS":"OCB","BOUNDCONT":"TRUE","OROGEN":"FALSE"},"geometry":{"type":"LineString","coordinates":[[-79.234,10.415],[-79.243,10.41573],[-79.251999,10.41646],[-79.260999,10.417189],[-79.269998,10.417918],[-79.278998,10.418647],[-79.287998,10.419376],[-79.296998,10.420104],[-79.305998,10.420832],[-79.314998,10.42156],[-79.323997,10.422288],[-79.332997,10.423015],[-79.341997,10.423742],[-79.350998,10.424469],[-79.359998,10.425196],[-79.368998,10.425922],[-79.377998,10.426649],[-79.386998,10.427374],[-79.395998,10.4281],[-79.404999,10.428825],[-79.413999,10.429551],[-79.423,10.430275],[-79.432,10.431]]}},{"type":"Feature","properties":{"PLATEBOUND":"PM-CA","STEPCLASS":"OCB","BOUNDCONT":"TRUE","OROGEN":"FALSE"},"geometry":{"type":"LineString","coordinates":[[-79.432,10.431],[-79.44103,10.429804],[-79.450059,10.428608],[-79.459089,10.427412],[-79.468119,10.426216],[-79.477148,10.425019],[-79.486177,10.423822],[-79.495207,10.422625],[-79.504236,10.421428],[-79.513265,10.42023],[-79.522294,10.419032],[-79.531323,10.417834],[-79.540352,10.416635],[-79.549381,10.415436],[-79.55841,10.414237],[-79.567439,10.413038],[-79.576468,10.411839],[-79.585496,10.410639],[-79.594525,10.409439],[-79.603553,10.408239],[-79.612582,10.407038],[-79.62161,10.405837],[-79.630638,10.404636],[-79.639667,10.403435],[-79.648695,10.402234],[-79.657723,10.401032],[-79.666751,10.39983],[-79.675779,10.398627],[-79.684807,10.397425],[-79.693835,10.396222],[-79.702862,10.395019],[-79.71189,10.393816],[-79.720918,10.392612],[-79.729945,10.391408],[-79.738973,10.390204],[-79.748,10.389]]}},{"type":"Feature","properties":{"PLATEBOUND":"PM-CA","STEPCLASS":"OCB","BOUNDCONT":"TRUE","OROGEN":"FALSE"},"geometry":{"type":"LineString","coordinates":[[-79.748,10.389],[-79.75671,10.386956],[-79.765419,10.384912],[-79.774128,10.382867],[-79.782838,10.380822],[-79.791547,10.378777],[-79.800256,10.376732],[-79.808965,10.374687],[-79.817673,10.372641],[-79.826382,10.370595],[-79.835091,10.368549],[-79.843799,10.366502],[-79.852507,10.364456],[-79.861216,10.362409],[-79.869924,10.360362],[-79.878632,10.358314],[-79.88734,10.356267],[-79.896047,10.354219],[-79.904755,10.352171],[-79.913463,10.350122],[-79.92217,10.348074],[-79.930877,10.346025],[-79.939585,10.343976],[-79.948292,10.341927],[-79.956999,10.339877],[-79.965706,10.337828],[-79.974412,10.335778],[-79.983119,10.333727],[-79.991825,10.331677],[-80.000532,10.329626],[-80.009238,10.327575],[-80.017944,10.325524],[-80.02665,10.323473],[-80.035356,10.321421],[-80.044062,10.319369],[-80.052768,10.317317],[-80.061474,10.315265],[-80.070179,10.313213],[-80.078884,10.31116],[-80.08759,10.309107],[-80.096295,10.307053],[-80.105,10.305]]}},{"type":"Feature","properties":{"PLATEBOUND":"PM-CA","STEPCLASS":"OCB","BOUNDCONT":"TRUE","OROGEN":"FALSE"},"geometry":{"type":"LineString","coordinates":[[-80.105,10.305],[-80.113966,10.303831],[-80.122933,10.302662],[-80.131899,10.301492],[-80.140865,10.300323],[-80.149832,10.299153],[-80.158798,10.297983],[-80.167764,10.296812],[-80.17673,10.295642],[-80.185696,10.294471],[-80.194661,10.293299],[-80.203627,10.292128],[-80.212593,10.290956],[-80.221559,10.289784],[-80.230524,10.288612],[-80.23949,10.28744],[-80.248455,10.286267],[-80.257421,10.285094],[-80.266386,10.283921],[-80.275351,10.282748],[-80.284316,10.281574],[-80.293281,10.2804],[-80.302246,10.279226],[-80.311211,10.278052],[-80.320176,10.276877],[-80.329141,10.275702],[-80.338106,10.274527],[-80.347071,10.273352],[-80.356035,10.272176],[-80.365,10.271]]}},{"type":"Feature","properties":{"PLATEBOUND":"PM-CA","STEPCLASS":"OCB","BOUNDCONT":"TRUE","OROGEN":"FALSE"},"geometry":{"type":"LineString","coordinates":[[-80.365,10.271],[-80.373215,10.267458],[-80.38143,10.263916],[-80.389645,10.260373],[-80.397859,10.25683],[-80.406073,10.253287],[-80.414287,10.249744],[-80.422501,10.246201],[-80.430715,10.242657],[-80.438929,10.239113],[-80.447142,10.235569],[-80.455355,10.232025],[-80.463568,10.228481],[-80.471781,10.224936],[-80.479994,10.221391],[-80.488206,10.217846],[-80.496419,10.214301],[-80.504631,10.210755],[-80.512843,10.20721],[-80.521054,10.203664],[-80.529266,10.200118],[-80.537477,10.196572],[-80.545689,10.193025],[-80.5539,10.189478],[-80.562111,10.185931],[-80.570321,10.182384],[-80.578532,10.178837],[-80.586742,10.17529],[-80.594952,10.171742],[-80.603162,10.168194],[-80.611372,10.164646],[-80.619581,10.161097],[-80.627791,10.157549],[-80.636,10.154]]}},{"type":"Feature","properties":{"PLATEBOUND":"PM-CA","STEPCLASS":"OCB","BOUNDCONT":"TRUE","OROGEN":"FALSE"},"geometry":{"type":"LineString","coordinates":[[-80.636,10.154],[-80.644382,10.150693],[-80.652763,10.147385],[-80.661145,10.144077],[-80.669526,10.140769],[-80.677907,10.137461],[-80.686288,10.134153],[-80.694668,10.130844],[-80.703049,10.127535],[-80.711429,10.124226],[-80.719809,10.120917],[-80.728189,10.117607],[-80.736569,10.114298],[-80.744949,10.110988],[-80.753328,10.107678],[-80.761708,10.104367],[-80.770087,10.101057],[-80.778466,10.097746],[-80.786845,10.094435],[-80.795223,10.091124],[-80.803602,10.087812],[-80.81198,10.084501],[-80.820358,10.081189],[-80.828736,10.077877],[-80.837114,10.074565],[-80.845491,10.071252],[-80.853869,10.067939],[-80.862246,10.064626],[-80.870623,10.061313],[-80.879,10.058]]}},{"type":"Feature","properties":{"PLATEBOUND":"PM-CA","STEPCLASS":"OCB","BOUNDCONT":"FALSE","OROGEN":"FALSE"},"geometry":{"type":"LineString","coordinates":[[-80.879,10.058],[-80.886695,10.053271],[-80.89439,10.048543],[-80.902085,10.043814],[-80.909779,10.039085],[-80.917473,10.034356],[-80.925167,10.029626],[-80.932861,10.024897],[-80.940554,10.020167],[-80.948248,10.015437],[-80.955941,10.010707],[-80.963634,10.005976],[-80.971326,10.001246],[-80.979019,9.996515],[-80.986711,9.991784],[-80.994403,9.987053],[-81.002095,9.982322],[-81.009786,9.977591],[-81.017478,9.972859],[-81.025169,9.968127],[-81.032859,9.963395],[-81.04055,9.958663],[-81.048241,9.953931],[-81.055931,9.949198],[-81.063621,9.944466],[-81.07131,9.939733],[-81.079,9.935]]}},{"type":"Feature","properties":{"PLATEBOUND":"PM-CA","STEPCLASS":"OCB","BOUNDCONT":"TRUE","OROGEN":"FALSE"},"geometry":{"type":"LineString","coordinates":[[-81.079,9.935],[-81.086326,9.929938],[-81.093652,9.924876],[-81.100977,9.919813],[-81.108302,9.914751],[-81.115627,9.909688],[-81.122952,9.904625],[-81.130277,9.899562],[-81.137601,9.894499],[-81.144925,9.889435],[-81.152249,9.884372],[-81.159573,9.879308],[-81.166896,9.874244],[-81.17422,9.86918],[-81.181543,9.864116],[-81.188866,9.859052],[-81.196188,9.853987],[-81.20351,9.848922],[-81.210833,9.843857],[-81.218154,9.838792],[-81.225476,9.833727],[-81.232798,9.828662],[-81.240119,9.823597],[-81.24744,9.818531],[-81.254761,9.813465],[-81.262081,9.808399],[-81.269402,9.803333],[-81.276722,9.798267],[-81.284042,9.7932],[-81.291361,9.788134],[-81.298681,9.783067],[-81.306,9.778]]}},{"type":"Feature","properties":{"PLATEBOUND":"PM-CA","STEPCLASS":"OCB","BOUNDCONT":"TRUE","OROGEN":"FALSE"},"geometry":{"type":"LineString","coordinates":[[-81.306,9.778],[-81.311825,9.77118],[-81.317649,9.76436],[-81.323473,9.75754],[-81.329297,9.750719],[-81.335121,9.743899],[-81.340944,9.737078],[-81.346767,9.730257],[-81.35259,9.723437],[-81.358413,9.716616],[-81.364235,9.709795],[-81.370058,9.702974],[-81.37588,9.696153],[-81.381701,9.689331],[-81.387523,9.68251],[-81.393344,9.675688],[-81.399165,9.668867],[-81.404986,9.662045],[-81.410807,9.655223],[-81.416627,9.648402],[-81.422447,9.64158],[-81.428267,9.634757],[-81.434087,9.627935],[-81.439906,9.621113],[-81.445726,9.614291],[-81.451545,9.607468],[-81.457363,9.600645],[-81.463182,9.593823],[-81.469,9.587]]}},{"type":"Feature","properties":{"PLATEBOUND":"PM-CA","STEPCLASS":"OCB","BOUNDCONT":"TRUE","OROGEN":"FALSE"},"geometry":{"type":"LineString","coordinates":[[-81.469,9.587],[-81.476118,9.581502],[-81.483236,9.576004],[-81.490354,9.570505],[-81.497472,9.565006],[-81.504589,9.559508],[-81.511706,9.554009],[-81.518823,9.54851],[-81.525939,9.543011],[-81.533056,9.537511],[-81.540172,9.532012],[-81.547288,9.526512],[-81.554404,9.521012],[-81.561519,9.515512],[-81.568634,9.510012],[-81.57575,9.504512],[-81.582864,9.499012],[-81.589979,9.493511],[-81.597093,9.488011],[-81.604207,9.48251],[-81.611321,9.477009],[-81.618435,9.471508],[-81.625548,9.466006],[-81.632662,9.460505],[-81.639775,9.455004],[-81.646887,9.449502],[-81.654,9.444]]}},{"type":"Feature","properties":{"PLATEBOUND":"PM-CA","STEPCLASS":"CCB","BOUNDCONT":"TRUE","OROGEN":"FALSE"},"geometry":{"type":"LineString","coordinates":[[-81.654,9.444],[-81.663064,9.44392],[-81.672128,9.44384],[-81.681192,9.44376],[-81.690256,9.44368],[-81.69932,9.443599],[-81.708384,9.443518],[-81.717447,9.443437],[-81.726511,9.443356],[-81.735575,9.443274],[-81.744639,9.443192],[-81.753703,9.44311],[-81.762767,9.443028],[-81.771831,9.442945],[-81.780895,9.442862],[-81.789959,9.442779],[-81.799022,9.442696],[-81.808086,9.442613],[-81.81715,9.442529],[-81.826214,9.442445],[-81.835278,9.442361],[-81.844342,9.442277],[-81.853405,9.442192],[-81.862469,9.442107],[-81.871533,9.442022],[-81.880597,9.441937],[-81.889661,9.441851],[-81.898725,9.441765],[-81.907788,9.441679],[-81.916852,9.441593],[-81.925916,9.441506],[-81.93498,9.44142],[-81.944044,9.441333],[-81.953107,9.441245],[-81.962171,9.441158],[-81.971235,9.44107],[-81.980299,9.440982],[-81.989363,9.440894],[-81.998426,9.440806],[-82.00749,9.440717],[-82.016554,9.440628],[-82.025618,9.440539],[-82.034681,9.44045],[-82.043745,9.440361],[-82.052809,9.440271],[-82.061873,9.440181],[-82.070936,9.44009],[-82.08,9.44]]}},{"type":"Feature","properties":{"PLATEBOUND":"PM-CA","STEPCLASS":"CCB","BOUNDCONT":"TRUE","OROGEN":"FALSE"},"geometry":{"type":"LineString","coordinates":[[-82.08,9.44],[-82.088628,9.442558],[-82.097256,9.445116],[-82.105884,9.447674],[-82.114513,9.450232],[-82.123141,9.452789],[-82.13177,9.455347],[-82.140398,9.457904],[-82.149027,9.460461],[-82.157656,9.463017],[-82.166285,9.465574],[-82.174915,9.46813],[-82.183544,9.470686],[-82.192174,9.473242],[-82.200803,9.475797],[-82.209433,9.478352],[-82.218063,9.480908],[-82.226693,9.483463],[-82.235323,9.486017],[-82.243953,9.488572],[-82.252584,9.491126],[-82.261214,9.49368],[-82.269845,9.496234],[-82.278476,9.498788],[-82.287107,9.501341],[-82.295738,9.503894],[-82.304369,9.506447],[-82.313,9.509]]}},{"type":"Feature","properties":{"PLATEBOUND":"PM-CA","STEPCLASS":"CCB","BOUNDCONT":"TRUE","OROGEN":"FALSE"},"geometry":{"type":"LineString","coordinates":[[-82.313,9.509],[-82.321152,9.512464],[-82.329304,9.515928],[-82.337456,9.519391],[-82.345608,9.522855],[-82.353761,9.526318],[-82.361913,9.529781],[-82.370066,9.533244],[-82.378219,9.536706],[-82.386372,9.540169],[-82.394525,9.543631],[-82.402679,9.547093],[-82.410832,9.550555],[-82.418986,9.554016],[-82.42714,9.557478],[-82.435294,9.560939],[-82.443448,9.5644],[-82.451603,9.567861],[-82.459757,9.571322],[-82.467912,9.574782],[-82.476067,9.578242],[-82.484222,9.581702],[-82.492377,9.585162],[-82.500533,9.588622],[-82.508688,9.592082],[-82.516844,9.595541],[-82.525,9.599]]}},{"type":"Feature","properties":{"PLATEBOUND":"PM-CA","STEPCLASS":"CCB","BOUNDCONT":"TRUE","OROGEN":"FALSE"},"geometry":{"type":"LineString","coordinates":[[-82.525,9.599],[-82.532691,9.603753],[-82.540382,9.608506],[-82.548073,9.613259],[-82.555764,9.618011],[-82.563455,9.622763],[-82.571147,9.627516],[-82.578839,9.632268],[-82.586531,9.637019],[-82.594224,9.641771],[-82.601916,9.646523],[-82.609609,9.651274],[-82.617302,9.656025],[-82.624995,9.660776],[-82.632689,9.665527],[-82.640383,9.670277],[-82.648077,9.675028],[-82.655771,9.679778],[-82.663465,9.684528],[-82.67116,9.689278],[-82.678854,9.694028],[-82.686549,9.698777],[-82.694244,9.703527],[-82.70194,9.708276],[-82.709635,9.713025],[-82.717331,9.717774],[-82.725027,9.722523],[-82.732724,9.727271],[-82.74042,9.732019],[-82.748117,9.736768],[-82.755814,9.741516],[-82.763511,9.746263],[-82.771208,9.751011],[-82.778906,9.755759],[-82.786604,9.760506],[-82.794302,9.765253],[-82.802,9.77]]}},{"type":"Feature","properties":{"PLATEBOUND":"PM-CA","STEPCLASS":"CCB","BOUNDCONT":"TRUE","OROGEN":"FALSE"},"geometry":{"type":"LineString","coordinates":[[-82.802,9.77],[-82.810109,9.773817],[-82.818218,9.777634],[-82.826327,9.781451],[-82.834436,9.785268],[-82.842545,9.789085],[-82.850655,9.792901],[-82.858765,9.796717],[-82.866875,9.800533],[-82.874985,9.804349],[-82.883095,9.808165],[-82.891206,9.81198],[-82.899317,9.815795],[-82.907428,9.81961],[-82.915539,9.823425],[-82.92365,9.82724],[-82.931761,9.831054],[-82.939873,9.834868],[-82.947985,9.838682],[-82.956097,9.842496],[-82.964209,9.84631],[-82.972322,9.850123],[-82.980434,9.853937],[-82.988547,9.85775],[-82.99666,9.861563],[-83.004773,9.865375],[-83.012886,9.869188],[-83.021,9.873]]}},{"type":"Feature","properties":{"PLATEBOUND":"PM-CA","STEPCLASS":"CCB","BOUNDCONT":"TRUE","OROGEN":"FALSE"},"geometry":{"type":"LineString","coordinates":[[-83.021,9.873],[-83.027479,9.879209],[-83.033959,9.885417],[-83.040439,9.891626],[-83.046919,9.897834],[-83.053399,9.904042],[-83.05988,9.91025],[-83.06636,9.916458],[-83.072842,9.922666],[-83.079323,9.928874],[-83.085804,9.935081],[-83.092286,9.941289],[-83.098768,9.947496],[-83.10525,9.953703],[-83.111733,9.95991],[-83.118216,9.966117],[-83.124699,9.972324],[-83.131182,9.97853],[-83.137665,9.984737],[-83.144149,9.990943],[-83.150633,9.997149],[-83.157117,10.003356],[-83.163602,10.009562],[-83.170087,10.015767],[-83.176571,10.021973],[-83.183057,10.028179],[-83.189542,10.034384],[-83.196028,10.04059],[-83.202514,10.046795],[-83.209,10.053]]}},{"type":"Feature","properties":{"PLATEBOUND":"PM-CA","STEPCLASS":"CCB","BOUNDCONT":"TRUE","OROGEN":"FALSE"},"geometry":{"type":"LineString","coordinates":[[-83.209,10.053],[-83.216754,10.05773],[-83.224508,10.06246],[-83.232263,10.06719],[-83.240017,10.07192],[-83.247772,10.076649],[-83.255527,10.081379],[-83.263282,10.086108],[-83.271038,10.090837],[-83.278794,10.095565],[-83.28655,10.100294],[-83.294306,10.105022],[-83.302062,10.10975],[-83.309819,10.114479],[-83.317576,10.119206],[-83.325333,10.123934],[-83.33309,10.128661],[-83.340848,10.133389],[-83.348606,10.138116],[-83.356364,10.142843],[-83.364122,10.147569],[-83.37188,10.152296],[-83.379639,10.157022],[-83.387398,10.161749],[-83.395157,10.166474],[-83.402917,10.1712],[-83.410676,10.175926],[-83.418436,10.180651],[-83.426196,10.185377],[-83.433956,10.190102],[-83.441717,10.194826],[-83.449478,10.199551],[-83.457239,10.204276],[-83.465,10.209]]}},{"type":"Feature","properties":{"PLATEBOUND":"PM-CA","STEPCLASS":"CCB","BOUNDCONT":"TRUE","OROGEN":"FALSE"},"geometry":{"type":"LineString","coordinates":[[-83.465,10.209],[-83.473565,10.212031],[-83.482129,10.215062],[-83.490694,10.218093],[-83.49926,10.221123],[-83.507825,10.224153],[-83.51639,10.227183],[-83.524956,10.230213],[-83.533522,10.233242],[-83.542088,10.236272],[-83.550654,10.239301],[-83.55922,10.24233],[-83.567786,10.245358],[-83.576353,10.248387],[-83.58492,10.251415],[-83.593487,10.254443],[-83.602054,10.257471],[-83.610621,10.260498],[-83.619188,10.263525],[-83.627756,10.266552],[-83.636324,10.269579],[-83.644892,10.272606],[-83.65346,10.275632],[-83.662028,10.278658],[-83.670596,10.281684],[-83.679165,10.28471],[-83.687733,10.287735],[-83.696302,10.29076],[-83.704871,10.293785],[-83.713441,10.29681],[-83.72201,10.299835],[-83.730579,10.302859],[-83.739149,10.305883],[-83.747719,10.308907],[-83.756289,10.31193],[-83.764859,10.314954],[-83.773429,10.317977],[-83.782,10.321]]}},{"type":"Feature","properties":{"PLATEBOUND":"PM-CA","STEPCLASS":"CCB","BOUNDCONT":"TRUE","OROGEN":"FALSE"},"geometry":{"type":"LineString","coordinates":[[-83.782,10.321],[-83.790311,10.324632],[-83.798622,10.328264],[-83.806934,10.331896],[-83.815245,10.335528],[-83.823557,10.339159],[-83.831869,10.34279],[-83.840181,10.346421],[-83.848494,10.350052],[-83.856806,10.353682],[-83.865119,10.357313],[-83.873432,10.360943],[-83.881745,10.364573],[-83.890058,10.368202],[-83.898372,10.371832],[-83.906686,10.375461],[-83.914999,10.37909],[-83.923314,10.382719],[-83.931628,10.386347],[-83.939942,10.389976],[-83.948257,10.393604],[-83.956572,10.397232],[-83.964887,10.400859],[-83.973202,10.404487],[-83.981518,10.408114],[-83.989833,10.411741],[-83.998149,10.415368],[-84.006465,10.418995],[-84.014781,10.422621],[-84.023098,10.426247],[-84.031414,10.429873],[-84.039731,10.433499],[-84.048048,10.437125],[-84.056365,10.44075],[-84.064682,10.444375],[-84.073,10.448]]}},{"type":"Feature","properties":{"PLATEBOUND":"PM-CA","STEPCLASS":"CCB","BOUNDCONT":"TRUE","OROGEN":"FALSE"},"geometry":{"type":"LineString","coordinates":[[-84.073,10.448],[-84.081773,10.45023],[-84.090545,10.452459],[-84.099318,10.454688],[-84.108091,10.456917],[-84.116864,10.459146],[-84.125637,10.461375],[-84.134411,10.463603],[-84.143184,10.465831],[-84.151958,10.468059],[-84.160731,10.470286],[-84.169505,10.472514],[-84.178279,10.474741],[-84.187053,10.476968],[-84.195827,10.479194],[-84.204601,10.48142],[-84.213376,10.483647],[-84.22215,10.485872],[-84.230925,10.488098],[-84.2397,10.490323],[-84.248475,10.492549],[-84.25725,10.494773],[-84.266025,10.496998],[-84.2748,10.499222],[-84.283576,10.501447],[-84.292351,10.50367],[-84.301127,10.505894],[-84.309903,10.508118],[-84.318679,10.510341],[-84.327455,10.512564],[-84.336231,10.514786],[-84.345007,10.517009],[-84.353784,10.519231],[-84.362561,10.521453],[-84.371337,10.523675],[-84.380114,10.525896],[-84.388891,10.528117],[-84.397668,10.530338],[-84.406445,10.532559],[-84.415223,10.53478],[-84.424,10.537]]}},{"type":"Feature","properties":{"PLATEBOUND":"PM-CA","STEPCLASS":"CCB","BOUNDCONT":"TRUE","OROGEN":"FALSE"},"geometry":{"type":"LineString","coordinates":[[-84.424,10.537],[-84.432943,10.53856],[-84.441886,10.54012],[-84.450829,10.541679],[-84.459772,10.543238],[-84.468715,10.544797],[-84.477659,10.546356],[-84.486602,10.547915],[-84.495545,10.549473],[-84.504489,10.551031],[-84.513433,10.552588],[-84.522377,10.554146],[-84.53132,10.555703],[-84.540264,10.55726],[-84.549208,10.558817],[-84.558152,10.560373],[-84.567097,10.561929],[-84.576041,10.563485],[-84.584985,10.565041],[-84.59393,10.566596],[-84.602874,10.568152],[-84.611819,10.569707],[-84.620764,10.571261],[-84.629709,10.572816],[-84.638654,10.57437],[-84.647599,10.575924],[-84.656544,10.577477],[-84.665489,10.579031],[-84.674434,10.580584],[-84.68338,10.582137],[-84.692325,10.583689],[-84.701271,10.585242],[-84.710216,10.586794],[-84.719162,10.588346],[-84.728108,10.589898],[-84.737054,10.591449],[-84.746,10.593]]}},{"type":"Feature","properties":{"PLATEBOUND":"PM-CA","STEPCLASS":"CCB","BOUNDCONT":"TRUE","OROGEN":"FALSE"},"geometry":{"type":"LineString","coordinates":[[-84.746,10.593],[-84.754998,10.594434],[-84.763997,10.595867],[-84.772995,10.597301],[-84.781994,10.598734],[-84.790992,10.600167],[-84.799991,10.601599],[-84.80899,10.603032],[-84.817989,10.604464],[-84.826988,10.605895],[-84.835987,10.607327],[-84.844986,10.608758],[-84.853985,10.610189],[-84.862984,10.61162],[-84.871984,10.613051],[-84.880983,10.614481],[-84.889983,10.615911],[-84.898982,10.617341],[-84.907982,10.61877],[-84.916982,10.620199],[-84.925982,10.621628],[-84.934982,10.623057],[-84.943982,10.624485],[-84.952982,10.625914],[-84.961982,10.627341],[-84.970982,10.628769],[-84.979983,10.630197],[-84.988983,10.631624],[-84.997984,10.633051],[-85.006984,10.634477],[-85.015985,10.635904],[-85.024986,10.63733],[-85.033987,10.638756],[-85.042988,10.640181],[-85.051989,10.641607],[-85.06099,10.643032],[-85.069991,10.644456],[-85.078992,10.645881],[-85.087994,10.647305],[-85.096995,10.648729],[-85.105997,10.650153],[-85.114998,10.651577],[-85.124,10.653]]}},{"type":"Feature","properties":{"PLATEBOUND":"PM-CA","STEPCLASS":"CCB","BOUNDCONT":"TRUE","OROGEN":"FALSE"},"geometry":{"type":"LineString","coordinates":[[-85.124,10.653],[-85.132886,10.652261],[-85.141773,10.651523],[-85.150659,10.650784],[-85.159546,10.650044],[-85.168432,10.649305],[-85.177318,10.648565],[-85.186204,10.647825],[-85.19509,10.647084],[-85.203976,10.646344],[-85.212863,10.645603],[-85.221749,10.644862],[-85.230635,10.64412],[-85.23952,10.643379],[-85.248406,10.642637],[-85.257292,10.641895],[-85.266178,10.641153],[-85.275064,10.64041],[-85.283949,10.639667],[-85.292835,10.638924],[-85.301721,10.638181],[-85.310606,10.637437],[-85.319492,10.636693],[-85.328377,10.635949],[-85.337263,10.635205],[-85.346148,10.63446],[-85.355034,10.633715],[-85.363919,10.63297],[-85.372804,10.632225],[-85.381689,10.631479],[-85.390575,10.630733],[-85.39946,10.629987],[-85.408345,10.629241],[-85.41723,10.628494],[-85.426115,10.627747],[-85.435,10.627]]}},{"type":"Feature","properties":{"PLATEBOUND":"PM-CA","STEPCLASS":"CCB","BOUNDCONT":"TRUE","OROGEN":"FALSE"},"geometry":{"type":"LineString","coordinates":[[-85.435,10.627],[-85.443783,10.625129],[-85.452566,10.623257],[-85.461348,10.621386],[-85.470131,10.619514],[-85.478913,10.617642],[-85.487696,10.615769],[-85.496478,10.613896],[-85.50526,10.612024],[-85.514042,10.61015],[-85.522824,10.608277],[-85.531606,10.606403],[-85.540388,10.604529],[-85.549169,10.602655],[-85.557951,10.600781],[-85.566732,10.598906],[-85.575514,10.597031],[-85.584295,10.595156],[-85.593076,10.593281],[-85.601857,10.591405],[-85.610638,10.589529],[-85.619419,10.587653],[-85.628199,10.585777],[-85.63698,10.5839],[-85.64576,10.582024],[-85.654541,10.580146],[-85.663321,10.578269],[-85.672101,10.576392],[-85.680881,10.574514],[-85.689661,10.572636],[-85.698441,10.570757],[-85.70722,10.568879],[-85.716,10.567]]}},{"type":"Feature","properties":{"PLATEBOUND":"PM-CA","STEPCLASS":"CCB","BOUNDCONT":"TRUE","OROGEN":"FALSE"},"geometry":{"type":"LineString","coordinates":[[-85.716,10.567],[-85.724435,10.564403],[-85.732871,10.561806],[-85.741306,10.559209],[-85.749741,10.556612],[-85.758176,10.554014],[-85.76661,10.551416],[-85.775045,10.548818],[-85.783479,10.54622],[-85.791913,10.543621],[-85.800347,10.541022],[-85.808781,10.538424],[-85.817215,10.535824],[-85.825649,10.533225],[-85.834082,10.530625],[-85.842516,10.528025],[-85.850949,10.525425],[-85.859382,10.522825],[-85.867815,10.520224],[-85.876248,10.517623],[-85.884681,10.515022],[-85.893113,10.512421],[-85.901546,10.50982],[-85.909978,10.507218],[-85.91841,10.504616],[-85.926842,10.502014],[-85.935274,10.499412],[-85.943706,10.496809],[-85.952137,10.494206],[-85.960569,10.491603],[-85.969,10.489]]}},{"type":"Feature","properties":{"PLATEBOUND":"PM-CA","STEPCLASS":"CCB","BOUNDCONT":"TRUE","OROGEN":"FALSE"},"geometry":{"type":"LineString","coordinates":[[-85.969,10.489],[-85.977457,10.485943],[-85.985914,10.482886],[-85.994371,10.479828],[-86.002828,10.476771],[-86.011284,10.473713],[-86.019741,10.470655],[-86.028197,10.467596],[-86.036653,10.464538],[-86.045109,10.461479],[-86.053564,10.45842],[-86.06202,10.45536],[-86.070475,10.452301],[-86.078931,10.449241],[-86.087386,10.446181],[-86.095841,10.443121],[-86.104295,10.440061],[-86.11275,10.437],[-86.121204,10.433939],[-86.129658,10.430878],[-86.138112,10.427817],[-86.146566,10.424756],[-86.15502,10.421694],[-86.163474,10.418632],[-86.171927,10.41557],[-86.18038,10.412507],[-86.188833,10.409445],[-86.197286,10.406382],[-86.205739,10.403319],[-86.214191,10.400255],[-86.222644,10.397192],[-86.231096,10.394128],[-86.239548,10.391064],[-86.248,10.388]]}},{"type":"Feature","properties":{"PLATEBOUND":"PM-CA","STEPCLASS":"CCB","BOUNDCONT":"TRUE","OROGEN":"FALSE"},"geometry":{"type":"LineString","coordinates":[[-86.248,10.388],[-86.256515,10.38475],[-86.265029,10.381499],[-86.273543,10.378249],[-86.282058,10.374998],[-86.290572,10.371747],[-86.299085,10.368496],[-86.307599,10.365244],[-86.316112,10.361993],[-86.324626,10.358741],[-86.333139,10.355488],[-86.341652,10.352236],[-86.350164,10.348983],[-86.358677,10.345731],[-86.367189,10.342478],[-86.375702,10.339224],[-86.384214,10.335971],[-86.392725,10.332717],[-86.401237,10.329463],[-86.409749,10.326209],[-86.41826,10.322954],[-86.426771,10.3197],[-86.435282,10.316445],[-86.443793,10.31319],[-86.452304,10.309934],[-86.460814,10.306679],[-86.469324,10.303423],[-86.477834,10.300167],[-86.486344,10.296911],[-86.494854,10.293654],[-86.503364,10.290398],[-86.511873,10.287141],[-86.520382,10.283884],[-86.528891,10.280626],[-86.5374,10.277369],[-86.545909,10.274111],[-86.554418,10.270853],[-86.562926,10.267595],[-86.571434,10.264336],[-86.579942,10.261078],[-86.58845,10.257819],[-86.596958,10.25456],[-86.605465,10.2513],[-86.613972,10.248041],[-86.62248,10.244781],[-86.630987,10.241521],[-86.639493,10.23826],[-86.648,10.235]]}},{"type":"Feature","properties":{"PLATEBOUND":"NZ-PM","STEPCLASS":"OTF","BOUNDCONT":"FALSE","OROGEN":"FALSE"},"geometry":{"type":"LineString","coordinates":[[-78.646,7.337],[-78.65475,7.336334],[-78.6635,7.335668],[-78.67225,7.335002],[-78.681,7.334336],[-78.68975,7.33367],[-78.6985,7.333003],[-78.70725,7.332336],[-78.716,7.331669],[-78.72475,7.331002],[-78.7335,7.330335],[-78.74225,7.329668],[-78.751,7.329]]}},{"type":"Feature","properties":{"PLATEBOUND":"NZ-PM","STEPCLASS":"OTF","BOUNDCONT":"TRUE","OROGEN":"FALSE"},"geometry":{"type":"LineString","coordinates":[[-78.751,7.329],[-78.759885,7.328618],[-78.76877,7.328235],[-78.777654,7.327852],[-78.786539,7.327469],[-78.795424,7.327086],[-78.804309,7.326703],[-78.813193,7.326319],[-78.822078,7.325936],[-78.830963,7.325552],[-78.839847,7.325168],[-78.848732,7.324784],[-78.857617,7.324399],[-78.866501,7.324015],[-78.875386,7.32363],[-78.88427,7.323245],[-78.893155,7.32286],[-78.90204,7.322475],[-78.910924,7.32209],[-78.919809,7.321704],[-78.928693,7.321318],[-78.937578,7.320932],[-78.946462,7.320546],[-78.955347,7.32016],[-78.964231,7.319773],[-78.973116,7.319387],[-78.982,7.319]]}},{"type":"Feature","properties":{"PLATEBOUND":"NZ-PM","STEPCLASS":"OTF","BOUNDCONT":"TRUE","OROGEN":"FALSE"},"geometry":{"type":"LineString","coordinates":[[-78.982,7.319],[-78.990897,7.318382],[-78.999794,7.317763],[-79.008691,7.317145],[-79.017587,7.316526],[-79.026484,7.315907],[-79.035381,7.315288],[-79.044278,7.314669],[-79.053174,7.314049],[-79.062071,7.31343],[-79.070968,7.31281],[-79.079865,7.31219],[-79.088761,7.31157],[-79.097658,7.310949],[-79.106554,7.310329],[-79.115451,7.309708],[-79.124347,7.309087],[-79.133244,7.308466],[-79.14214,7.307845],[-79.151037,7.307224],[-79.159933,7.306602],[-79.16883,7.30598],[-79.177726,7.305358],[-79.186622,7.304736],[-79.195519,7.304114],[-79.204415,7.303492],[-79.213311,7.302869],[-79.222208,7.302246],[-79.231104,7.301623],[-79.24,7.301]]}},{"type":"Feature","properties":{"PLATEBOUND":"NZ-PM","STEPCLASS":"OTF","BOUNDCONT":"TRUE","OROGEN":"FALSE"},"geometry":{"type":"LineString","coordinates":[[-79.24,7.301],[-79.24852,7.298298],[-79.25704,7.295597],[-79.265559,7.292895],[-79.274079,7.290193],[-79.282598,7.28749],[-79.291118,7.284788],[-79.299637,7.282085],[-79.308156,7.279383],[-79.316675,7.27668],[-79.325194,7.273977],[-79.333713,7.271273],[-79.342231,7.26857],[-79.35075,7.265866],[-79.359269,7.263163],[-79.367787,7.260459],[-79.376305,7.257755],[-79.384823,7.255051],[-79.393342,7.252346],[-79.40186,7.249642],[-79.410377,7.246937],[-79.418895,7.244232],[-79.427413,7.241527],[-79.435931,7.238822],[-79.444448,7.236117],[-79.452966,7.233411],[-79.461483,7.230706],[-79.47,7.228]]}},{"type":"Feature","properties":{"PLATEBOUND":"NZ-PM","STEPCLASS":"CTF","BOUNDCONT":"TRUE","OROGEN":"FALSE"},"geometry":{"type":"LineString","coordinates":[[-79.47,7.228],[-79.478546,7.226002],[-79.487092,7.224003],[-79.495639,7.222005],[-79.504185,7.220006],[-79.51273,7.218007],[-79.521276,7.216008],[-79.529822,7.214008],[-79.538368,7.212009],[-79.546913,7.210009],[-79.555459,7.20801],[-79.564005,7.20601],[-79.57255,7.20401],[-79.581095,7.202009],[-79.589641,7.200009],[-79.598186,7.198008],[-79.606731,7.196008],[-79.615276,7.194007],[-79.623821,7.192006],[-79.632366,7.190005],[-79.640911,7.188003],[-79.649455,7.186002],[-79.658,7.184]]}},{"type":"Feature","properties":{"PLATEBOUND":"NZ-PM","STEPCLASS":"CTF","BOUNDCONT":"TRUE","OROGEN":"FALSE"},"geometry":{"type":"LineString","coordinates":[[-79.658,7.184],[-79.666953,7.182859],[-79.675906,7.181718],[-79.684858,7.180576],[-79.693811,7.179435],[-79.702764,7.178293],[-79.711716,7.177151],[-79.720669,7.176009],[-79.729621,7.174866],[-79.738574,7.173724],[-79.747526,7.172581],[-79.756479,7.171438],[-79.765431,7.170295],[-79.774383,7.169152],[-79.783336,7.168009],[-79.792288,7.166865],[-79.80124,7.165721],[-79.810192,7.164577],[-79.819144,7.163433],[-79.828096,7.162289],[-79.837048,7.161145],[-79.846,7.16]]}},{"type":"Feature","properties":{"PLATEBOUND":"NZ-PM","STEPCLASS":"OTF","BOUNDCONT":"TRUE","OROGEN":"FALSE"},"geometry":{"type":"LineString","coordinates":[[-79.846,7.16],[-79.854622,7.157968],[-79.863243,7.155935],[-79.871865,7.153903],[-79.880487,7.15187],[-79.889108,7.149837],[-79.897729,7.147804],[-79.906351,7.145771],[-79.914972,7.143738],[-79.923593,7.141704],[-79.932214,7.13967],[-79.940835,7.137637],[-79.949456,7.135603],[-79.958077,7.133568],[-79.966698,7.131534],[-79.975318,7.1295],[-79.983939,7.127465],[-79.992559,7.12543],[-80.00118,7.123395],[-80.0098,7.12136],[-80.018421,7.119325],[-80.027041,7.117289],[-80.035661,7.115254],[-80.044281,7.113218],[-80.052901,7.111182],[-80.061521,7.109146],[-80.070141,7.10711],[-80.078761,7.105073],[-80.08738,7.103037],[-80.096,7.101]]}},{"type":"Feature","properties":{"PLATEBOUND":"NZ-PM","STEPCLASS":"OTF","BOUNDCONT":"TRUE","OROGEN":"FALSE"},"geometry":{"type":"LineString","coordinates":[[-80.096,7.101],[-80.104555,7.102779],[-80.11311,7.104558],[-80.121665,7.106337],[-80.13022,7.108116],[-80.138776,7.109894],[-80.147331,7.111672],[-80.155886,7.113451],[-80.164442,7.115229],[-80.172997,7.117006],[-80.181553,7.118784],[-80.190109,7.120562],[-80.198664,7.122339],[-80.20722,7.124116],[-80.215776,7.125893],[-80.224332,7.12767],[-80.232888,7.129447],[-80.241444,7.131224],[-80.25,7.133]]}},{"type":"Feature","properties":{"PLATEBOUND":"NZ-PM","STEPCLASS":"OCB","BOUNDCONT":"FALSE","OROGEN":"FALSE"},"geometry":{"type":"LineString","coordinates":[[-80.25,7.133],[-80.257061,7.138501],[-80.264123,7.144002],[-80.271184,7.149502],[-80.278246,7.155003],[-80.285308,7.160503],[-80.29237,7.166003],[-80.299432,7.171503],[-80.306495,7.177004],[-80.313557,7.182503],[-80.32062,7.188003],[-80.327683,7.193503],[-80.334746,7.199003],[-80.341809,7.204502],[-80.348873,7.210002],[-80.355936,7.215501],[-80.363,7.221]]}},{"type":"Feature","properties":{"PLATEBOUND":"NZ-PM","STEPCLASS":"OCB","BOUNDCONT":"TRUE","OROGEN":"FALSE"},"geometry":{"type":"LineString","coordinates":[[-80.363,7.221],[-80.370332,7.225751],[-80.377663,7.230503],[-80.384995,7.235254],[-80.392327,7.240005],[-80.399659,7.244756],[-80.406992,7.249506],[-80.414324,7.254257],[-80.421657,7.259008],[-80.42899,7.263758],[-80.436323,7.268508],[-80.443656,7.273259],[-80.450989,7.278009],[-80.458322,7.282759],[-80.465656,7.287508],[-80.47299,7.292258],[-80.480323,7.297008],[-80.487657,7.301757],[-80.494992,7.306506],[-80.502326,7.311256],[-80.50966,7.316005],[-80.516995,7.320754],[-80.52433,7.325503],[-80.531665,7.330251],[-80.539,7.335]]}},{"type":"Feature","properties":{"PLATEBOUND":"NZ-PM","STEPCLASS":"CCB","BOUNDCONT":"TRUE","OROGEN":"FALSE"},"geometry":{"type":"LineString","coordinates":[[-80.539,7.335],[-80.546788,7.339212],[-80.554576,7.343423],[-80.562365,7.347635],[-80.570153,7.351846],[-80.577942,7.356057],[-80.585731,7.360268],[-80.59352,7.364479],[-80.601309,7.36869],[-80.609099,7.372901],[-80.616888,7.377111],[-80.624678,7.381322],[-80.632467,7.385532],[-80.640257,7.389742],[-80.648047,7.393952],[-80.655838,7.398162],[-80.663628,7.402372],[-80.671419,7.406581],[-80.679209,7.410791],[-80.687,7.415]]}},{"type":"Feature","properties":{"PLATEBOUND":"NZ-PM","STEPCLASS":"CRB","BOUNDCONT":"TRUE","OROGEN":"FALSE"},"geometry":{"type":"LineString","coordinates":[[-80.687,7.415],[-80.694462,7.410616],[-80.701925,7.406232],[-80.709387,7.401848],[-80.716849,7.397464],[-80.724311,7.393079],[-80.731772,7.388695],[-80.739234,7.38431],[-80.746695,7.379926],[-80.754156,7.375541],[-80.761618,7.371156],[-80.769079,7.366771],[-80.776539,7.362385],[-80.784,7.358]]}},{"type":"Feature","properties":{"PLATEBOUND":"NZ-PM","STEPCLASS":"OSR","BOUNDCONT":"TRUE","OROGEN":"FALSE"},"geometry":{"type":"LineString","coordinates":[[-80.784,7.358],[-80.791334,7.353734],[-80.798668,7.349468],[-80.806003,7.345202],[-80.813336,7.340936],[-80.82067,7.33667],[-80.828004,7.332403],[-80.835337,7.328137],[-80.842671,7.32387],[-80.850004,7.319603],[-80.857337,7.315336],[-80.86467,7.311069],[-80.872003,7.306802],[-80.879335,7.302535],[-80.886668,7.298268],[-80.894,7.294]]}},{"type":"Feature","properties":{"PLATEBOUND":"NZ-PM","STEPCLASS":"OSR","BOUNDCONT":"TRUE","OROGEN":"FALSE"},"geometry":{"type":"LineString","coordinates":[[-80.894,7.294],[-80.902001,7.290001],[-80.910002,7.286002],[-80.918003,7.282003],[-80.926004,7.278004],[-80.934005,7.274005],[-80.942005,7.270005],[-80.950005,7.266005],[-80.958006,7.262006],[-80.966006,7.258006],[-80.974006,7.254006],[-80.982005,7.250005],[-80.990005,7.246005],[-80.998005,7.242005],[-81.006004,7.238004],[-81.014003,7.234003],[-81.022002,7.230002],[-81.030001,7.226001],[-81.038,7.222]]}},{"type":"Feature","properties":{"PLATEBOUND":"NZ-PM","STEPCLASS":"OTF","BOUNDCONT":"TRUE","OROGEN":"FALSE"},"geometry":{"type":"LineString","coordinates":[[-81.038,7.222],[-81.046334,7.218668],[-81.054668,7.215335],[-81.063002,7.212003],[-81.071336,7.20867],[-81.07967,7.205337],[-81.088003,7.202004],[-81.096337,7.198671],[-81.10467,7.195338],[-81.113003,7.192004],[-81.121336,7.18867],[-81.129669,7.185337],[-81.138002,7.182003],[-81.146335,7.178669],[-81.154668,7.175334],[-81.163,7.172]]}},{"type":"Feature","properties":{"PLATEBOUND":"NZ-PM","STEPCLASS":"OTF","BOUNDCONT":"TRUE","OROGEN":"FALSE"},"geometry":{"type":"LineString","coordinates":[[-81.163,7.172],[-81.171138,7.168683],[-81.179275,7.165367],[-81.187412,7.16205],[-81.19555,7.158732],[-81.203687,7.155415],[-81.211824,7.152098],[-81.219961,7.14878],[-81.228097,7.145463],[-81.236234,7.142145],[-81.244371,7.138827],[-81.252507,7.135509],[-81.260643,7.13219],[-81.26878,7.128872],[-81.276916,7.125554],[-81.285052,7.122235],[-81.293187,7.118916],[-81.301323,7.115597],[-81.309459,7.112278],[-81.317594,7.108959],[-81.32573,7.105639],[-81.333865,7.10232],[-81.342,7.099]]}},{"type":"Feature","properties":{"PLATEBOUND":"NZ-PM","STEPCLASS":"OTF","BOUNDCONT":"TRUE","OROGEN":"FALSE"},"geometry":{"type":"LineString","coordinates":[[-81.342,7.099],[-81.35053,7.096413],[-81.35906,7.093826],[-81.36759,7.091239],[-81.37612,7.088651],[-81.38465,7.086064],[-81.39318,7.083476],[-81.401709,7.080888],[-81.410239,7.0783],[-81.418768,7.075712],[-81.427297,7.073123],[-81.435827,7.070535],[-81.444356,7.067946],[-81.452885,7.065357],[-81.461414,7.062768],[-81.469943,7.060179],[-81.478471,7.057589],[-81.487,7.055]]}},{"type":"Feature","properties":{"PLATEBOUND":"NZ-PM","STEPCLASS":"OTF","BOUNDCONT":"TRUE","OROGEN":"FALSE"},"geometry":{"type":"LineString","coordinates":[[-81.487,7.055],[-81.495818,7.053546],[-81.504637,7.052092],[-81.513455,7.050638],[-81.522273,7.049184],[-81.531092,7.04773],[-81.53991,7.046275],[-81.548728,7.044821],[-81.557546,7.043366],[-81.566364,7.041911],[-81.575182,7.040455],[-81.584,7.039]]}},{"type":"Feature","properties":{"PLATEBOUND":"NZ-PM","STEPCLASS":"OTF","BOUNDCONT":"TRUE","OROGEN":"FALSE"},"geometry":{"type":"LineString","coordinates":[[-81.584,7.039],[-81.592722,7.040224],[-81.601444,7.041447],[-81.610166,7.04267],[-81.618888,7.043893],[-81.62761,7.045116],[-81.636332,7.046339],[-81.645054,7.047562],[-81.653776,7.048784],[-81.662498,7.050007],[-81.67122,7.051229],[-81.679943,7.052451],[-81.688665,7.053673],[-81.697387,7.054894],[-81.70611,7.056116],[-81.714832,7.057337],[-81.723555,7.058558],[-81.732277,7.059779],[-81.741,7.061]]}},{"type":"Feature","properties":{"PLATEBOUND":"NZ-PM","STEPCLASS":"OSR","BOUNDCONT":"FALSE","OROGEN":"FALSE"},"geometry":{"type":"LineString","coordinates":[[-81.741,7.061],[-81.748791,7.056633],[-81.756581,7.052265],[-81.764372,7.047898],[-81.772162,7.04353],[-81.779952,7.039162],[-81.787743,7.034795],[-81.795532,7.030427],[-81.803322,7.026058],[-81.811112,7.02169],[-81.818901,7.017322],[-81.826691,7.012953],[-81.83448,7.008584],[-81.842269,7.004216],[-81.850058,6.999847],[-81.857846,6.995478],[-81.865635,6.991108],[-81.873424,6.986739],[-81.881212,6.98237],[-81.889,6.978]]}},{"type":"Feature","properties":{"PLATEBOUND":"NZ-PM","STEPCLASS":"OSR","BOUNDCONT":"TRUE","OROGEN":"FALSE"},"geometry":{"type":"LineString","coordinates":[[-81.889,6.978],[-81.896858,6.974],[-81.904715,6.970001],[-81.912572,6.966001],[-81.920429,6.962001],[-81.928286,6.958001],[-81.936143,6.954],[-81.944,6.95]]}},{"type":"Feature","properties":{"PLATEBOUND":"NZ-PM","STEPCLASS":"OTF","BOUNDCONT":"TRUE","OROGEN":"FALSE"},"geometry":{"type":"LineString","coordinates":[[-81.944,6.95],[-81.952588,6.951001],[-81.961176,6.952002],[-81.969764,6.953003],[-81.978352,6.954004],[-81.98694,6.955005],[-81.995528,6.956005],[-82.004116,6.957005],[-82.012705,6.958006],[-82.021293,6.959006],[-82.029881,6.960005],[-82.038469,6.961005],[-82.047058,6.962005],[-82.055646,6.963004],[-82.064235,6.964003],[-82.072823,6.965002],[-82.081411,6.966001],[-82.09,6.967]]}},{"type":"Feature","properties":{"PLATEBOUND":"NZ-PM","STEPCLASS":"OCB","BOUNDCONT":"TRUE","OROGEN":"FALSE"},"geometry":{"type":"LineString","coordinates":[[-82.09,6.967],[-82.095833,6.973834],[-82.101666,6.980667],[-82.107499,6.9875],[-82.113333,6.994334],[-82.119166,7.001167],[-82.125,7.008]]}},{"type":"Feature","properties":{"PLATEBOUND":"NZ-PM","STEPCLASS":"OCB","BOUNDCONT":"TRUE","OROGEN":"FALSE"},"geometry":{"type":"LineString","coordinates":[[-82.125,7.008],[-82.1327,7.011301],[-82.140399,7.014601],[-82.148099,7.017901],[-82.155799,7.021202],[-82.163499,7.024502],[-82.171199,7.027802],[-82.178899,7.031101],[-82.186599,7.034401],[-82.1943,7.037701],[-82.202,7.041]]}},{"type":"Feature","properties":{"PLATEBOUND":"NZ-PM","STEPCLASS":"OCB","BOUNDCONT":"TRUE","OROGEN":"FALSE"},"geometry":{"type":"LineString","coordinates":[[-82.202,7.041],[-82.207461,7.04777],[-82.212921,7.054539],[-82.218382,7.061309],[-82.223843,7.068078],[-82.229305,7.074847],[-82.234766,7.081617],[-82.240227,7.088386],[-82.245689,7.095155],[-82.251151,7.101924],[-82.256613,7.108693],[-82.262075,7.115462],[-82.267538,7.122231],[-82.273,7.129]]}},{"type":"Feature","properties":{"PLATEBOUND":"NZ-PM","STEPCLASS":"OCB","BOUNDCONT":"TRUE","OROGEN":"FALSE"},"geometry":{"type":"LineString","coordinates":[[-82.273,7.129],[-82.277124,7.136625],[-82.281248,7.144251],[-82.285372,7.151876],[-82.289497,7.159501],[-82.293621,7.167126],[-82.297746,7.174751],[-82.301871,7.182376],[-82.305996,7.190001],[-82.310121,7.197626],[-82.314246,7.205251],[-82.318371,7.212876],[-82.322497,7.220501],[-82.326622,7.228126],[-82.330748,7.235751],[-82.334874,7.243375],[-82.339,7.251]]}},{"type":"Feature","properties":{"PLATEBOUND":"NZ-PM","STEPCLASS":"OCB","BOUNDCONT":"TRUE","OROGEN":"FALSE"},"geometry":{"type":"LineString","coordinates":[[-82.339,7.251],[-82.347499,7.253501],[-82.355998,7.256003],[-82.364498,7.258504],[-82.372997,7.261004],[-82.381497,7.263505],[-82.389997,7.266006],[-82.398496,7.268506],[-82.406996,7.271006],[-82.415496,7.273506],[-82.423996,7.276006],[-82.432496,7.278506],[-82.440997,7.281006],[-82.449497,7.283505],[-82.457997,7.286004],[-82.466498,7.288504],[-82.474998,7.291003],[-82.483499,7.293501],[-82.492,7.296]]}},{"type":"Feature","properties":{"PLATEBOUND":"NZ-PM","STEPCLASS":"OTF","BOUNDCONT":"TRUE","OROGEN":"FALSE"},"geometry":{"type":"LineString","coordinates":[[-82.492,7.296],[-82.500928,7.296787],[-82.509857,7.297574],[-82.518785,7.29836],[-82.527714,7.299146],[-82.536642,7.299933],[-82.545571,7.300719],[-82.554499,7.301504],[-82.563428,7.30229],[-82.572356,7.303075],[-82.581285,7.303861],[-82.590214,7.304646],[-82.599142,7.305431],[-82.608071,7.306215],[-82.617,7.307]]}},{"type":"Feature","properties":{"PLATEBOUND":"NZ-PM","STEPCLASS":"OTF","BOUNDCONT":"TRUE","OROGEN":"FALSE"},"geometry":{"type":"LineString","coordinates":[[-82.617,7.307],[-82.624667,7.303778],[-82.632334,7.300556],[-82.640001,7.297335],[-82.647668,7.294112],[-82.655334,7.29089],[-82.663001,7.287668],[-82.670667,7.284445],[-82.678334,7.281223],[-82.686,7.278]]}},{"type":"Feature","properties":{"PLATEBOUND":"NZ-PM","STEPCLASS":"OTF","BOUNDCONT":"TRUE","OROGEN":"FALSE"},"geometry":{"type":"LineString","coordinates":[[-82.686,7.278],[-82.694857,7.278715],[-82.703714,7.279429],[-82.712571,7.280144],[-82.721428,7.280858],[-82.730286,7.281572],[-82.739143,7.282286],[-82.748,7.283]]}},{"type":"Feature","properties":{"PLATEBOUND":"NZ-PM","STEPCLASS":"OCB","BOUNDCONT":"TRUE","OROGEN":"FALSE"},"geometry":{"type":"LineString","coordinates":[[-82.748,7.283],[-82.755875,7.2855],[-82.763749,7.288001],[-82.771624,7.290501],[-82.779499,7.293001],[-82.787374,7.295501],[-82.795249,7.298001],[-82.803125,7.3005],[-82.811,7.303]]}},{"type":"Feature","properties":{"PLATEBOUND":"NZ-PM","STEPCLASS":"OCB","BOUNDCONT":"TRUE","OROGEN":"FALSE"},"geometry":{"type":"LineString","coordinates":[[-82.811,7.303],[-82.817399,7.3093],[-82.823799,7.315601],[-82.830198,7.321901],[-82.836598,7.328201],[-82.842998,7.334501],[-82.849398,7.340801],[-82.855798,7.347101],[-82.862199,7.353401],[-82.868599,7.3597],[-82.875,7.366]]}},{"type":"Feature","properties":{"PLATEBOUND":"CO\\PM","STEPCLASS":"SUB","BOUNDCONT":"FALSE","OROGEN":"FALSE"},"geometry":{"type":"LineString","coordinates":[[-82.875,7.366],[-82.88085,7.372648],[-82.8867,7.379297],[-82.892551,7.385945],[-82.898401,7.392593],[-82.904252,7.399241],[-82.910103,7.405889],[-82.915954,7.412537],[-82.921805,7.419185],[-82.927657,7.425832],[-82.933508,7.43248],[-82.93936,7.439128],[-82.945212,7.445775],[-82.951064,7.452423],[-82.956916,7.45907],[-82.962769,7.465717],[-82.968622,7.472364],[-82.974474,7.479012],[-82.980327,7.485659],[-82.986181,7.492305],[-82.992034,7.498952],[-82.997888,7.505599],[-83.003741,7.512246],[-83.009595,7.518892],[-83.015449,7.525539],[-83.021304,7.532185],[-83.027158,7.538832],[-83.033013,7.545478],[-83.038867,7.552124],[-83.044722,7.558771],[-83.050578,7.565417],[-83.056433,7.572063],[-83.062288,7.578708],[-83.068144,7.585354],[-83.074,7.592]]}},{"type":"Feature","properties":{"PLATEBOUND":"CO\\PM","STEPCLASS":"SUB","BOUNDCONT":"TRUE","OROGEN":"FALSE"},"geometry":{"type":"LineString","coordinates":[[-83.074,7.592],[-83.078674,7.59956],[-83.083348,7.607119],[-83.088022,7.614679],[-83.092696,7.622239],[-83.09737,7.629798],[-83.102045,7.637357],[-83.10672,7.644917],[-83.111395,7.652476],[-83.11607,7.660035],[-83.120745,7.667595],[-83.12542,7.675154],[-83.130096,7.682713],[-83.134771,7.690272],[-83.139447,7.697831],[-83.144123,7.70539],[-83.1488,7.712949],[-83.153476,7.720508],[-83.158153,7.728067],[-83.162829,7.735625],[-83.167506,7.743184],[-83.172183,7.750743],[-83.17686,7.758301],[-83.181538,7.76586],[-83.186215,7.773418],[-83.190893,7.780977],[-83.195571,7.788535],[-83.200249,7.796093],[-83.204927,7.803652],[-83.209606,7.81121],[-83.214284,7.818768],[-83.218963,7.826326],[-83.223642,7.833884],[-83.228321,7.841442],[-83.233,7.849]]}},{"type":"Feature","properties":{"PLATEBOUND":"CO\\PM","STEPCLASS":"SUB","BOUNDCONT":"TRUE","OROGEN":"FALSE"},"geometry":{"type":"LineString","coordinates":[[-83.233,7.849],[-83.240469,7.853648],[-83.247939,7.858296],[-83.255408,7.862944],[-83.262878,7.867592],[-83.270348,7.872239],[-83.277818,7.876887],[-83.285288,7.881534],[-83.292759,7.886181],[-83.300229,7.890828],[-83.3077,7.895475],[-83.315171,7.900122],[-83.322642,7.904769],[-83.330113,7.909415],[-83.337585,7.914062],[-83.345056,7.918708],[-83.352528,7.923354],[-83.36,7.928]]}},{"type":"Feature","properties":{"PLATEBOUND":"CO\\PM","STEPCLASS":"SUB","BOUNDCONT":"TRUE","OROGEN":"FALSE"},"geometry":{"type":"LineString","coordinates":[[-83.36,7.928],[-83.368164,7.931869],[-83.376329,7.935738],[-83.384494,7.939607],[-83.392659,7.943475],[-83.400824,7.947343],[-83.408989,7.951212],[-83.417154,7.95508],[-83.42532,7.958948],[-83.433485,7.962815],[-83.441651,7.966683],[-83.449817,7.97055],[-83.457983,7.974417],[-83.46615,7.978285],[-83.474316,7.982151],[-83.482483,7.986018],[-83.490649,7.989885],[-83.498816,7.993751],[-83.506983,7.997617],[-83.515151,8.001484],[-83.523318,8.00535],[-83.531485,8.009215],[-83.539653,8.013081],[-83.547821,8.016946],[-83.555989,8.020812],[-83.564157,8.024677],[-83.572325,8.028542],[-83.580494,8.032407],[-83.588662,8.036271],[-83.596831,8.040136],[-83.605,8.044]]}},{"type":"Feature","properties":{"PLATEBOUND":"CO\\PM","STEPCLASS":"SUB","BOUNDCONT":"TRUE","OROGEN":"FALSE"},"geometry":{"type":"LineString","coordinates":[[-83.605,8.044],[-83.612764,8.048602],[-83.620528,8.053204],[-83.628293,8.057806],[-83.636058,8.062408],[-83.643822,8.067009],[-83.651587,8.071611],[-83.659352,8.076212],[-83.667118,8.080813],[-83.674883,8.085414],[-83.682649,8.090015],[-83.690415,8.094616],[-83.698181,8.099216],[-83.705947,8.103816],[-83.713714,8.108417],[-83.72148,8.113017],[-83.729247,8.117617],[-83.737014,8.122216],[-83.744781,8.126816],[-83.752548,8.131416],[-83.760316,8.136015],[-83.768083,8.140614],[-83.775851,8.145213],[-83.783619,8.149812],[-83.791387,8.154411],[-83.799156,8.159009],[-83.806924,8.163608],[-83.814693,8.168206],[-83.822462,8.172804],[-83.830231,8.177402],[-83.838,8.182]]}},{"type":"Feature","properties":{"PLATEBOUND":"CO\\PM","STEPCLASS":"SUB","BOUNDCONT":"TRUE","OROGEN":"FALSE"},"geometry":{"type":"LineString","coordinates":[[-83.838,8.182],[-83.845346,8.187132],[-83.852692,8.192264],[-83.860038,8.197395],[-83.867384,8.202527],[-83.874731,8.207658],[-83.882077,8.21279],[-83.889424,8.217921],[-83.896771,8.223052],[-83.904119,8.228182],[-83.911466,8.233313],[-83.918814,8.238444],[-83.926161,8.243574],[-83.933509,8.248704],[-83.940858,8.253835],[-83.948206,8.258965],[-83.955555,8.264095],[-83.962903,8.269224],[-83.970252,8.274354],[-83.977601,8.279483],[-83.984951,8.284613],[-83.9923,8.289742],[-83.99965,8.294871],[-84.007,8.3]]}},{"type":"Feature","properties":{"PLATEBOUND":"CO\\PM","STEPCLASS":"SUB","BOUNDCONT":"TRUE","OROGEN":"FALSE"},"geometry":{"type":"LineString","coordinates":[[-84.007,8.3],[-84.012805,8.306693],[-84.018611,8.313387],[-84.024416,8.32008],[-84.030222,8.326773],[-84.036028,8.333466],[-84.041834,8.340159],[-84.047641,8.346852],[-84.053447,8.353545],[-84.059254,8.360237],[-84.065061,8.36693],[-84.070868,8.373623],[-84.076676,8.380315],[-84.082483,8.387007],[-84.088291,8.3937],[-84.094099,8.400392],[-84.099907,8.407084],[-84.105716,8.413776],[-84.111524,8.420468],[-84.117333,8.42716],[-84.123142,8.433851],[-84.128951,8.440543],[-84.13476,8.447235],[-84.14057,8.453926],[-84.14638,8.460617],[-84.15219,8.467309],[-84.158,8.474]]}},{"type":"Feature","properties":{"PLATEBOUND":"CO\\PM","STEPCLASS":"SUB","BOUNDCONT":"TRUE","OROGEN":"FALSE"},"geometry":{"type":"LineString","coordinates":[[-84.158,8.474],[-84.165673,8.478797],[-84.173347,8.483593],[-84.181021,8.488389],[-84.188694,8.493186],[-84.196368,8.497982],[-84.204043,8.502778],[-84.211717,8.507573],[-84.219392,8.512369],[-84.227067,8.517164],[-84.234742,8.52196],[-84.242417,8.526755],[-84.250092,8.53155],[-84.257768,8.536344],[-84.265444,8.541139],[-84.27312,8.545934],[-84.280796,8.550728],[-84.288472,8.555522],[-84.296149,8.560316],[-84.303826,8.56511],[-84.311503,8.569904],[-84.31918,8.574697],[-84.326857,8.579491],[-84.334535,8.584284],[-84.342212,8.589077],[-84.34989,8.59387],[-84.357568,8.598663],[-84.365247,8.603456],[-84.372925,8.608248],[-84.380604,8.613041],[-84.388283,8.617833],[-84.395962,8.622625],[-84.403641,8.627417],[-84.41132,8.632208],[-84.419,8.637]]}},{"type":"Feature","properties":{"PLATEBOUND":"CO\\PM","STEPCLASS":"SUB","BOUNDCONT":"TRUE","OROGEN":"FALSE"},"geometry":{"type":"LineString","coordinates":[[-84.419,8.637],[-84.427088,8.641094],[-84.435176,8.645187],[-84.443265,8.64928],[-84.451353,8.653374],[-84.459442,8.657467],[-84.467531,8.661559],[-84.47562,8.665652],[-84.48371,8.669745],[-84.491799,8.673837],[-84.499889,8.677929],[-84.507979,8.682021],[-84.516069,8.686113],[-84.524159,8.690204],[-84.532249,8.694296],[-84.54034,8.698387],[-84.548431,8.702478],[-84.556522,8.706569],[-84.564613,8.71066],[-84.572704,8.71475],[-84.580795,8.718841],[-84.588887,8.722931],[-84.596979,8.727021],[-84.605071,8.731111],[-84.613163,8.735201],[-84.621255,8.73929],[-84.629348,8.743379],[-84.63744,8.747469],[-84.645533,8.751558],[-84.653626,8.755646],[-84.661719,8.759735],[-84.669813,8.763824],[-84.677906,8.767912],[-84.686,8.772]]}},{"type":"Feature","properties":{"PLATEBOUND":"CO\\PM","STEPCLASS":"SUB","BOUNDCONT":"TRUE","OROGEN":"FALSE"},"geometry":{"type":"LineString","coordinates":[[-84.686,8.772],[-84.694133,8.775754],[-84.702266,8.779507],[-84.710399,8.783261],[-84.718532,8.787014],[-84.726666,8.790767],[-84.734799,8.79452],[-84.742933,8.798273],[-84.751067,8.802026],[-84.759201,8.805778],[-84.767336,8.80953],[-84.77547,8.813282],[-84.783605,8.817034],[-84.79174,8.820786],[-84.799875,8.824537],[-84.80801,8.828289],[-84.816145,8.83204],[-84.82428,8.835791],[-84.832416,8.839542],[-84.840552,8.843292],[-84.848688,8.847043],[-84.856824,8.850793],[-84.86496,8.854543],[-84.873097,8.858293],[-84.881233,8.862043],[-84.88937,8.865792],[-84.897507,8.869542],[-84.905644,8.873291],[-84.913781,8.87704],[-84.921919,8.880789],[-84.930056,8.884537],[-84.938194,8.888286],[-84.946332,8.892034],[-84.95447,8.895782],[-84.962608,8.89953],[-84.970747,8.903278],[-84.978885,8.907026],[-84.987024,8.910773],[-84.995163,8.91452],[-85.003302,8.918267],[-85.011441,8.922014],[-85.019581,8.925761],[-85.02772,8.929507],[-85.03586,8.933254],[-85.044,8.937]]}},{"type":"Feature","properties":{"PLATEBOUND":"CO\\PM","STEPCLASS":"SUB","BOUNDCONT":"TRUE","OROGEN":"FALSE"},"geometry":{"type":"LineString","coordinates":[[-85.044,8.937],[-85.052216,8.940711],[-85.060433,8.944422],[-85.068649,8.948132],[-85.076866,8.951843],[-85.085083,8.955553],[-85.0933,8.959263],[-85.101517,8.962973],[-85.109734,8.966683],[-85.117952,8.970392],[-85.126169,8.974102],[-85.134387,8.977811],[-85.142605,8.98152],[-85.150823,8.985229],[-85.159042,8.988937],[-85.16726,8.992646],[-85.175479,8.996354],[-85.183698,9.000062],[-85.191917,9.00377],[-85.200136,9.007478],[-85.208355,9.011185],[-85.216575,9.014892],[-85.224794,9.0186],[-85.233014,9.022306],[-85.241234,9.026013],[-85.249454,9.02972],[-85.257675,9.033426],[-85.265895,9.037132],[-85.274116,9.040838],[-85.282337,9.044544],[-85.290558,9.04825],[-85.298779,9.051955],[-85.307,9.055661],[-85.315222,9.059366],[-85.323443,9.063071],[-85.331665,9.066775],[-85.339887,9.07048],[-85.34811,9.074184],[-85.356332,9.077889],[-85.364554,9.081593],[-85.372777,9.085296],[-85.381,9.089]]}},{"type":"Feature","properties":{"PLATEBOUND":"CO\\PM","STEPCLASS":"SUB","BOUNDCONT":"TRUE","OROGEN":"FALSE"},"geometry":{"type":"LineString","coordinates":[[-85.381,9.089],[-85.388963,9.092933],[-85.396926,9.096867],[-85.40489,9.1008],[-85.412853,9.104733],[-85.420817,9.108666],[-85.428781,9.112598],[-85.436745,9.116531],[-85.444709,9.120463],[-85.452674,9.124395],[-85.460639,9.128327],[-85.468603,9.132259],[-85.476568,9.13619],[-85.484534,9.140122],[-85.492499,9.144053],[-85.500464,9.147984],[-85.50843,9.151915],[-85.516396,9.155846],[-85.524362,9.159776],[-85.532328,9.163706],[-85.540295,9.167637],[-85.548261,9.171567],[-85.556228,9.175496],[-85.564195,9.179426],[-85.572162,9.183355],[-85.580129,9.187285],[-85.588097,9.191214],[-85.596064,9.195143],[-85.604032,9.199071],[-85.612,9.203]]}},{"type":"Feature","properties":{"PLATEBOUND":"CO\\PM","STEPCLASS":"SUB","BOUNDCONT":"TRUE","OROGEN":"FALSE"},"geometry":{"type":"LineString","coordinates":[[-85.612,9.203],[-85.619264,9.208369],[-85.626528,9.213738],[-85.633792,9.219106],[-85.641057,9.224474],[-85.648322,9.229843],[-85.655587,9.235211],[-85.662852,9.240579],[-85.670117,9.245947],[-85.677383,9.251314],[-85.684649,9.256682],[-85.691915,9.262049],[-85.699181,9.267416],[-85.706447,9.272783],[-85.713714,9.27815],[-85.720981,9.283517],[-85.728248,9.288884],[-85.735516,9.29425],[-85.742783,9.299616],[-85.750051,9.304983],[-85.757319,9.310349],[-85.764588,9.315714],[-85.771856,9.32108],[-85.779125,9.326446],[-85.786394,9.331811],[-85.793663,9.337176],[-85.800932,9.342541],[-85.808202,9.347906],[-85.815472,9.353271],[-85.822742,9.358636],[-85.830012,9.364],[-85.837283,9.369365],[-85.844553,9.374729],[-85.851824,9.380093],[-85.859095,9.385457],[-85.866367,9.390821],[-85.873639,9.396184],[-85.88091,9.401548],[-85.888182,9.406911],[-85.895455,9.412274],[-85.902727,9.417637],[-85.91,9.423]]}},{"type":"Feature","properties":{"PLATEBOUND":"CO\\PM","STEPCLASS":"SUB","BOUNDCONT":"TRUE","OROGEN":"FALSE"},"geometry":{"type":"LineString","coordinates":[[-85.91,9.423],[-85.916677,9.428935],[-85.923354,9.434869],[-85.930031,9.440803],[-85.936709,9.446738],[-85.943387,9.452672],[-85.950065,9.458606],[-85.956743,9.46454],[-85.963421,9.470473],[-85.9701,9.476407],[-85.976779,9.48234],[-85.983458,9.488274],[-85.990137,9.494207],[-85.996817,9.50014],[-86.003497,9.506073],[-86.010177,9.512006],[-86.016857,9.517938],[-86.023538,9.523871],[-86.030219,9.529803],[-86.0369,9.535735],[-86.043581,9.541668],[-86.050262,9.5476],[-86.056944,9.553532],[-86.063626,9.559463],[-86.070308,9.565395],[-86.07699,9.571326],[-86.083673,9.577258],[-86.090356,9.583189],[-86.097039,9.58912],[-86.103722,9.595051],[-86.110406,9.600982],[-86.11709,9.606913],[-86.123774,9.612843],[-86.130458,9.618774],[-86.137142,9.624704],[-86.143827,9.630634],[-86.150512,9.636564],[-86.157197,9.642494],[-86.163883,9.648424],[-86.170568,9.654354],[-86.177254,9.660283],[-86.18394,9.666213],[-86.190627,9.672142],[-86.197313,9.678071],[-86.204,9.684]]}},{"type":"Feature","properties":{"PLATEBOUND":"CO\\PM","STEPCLASS":"SUB","BOUNDCONT":"TRUE","OROGEN":"FALSE"},"geometry":{"type":"LineString","coordinates":[[-86.204,9.684],[-86.210277,9.690515],[-86.216555,9.69703],[-86.222833,9.703545],[-86.229111,9.71006],[-86.235389,9.716574],[-86.241668,9.723089],[-86.247947,9.729603],[-86.254226,9.736117],[-86.260505,9.742631],[-86.266785,9.749145],[-86.273065,9.755659],[-86.279345,9.762173],[-86.285625,9.768687],[-86.291906,9.7752],[-86.298187,9.781714],[-86.304468,9.788227],[-86.310749,9.79474],[-86.317031,9.801253],[-86.323312,9.807766],[-86.329594,9.814279],[-86.335877,9.820792],[-86.342159,9.827304],[-86.348442,9.833817],[-86.354725,9.840329],[-86.361008,9.846841],[-86.367292,9.853353],[-86.373576,9.859865],[-86.37986,9.866377],[-86.386144,9.872889],[-86.392428,9.879401],[-86.398713,9.885912],[-86.404998,9.892424],[-86.411283,9.898935],[-86.417569,9.905446],[-86.423855,9.911957],[-86.430141,9.918468],[-86.436427,9.924979],[-86.442713,9.931489],[-86.449,9.938]]}},{"type":"Feature","properties":{"PLATEBOUND":"CO\\PM","STEPCLASS":"SUB","BOUNDCONT":"TRUE","OROGEN":"FALSE"},"geometry":{"type":"LineString","coordinates":[[-86.449,9.938],[-86.453971,9.945427],[-86.458941,9.952853],[-86.463912,9.960279],[-86.468884,9.967706],[-86.473855,9.975132],[-86.478827,9.982558],[-86.483799,9.989984],[-86.488771,9.99741],[-86.493743,10.004836],[-86.498716,10.012262],[-86.503689,10.019687],[-86.508662,10.027113],[-86.513635,10.034539],[-86.518609,10.041964],[-86.523582,10.04939],[-86.528556,10.056815],[-86.53353,10.06424],[-86.538505,10.071665],[-86.54348,10.079091],[-86.548454,10.086516],[-86.55343,10.093941],[-86.558405,10.101366],[-86.56338,10.10879],[-86.568356,10.116215],[-86.573332,10.12364],[-86.578308,10.131064],[-86.583285,10.138489],[-86.588262,10.145913],[-86.593239,10.153338],[-86.598216,10.160762],[-86.603193,10.168186],[-86.608171,10.17561],[-86.613149,10.183034],[-86.618127,10.190458],[-86.623105,10.197882],[-86.628084,10.205306],[-86.633062,10.212729],[-86.638041,10.220153],[-86.643021,10.227577],[-86.648,10.235]]}},{"type":"Feature","properties":{"PLATEBOUND":"ND/NZ","STEPCLASS":"SUB","BOUNDCONT":"FALSE","OROGEN":"FALSE"},"geometry":{"type":"LineString","coordinates":[[-78.646,7.337],[-78.65093,7.3295],[-78.655859,7.322001],[-78.660788,7.314501],[-78.665718,7.307001],[-78.670647,7.299501],[-78.675575,7.292001],[-78.680504,7.284501],[-78.685433,7.277001],[-78.690361,7.269501],[-78.695289,7.262001],[-78.700217,7.254501],[-78.705145,7.247001],[-78.710072,7.2395],[-78.715,7.232]]}},{"type":"Feature","properties":{"PLATEBOUND":"ND/NZ","STEPCLASS":"SUB","BOUNDCONT":"TRUE","OROGEN":"FALSE"},"geometry":{"type":"LineString","coordinates":[[-78.715,7.232],[-78.717938,7.22375],[-78.720876,7.2155],[-78.723815,7.20725],[-78.726753,7.199001],[-78.72969,7.190751],[-78.732628,7.182501],[-78.735566,7.174251],[-78.738503,7.166001],[-78.741441,7.157751],[-78.744378,7.149501],[-78.747315,7.141251],[-78.750253,7.133001],[-78.75319,7.12475],[-78.756126,7.1165],[-78.759063,7.10825],[-78.762,7.1]]}},{"type":"Feature","properties":{"PLATEBOUND":"ND/NZ","STEPCLASS":"SUB","BOUNDCONT":"TRUE","OROGEN":"FALSE"},"geometry":{"type":"LineString","coordinates":[[-78.762,7.1],[-78.760125,7.091375],[-78.75825,7.08275],[-78.756374,7.074125],[-78.754499,7.0655],[-78.752624,7.056875],[-78.75075,7.04825],[-78.748875,7.039625],[-78.747,7.031]]}},{"type":"Feature","properties":{"PLATEBOUND":"ND/NZ","STEPCLASS":"SUB","BOUNDCONT":"TRUE","OROGEN":"FALSE"},"geometry":{"type":"LineString","coordinates":[[-78.747,7.031],[-78.74,7.026143],[-78.732999,7.021286],[-78.725999,7.016429],[-78.718999,7.011572],[-78.711999,7.006715],[-78.705,7.001857],[-78.698,6.997]]}},{"type":"Feature","properties":{"PLATEBOUND":"ND/NZ","STEPCLASS":"SUB","BOUNDCONT":"TRUE","OROGEN":"FALSE"},"geometry":{"type":"LineString","coordinates":[[-78.698,6.997],[-78.690384,6.99277],[-78.682768,6.98854],[-78.675152,6.98431],[-78.667536,6.980079],[-78.65992,6.975849],[-78.652305,6.971618],[-78.644689,6.967387],[-78.637074,6.963156],[-78.629459,6.958925],[-78.621844,6.954694],[-78.614229,6.950463],[-78.606615,6.946232],[-78.599,6.942]]}},{"type":"Feature","properties":{"PLATEBOUND":"ND/NZ","STEPCLASS":"SUB","BOUNDCONT":"TRUE","OROGEN":"FALSE"},"geometry":{"type":"LineString","coordinates":[[-78.599,6.942],[-78.594249,6.934584],[-78.589499,6.927167],[-78.584748,6.919751],[-78.579998,6.912334],[-78.575247,6.904918],[-78.570497,6.897501],[-78.565747,6.890084],[-78.560998,6.882667],[-78.556248,6.875251],[-78.551499,6.867834],[-78.546749,6.860417],[-78.542,6.853]]}},{"type":"Feature","properties":{"PLATEBOUND":"ND/NZ","STEPCLASS":"SUB","BOUNDCONT":"TRUE","OROGEN":"FALSE"},"geometry":{"type":"LineString","coordinates":[[-78.542,6.853],[-78.535811,6.847001],[-78.529623,6.841001],[-78.523434,6.835002],[-78.517246,6.829002],[-78.511058,6.823002],[-78.50487,6.817002],[-78.498683,6.811003],[-78.492495,6.805003],[-78.486308,6.799003],[-78.48012,6.793002],[-78.473933,6.787002],[-78.467746,6.781002],[-78.46156,6.775002],[-78.455373,6.769001],[-78.449186,6.763001],[-78.443,6.757]]}},{"type":"Feature","properties":{"PLATEBOUND":"ND/NZ","STEPCLASS":"SUB","BOUNDCONT":"TRUE","OROGEN":"FALSE"},"geometry":{"type":"LineString","coordinates":[[-78.443,6.757],[-78.439416,6.748917],[-78.435832,6.740834],[-78.432248,6.73275],[-78.428665,6.724667],[-78.425081,6.716584],[-78.421498,6.708501],[-78.417915,6.700417],[-78.414331,6.692334],[-78.410748,6.68425],[-78.407165,6.676167],[-78.403583,6.668083],[-78.4,6.66]]}},{"type":"Feature","properties":{"PLATEBOUND":"ND/NZ","STEPCLASS":"SUB","BOUNDCONT":"TRUE","OROGEN":"FALSE"},"geometry":{"type":"LineString","coordinates":[[-78.4,6.66],[-78.395076,6.652616],[-78.390152,6.645231],[-78.385229,6.637847],[-78.380305,6.630462],[-78.375382,6.623078],[-78.370458,6.615693],[-78.365535,6.608309],[-78.360612,6.600924],[-78.35569,6.593539],[-78.350767,6.586155],[-78.345845,6.57877],[-78.340922,6.571385],[-78.336,6.564]]}},{"type":"Feature","properties":{"PLATEBOUND":"ND/NZ","STEPCLASS":"SUB","BOUNDCONT":"TRUE","OROGEN":"FALSE"},"geometry":{"type":"LineString","coordinates":[[-78.336,6.564],[-78.329545,6.558364],[-78.32309,6.552728],[-78.316635,6.547092],[-78.31018,6.541456],[-78.303725,6.535819],[-78.297271,6.530183],[-78.290816,6.524547],[-78.284362,6.51891],[-78.277908,6.513273],[-78.271454,6.507637],[-78.265,6.502]]}},{"type":"Feature","properties":{"PLATEBOUND":"ND/NZ","STEPCLASS":"SUB","BOUNDCONT":"TRUE","OROGEN":"FALSE"},"geometry":{"type":"LineString","coordinates":[[-78.265,6.502],[-78.257222,6.497445],[-78.249443,6.49289],[-78.241665,6.488334],[-78.233887,6.483779],[-78.22611,6.479223],[-78.218332,6.474668],[-78.210555,6.470112],[-78.202777,6.465556],[-78.195,6.461]]}},{"type":"Feature","properties":{"PLATEBOUND":"ND/NZ","STEPCLASS":"SUB","BOUNDCONT":"TRUE","OROGEN":"FALSE"},"geometry":{"type":"LineString","coordinates":[[-78.195,6.461],[-78.191856,6.452572],[-78.188713,6.444143],[-78.18557,6.435715],[-78.182427,6.427286],[-78.179283,6.418858],[-78.17614,6.410429],[-78.172997,6.402001],[-78.169855,6.393572],[-78.166712,6.385143],[-78.163569,6.376715],[-78.160427,6.368286],[-78.157284,6.359857],[-78.154142,6.351429],[-78.151,6.343]]}},{"type":"Feature","properties":{"PLATEBOUND":"ND/NZ","STEPCLASS":"SUB","BOUNDCONT":"TRUE","OROGEN":"FALSE"},"geometry":{"type":"LineString","coordinates":[[-78.151,6.343],[-78.149166,6.334333],[-78.147333,6.325667],[-78.145499,6.317],[-78.143666,6.308333],[-78.141832,6.299667],[-78.139999,6.291],[-78.138166,6.282333],[-78.136332,6.273667],[-78.134499,6.265],[-78.132666,6.256333],[-78.130833,6.247667],[-78.129,6.239]]}},{"type":"Feature","properties":{"PLATEBOUND":"ND/NZ","STEPCLASS":"SUB","BOUNDCONT":"TRUE","OROGEN":"FALSE"},"geometry":{"type":"LineString","coordinates":[[-78.129,6.239],[-78.125928,6.230643],[-78.122856,6.222286],[-78.119784,6.213929],[-78.116712,6.205572],[-78.113641,6.197215],[-78.110569,6.188858],[-78.107498,6.1805],[-78.104426,6.172143],[-78.101355,6.163786],[-78.098284,6.155429],[-78.095213,6.147072],[-78.092142,6.138715],[-78.089071,6.130357],[-78.086,6.122]]}},{"type":"Feature","properties":{"PLATEBOUND":"ND/NZ","STEPCLASS":"SUB","BOUNDCONT":"TRUE","OROGEN":"FALSE"},"geometry":{"type":"LineString","coordinates":[[-78.086,6.122],[-78.082,6.114333],[-78.077999,6.106667],[-78.073999,6.099],[-78.069999,6.091334],[-78.065999,6.083667],[-78.061999,6.076],[-78.057999,6.068334],[-78.054,6.060667],[-78.05,6.053]]}},{"type":"Feature","properties":{"PLATEBOUND":"ND/NZ","STEPCLASS":"SUB","BOUNDCONT":"TRUE","OROGEN":"FALSE"},"geometry":{"type":"LineString","coordinates":[[-78.05,6.053],[-78.04475,6.047],[-78.039499,6.041],[-78.034249,6.035],[-78.028999,6.029],[-78.023749,6.023],[-78.018499,6.017],[-78.01325,6.011],[-78.008,6.005]]}},{"type":"Feature","properties":{"PLATEBOUND":"PM-ND","STEPCLASS":"CTF","BOUNDCONT":"FALSE","OROGEN":"FALSE"},"geometry":{"type":"LineString","coordinates":[[-78.646,7.337],[-78.637663,7.340464],[-78.629326,7.343928],[-78.620989,7.347391],[-78.612652,7.350854],[-78.604315,7.354318],[-78.595977,7.357781],[-78.58764,7.361244],[-78.579302,7.364706],[-78.570964,7.368169],[-78.562626,7.371631],[-78.554288,7.375094],[-78.54595,7.378556],[-78.537611,7.382018],[-78.529273,7.38548],[-78.520934,7.388941],[-78.512595,7.392403],[-78.504257,7.395864],[-78.495918,7.399325],[-78.487578,7.402786],[-78.479239,7.406247],[-78.4709,7.409708],[-78.46256,7.413168],[-78.45422,7.416629],[-78.445881,7.420089],[-78.437541,7.423549],[-78.429201,7.427009],[-78.42086,7.430469],[-78.41252,7.433928],[-78.40418,7.437388],[-78.395839,7.440847],[-78.387498,7.444306],[-78.379158,7.447765],[-78.370817,7.451224],[-78.362476,7.454683],[-78.354134,7.458141],[-78.345793,7.4616],[-78.337451,7.465058],[-78.32911,7.468516],[-78.320768,7.471974],[-78.312426,7.475431],[-78.304084,7.478889],[-78.295742,7.482346],[-78.2874,7.485804],[-78.279057,7.489261],[-78.270715,7.492718],[-78.262372,7.496175],[-78.254029,7.499631],[-78.245686,7.503088],[-78.237343,7.506544],[-78.229,7.51]]}},{"type":"Feature","properties":{"PLATEBOUND":"PM-ND","STEPCLASS":"CTF","BOUNDCONT":"TRUE","OROGEN":"FALSE"},"geometry":{"type":"LineString","coordinates":[[-78.229,7.51],[-78.221288,7.514538],[-78.213576,7.519075],[-78.205863,7.523612],[-78.198151,7.528149],[-78.190438,7.532686],[-78.182725,7.537223],[-78.175012,7.54176],[-78.167299,7.546297],[-78.159585,7.550833],[-78.151872,7.55537],[-78.144158,7.559906],[-78.136444,7.564442],[-78.12873,7.568978],[-78.121016,7.573513],[-78.113301,7.578049],[-78.105587,7.582585],[-78.097872,7.58712],[-78.090157,7.591655],[-78.082442,7.59619],[-78.074727,7.600725],[-78.067012,7.60526],[-78.059296,7.609795],[-78.051581,7.614329],[-78.043865,7.618864],[-78.036149,7.623398],[-78.028433,7.627932],[-78.020716,7.632466],[-78.013,7.637]]}},{"type":"Feature","properties":{"PLATEBOUND":"PM-ND","STEPCLASS":"CTF","BOUNDCONT":"TRUE","OROGEN":"FALSE"},"geometry":{"type":"LineString","coordinates":[[-78.013,7.637],[-78.005353,7.641803],[-77.997707,7.646605],[-77.99006,7.651408],[-77.982412,7.65621],[-77.974765,7.661012],[-77.967118,7.665814],[-77.95947,7.670616],[-77.951822,7.675418],[-77.944174,7.680219],[-77.936526,7.685021],[-77.928878,7.689822],[-77.921229,7.694623],[-77.91358,7.699424],[-77.905931,7.704225],[-77.898282,7.709026],[-77.890633,7.713827],[-77.882984,7.718627],[-77.875334,7.723427],[-77.867684,7.728228],[-77.860035,7.733028],[-77.852385,7.737828],[-77.844734,7.742627],[-77.837084,7.747427],[-77.829433,7.752227],[-77.821782,7.757026],[-77.814132,7.761825],[-77.80648,7.766624],[-77.798829,7.771423],[-77.791178,7.776222],[-77.783526,7.781021],[-77.775874,7.785819],[-77.768222,7.790618],[-77.76057,7.795416],[-77.752918,7.800214],[-77.745265,7.805012],[-77.737612,7.80981],[-77.72996,7.814608],[-77.722307,7.819405],[-77.714653,7.824203],[-77.707,7.829]]}},{"type":"Feature","properties":{"PLATEBOUND":"PM-ND","STEPCLASS":"CCB","BOUNDCONT":"TRUE","OROGEN":"FALSE"},"geometry":{"type":"LineString","coordinates":[[-77.707,7.829],[-77.700824,7.835537],[-77.694648,7.842074],[-77.688472,7.848611],[-77.682295,7.855147],[-77.676118,7.861684],[-77.669941,7.86822],[-77.663764,7.874757],[-77.657587,7.881293],[-77.651409,7.887829],[-77.645232,7.894366],[-77.639054,7.900902],[-77.632876,7.907438],[-77.626698,7.913973],[-77.620519,7.920509],[-77.61434,7.927045],[-77.608162,7.93358],[-77.601983,7.940116],[-77.595803,7.946651],[-77.589624,7.953187],[-77.583444,7.959722],[-77.577264,7.966257],[-77.571084,7.972792],[-77.564904,7.979327],[-77.558724,7.985862],[-77.552543,7.992396],[-77.546362,7.998931],[-77.540181,8.005466],[-77.534,8.012]]}},{"type":"Feature","properties":{"PLATEBOUND":"PM-ND","STEPCLASS":"CTF","BOUNDCONT":"TRUE","OROGEN":"FALSE"},"geometry":{"type":"LineString","coordinates":[[-77.534,8.012],[-77.525882,8.015722],[-77.517763,8.019444],[-77.509645,8.023165],[-77.501526,8.026887],[-77.493407,8.030608],[-77.485288,8.034329],[-77.477169,8.03805],[-77.46905,8.041771],[-77.460931,8.045492],[-77.452811,8.049212],[-77.444691,8.052932],[-77.436572,8.056653],[-77.428452,8.060373],[-77.420331,8.064092],[-77.412211,8.067812],[-77.404091,8.071532],[-77.39597,8.075251],[-77.387849,8.07897],[-77.379728,8.082689],[-77.371607,8.086408],[-77.363486,8.090127],[-77.355365,8.093845],[-77.347243,8.097564],[-77.339122,8.101282],[-77.331,8.105]]}},{"type":"Feature","properties":{"PLATEBOUND":"PM-ND","STEPCLASS":"CTF","BOUNDCONT":"TRUE","OROGEN":"FALSE"},"geometry":{"type":"LineString","coordinates":[[-77.331,8.105],[-77.323089,8.108697],[-77.315177,8.112395],[-77.307265,8.116092],[-77.299353,8.119788],[-77.291441,8.123485],[-77.283529,8.127182],[-77.275617,8.130878],[-77.267704,8.134575],[-77.259792,8.138271],[-77.251879,8.141967],[-77.243966,8.145662],[-77.236053,8.149358],[-77.22814,8.153054],[-77.220227,8.156749],[-77.212313,8.160444],[-77.204399,8.164139],[-77.196486,8.167834],[-77.188572,8.171529],[-77.180658,8.175223],[-77.172743,8.178918],[-77.164829,8.182612],[-77.156915,8.186306],[-77.149,8.19]]}},{"type":"Feature","properties":{"PLATEBOUND":"PM-ND","STEPCLASS":"CCB","BOUNDCONT":"TRUE","OROGEN":"FALSE"},"geometry":{"type":"LineString","coordinates":[[-77.149,8.19],[-77.142773,8.196489],[-77.136546,8.202978],[-77.130319,8.209467],[-77.124091,8.215956],[-77.117864,8.222444],[-77.111636,8.228933],[-77.105407,8.235421],[-77.099179,8.24191],[-77.092951,8.248398],[-77.086722,8.254886],[-77.080493,8.261374],[-77.074264,8.267862],[-77.068035,8.27435],[-77.061805,8.280838],[-77.055575,8.287326],[-77.049345,8.293813],[-77.043115,8.300301],[-77.036885,8.306788],[-77.030654,8.313275],[-77.024424,8.319763],[-77.018193,8.32625],[-77.011961,8.332737],[-77.00573,8.339223],[-76.999498,8.34571],[-76.993267,8.352197],[-76.987035,8.358684],[-76.980802,8.36517],[-76.97457,8.371656],[-76.968337,8.378143],[-76.962105,8.384629],[-76.955872,8.391115],[-76.949638,8.397601],[-76.943405,8.404087],[-76.937171,8.410573],[-76.930937,8.417058],[-76.924703,8.423544],[-76.918469,8.430029],[-76.912235,8.436515],[-76.906,8.443]]}},{"type":"Feature","properties":{"PLATEBOUND":"PM-ND","STEPCLASS":"CCB","BOUNDCONT":"TRUE","OROGEN":"FALSE"},"geometry":{"type":"LineString","coordinates":[[-76.906,8.443],[-76.900589,8.450026],[-76.895178,8.457052],[-76.889767,8.464078],[-76.884356,8.471103],[-76.878945,8.478129],[-76.873533,8.485155],[-76.868121,8.49218],[-76.862709,8.499205],[-76.857297,8.506231],[-76.851884,8.513256],[-76.846472,8.520281],[-76.841059,8.527306],[-76.835646,8.534331],[-76.830233,8.541356],[-76.824819,8.548381],[-76.819406,8.555406],[-76.813992,8.562431],[-76.808578,8.569455],[-76.803164,8.57648],[-76.797749,8.583504],[-76.792335,8.590529],[-76.78692,8.597553],[-76.781505,8.604577],[-76.776089,8.611601],[-76.770674,8.618625],[-76.765258,8.625649],[-76.759843,8.632673],[-76.754427,8.639697],[-76.74901,8.646721],[-76.743594,8.653745],[-76.738177,8.660768],[-76.73276,8.667792],[-76.727343,8.674815],[-76.721926,8.681839],[-76.716509,8.688862],[-76.711091,8.695885],[-76.705673,8.702908],[-76.700255,8.709931],[-76.694837,8.716954],[-76.689419,8.723977],[-76.684,8.731]]}},{"type":"Feature","properties":{"PLATEBOUND":"CA\\ND","STEPCLASS":"SUB","BOUNDCONT":"FALSE","OROGEN":"FALSE"},"geometry":{"type":"LineString","coordinates":[[-76.684,8.731],[-76.684531,8.739938],[-76.685062,8.748875],[-76.685593,8.757813],[-76.686124,8.76675],[-76.686655,8.775688],[-76.687186,8.784625],[-76.687717,8.793563],[-76.688248,8.8025],[-76.688779,8.811438],[-76.68931,8.820376],[-76.689841,8.829313],[-76.690372,8.838251],[-76.690903,8.847188],[-76.691434,8.856126],[-76.691965,8.865063],[-76.692497,8.874001],[-76.693028,8.882938],[-76.693559,8.891876],[-76.694091,8.900813],[-76.694622,8.909751],[-76.695153,8.918688],[-76.695685,8.927626],[-76.696216,8.936563],[-76.696748,8.9455],[-76.697279,8.954438],[-76.69781,8.963375],[-76.698342,8.972313],[-76.698874,8.98125],[-76.699405,8.990188],[-76.699937,8.999125],[-76.700468,9.008063],[-76.701,9.017]]}},{"type":"Feature","properties":{"PLATEBOUND":"CA\\ND","STEPCLASS":"SUB","BOUNDCONT":"TRUE","OROGEN":"FALSE"},"geometry":{"type":"LineString","coordinates":[[-76.701,9.017],[-76.701122,9.025829],[-76.701244,9.034659],[-76.701366,9.043488],[-76.701487,9.052317],[-76.701609,9.061147],[-76.701731,9.069976],[-76.701853,9.078805],[-76.701975,9.087635],[-76.702097,9.096464],[-76.702219,9.105293],[-76.70234,9.114123],[-76.702462,9.122952],[-76.702584,9.131781],[-76.702706,9.140611],[-76.702828,9.14944],[-76.70295,9.158269],[-76.703072,9.167098],[-76.703194,9.175928],[-76.703316,9.184757],[-76.703438,9.193586],[-76.70356,9.202416],[-76.703682,9.211245],[-76.703804,9.220074],[-76.703926,9.228903],[-76.704048,9.237733],[-76.70417,9.246562],[-76.704292,9.255391],[-76.704414,9.26422],[-76.704536,9.27305],[-76.704658,9.281879],[-76.70478,9.290708],[-76.704902,9.299537],[-76.705024,9.308366],[-76.705146,9.317196],[-76.705268,9.326025],[-76.70539,9.334854],[-76.705512,9.343683],[-76.705634,9.352512],[-76.705756,9.361342],[-76.705878,9.370171],[-76.706,9.379]]}},{"type":"Feature","properties":{"PLATEBOUND":"CA\\ND","STEPCLASS":"SUB","BOUNDCONT":"TRUE","OROGEN":"FALSE"},"geometry":{"type":"LineString","coordinates":[[-76.706,9.379],[-76.70593,9.387884],[-76.705861,9.396768],[-76.705791,9.405651],[-76.705721,9.414535],[-76.705652,9.423419],[-76.705582,9.432303],[-76.705512,9.441187],[-76.705442,9.45007],[-76.705373,9.458954],[-76.705303,9.467838],[-76.705233,9.476722],[-76.705163,9.485605],[-76.705094,9.494489],[-76.705024,9.503373],[-76.704954,9.512257],[-76.704885,9.521141],[-76.704815,9.530024],[-76.704745,9.538908],[-76.704675,9.547792],[-76.704605,9.556675],[-76.704536,9.565559],[-76.704466,9.574443],[-76.704396,9.583327],[-76.704326,9.59221],[-76.704257,9.601094],[-76.704187,9.609978],[-76.704117,9.618861],[-76.704047,9.627745],[-76.703977,9.636629],[-76.703908,9.645513],[-76.703838,9.654396],[-76.703768,9.66328],[-76.703698,9.672164],[-76.703628,9.681047],[-76.703559,9.689931],[-76.703489,9.698815],[-76.703419,9.707698],[-76.703349,9.716582],[-76.703279,9.725465],[-76.70321,9.734349],[-76.70314,9.743233],[-76.70307,9.752116],[-76.703,9.761]]}},{"type":"Feature","properties":{"PLATEBOUND":"CA\\ND","STEPCLASS":"SUB","BOUNDCONT":"TRUE","OROGEN":"FALSE"},"geometry":{"type":"LineString","coordinates":[[-76.703,9.761],[-76.700208,9.769436],[-76.697416,9.777873],[-76.694623,9.786309],[-76.69183,9.794746],[-76.689038,9.803182],[-76.686245,9.811618],[-76.683452,9.820054],[-76.680659,9.828491],[-76.677865,9.836927],[-76.675072,9.845363],[-76.672278,9.853799],[-76.669485,9.862235],[-76.666691,9.870671],[-76.663897,9.879107],[-76.661103,9.887543],[-76.658308,9.895979],[-76.655514,9.904415],[-76.652719,9.912851],[-76.649925,9.921287],[-76.64713,9.929723],[-76.644335,9.938159],[-76.64154,9.946595],[-76.638744,9.955031],[-76.635949,9.963467],[-76.633153,9.971902],[-76.630358,9.980338],[-76.627562,9.988774],[-76.624766,9.997209],[-76.62197,10.005645],[-76.619173,10.014081],[-76.616377,10.022516],[-76.61358,10.030952],[-76.610783,10.039387],[-76.607987,10.047823],[-76.60519,10.056258],[-76.602392,10.064694],[-76.599595,10.073129],[-76.596798,10.081565],[-76.594,10.09]]}},{"type":"Feature","properties":{"PLATEBOUND":"CA\\ND","STEPCLASS":"SUB","BOUNDCONT":"TRUE","OROGEN":"FALSE"},"geometry":{"type":"LineString","coordinates":[[-76.594,10.09],[-76.589552,10.097678],[-76.585103,10.105357],[-76.580654,10.113035],[-76.576205,10.120713],[-76.571756,10.128391],[-76.567306,10.136069],[-76.562857,10.143747],[-76.558407,10.151425],[-76.553957,10.159103],[-76.549506,10.166781],[-76.545056,10.174459],[-76.540605,10.182136],[-76.536154,10.189814],[-76.531703,10.197492],[-76.527251,10.205169],[-76.5228,10.212846],[-76.518348,10.220524],[-76.513896,10.228201],[-76.509444,10.235878],[-76.504991,10.243555],[-76.500539,10.251233],[-76.496086,10.25891],[-76.491633,10.266587],[-76.487179,10.274263],[-76.482726,10.28194],[-76.478272,10.289617],[-76.473818,10.297294],[-76.469364,10.30497],[-76.464909,10.312647],[-76.460455,10.320324],[-76.456,10.328]]}},{"type":"Feature","properties":{"PLATEBOUND":"CA\\ND","STEPCLASS":"SUB","BOUNDCONT":"TRUE","OROGEN":"FALSE"},"geometry":{"type":"LineString","coordinates":[[-76.456,10.328],[-76.450681,10.335237],[-76.445361,10.342474],[-76.440041,10.34971],[-76.434721,10.356947],[-76.4294,10.364183],[-76.424079,10.371419],[-76.418759,10.378656],[-76.413437,10.385892],[-76.408116,10.393128],[-76.402794,10.400364],[-76.397472,10.4076],[-76.39215,10.414836],[-76.386828,10.422071],[-76.381505,10.429307],[-76.376182,10.436543],[-76.370859,10.443778],[-76.365536,10.451013],[-76.360212,10.458249],[-76.354888,10.465484],[-76.349564,10.472719],[-76.34424,10.479954],[-76.338915,10.487189],[-76.33359,10.494423],[-76.328265,10.501658],[-76.32294,10.508893],[-76.317614,10.516127],[-76.312288,10.523362],[-76.306962,10.530596],[-76.301636,10.53783],[-76.296309,10.545064],[-76.290982,10.552298],[-76.285655,10.559532],[-76.280328,10.566766],[-76.275,10.574]]}},{"type":"Feature","properties":{"PLATEBOUND":"CA\\ND","STEPCLASS":"SUB","BOUNDCONT":"TRUE","OROGEN":"FALSE"},"geometry":{"type":"LineString","coordinates":[[-76.275,10.574],[-76.26841,10.579971],[-76.26182,10.585942],[-76.25523,10.591912],[-76.248639,10.597883],[-76.242049,10.603853],[-76.235458,10.609823],[-76.228866,10.615794],[-76.222275,10.621764],[-76.215683,10.627733],[-76.209091,10.633703],[-76.202498,10.639673],[-76.195906,10.645642],[-76.189313,10.651611],[-76.18272,10.65758],[-76.176127,10.663549],[-76.169533,10.669518],[-76.162939,10.675487],[-76.156345,10.681455],[-76.149751,10.687424],[-76.143156,10.693392],[-76.136561,10.69936],[-76.129966,10.705328],[-76.12337,10.711296],[-76.116775,10.717264],[-76.110179,10.723231],[-76.103583,10.729199],[-76.096986,10.735166],[-76.090389,10.741133],[-76.083792,10.7471],[-76.077195,10.753067],[-76.070598,10.759033],[-76.064,10.765]]}},{"type":"Feature","properties":{"PLATEBOUND":"CA\\ND","STEPCLASS":"SUB","BOUNDCONT":"TRUE","OROGEN":"FALSE"},"geometry":{"type":"LineString","coordinates":[[-76.064,10.765],[-76.060029,10.773051],[-76.056058,10.781102],[-76.052087,10.789153],[-76.048115,10.797204],[-76.044144,10.805255],[-76.040172,10.813306],[-76.0362,10.821356],[-76.032227,10.829407],[-76.028255,10.837458],[-76.024282,10.845508],[-76.020309,10.853559],[-76.016336,10.861609],[-76.012363,10.86966],[-76.008389,10.87771],[-76.004415,10.88576],[-76.000441,10.893811],[-75.996467,10.901861],[-75.992492,10.909911],[-75.988518,10.917961],[-75.984543,10.926011],[-75.980568,10.934061],[-75.976592,10.942111],[-75.972617,10.950161],[-75.968641,10.958211],[-75.964665,10.96626],[-75.960689,10.97431],[-75.956713,10.98236],[-75.952736,10.990409],[-75.948759,10.998459],[-75.944782,11.006508],[-75.940805,11.014558],[-75.936828,11.022607],[-75.93285,11.030656],[-75.928872,11.038706],[-75.924894,11.046755],[-75.920915,11.054804],[-75.916937,11.062853],[-75.912958,11.070902],[-75.908979,11.078951],[-75.905,11.087]]}},{"type":"Feature","properties":{"PLATEBOUND":"CA\\ND","STEPCLASS":"SUB","BOUNDCONT":"TRUE","OROGEN":"FALSE"},"geometry":{"type":"LineString","coordinates":[[-75.905,11.087],[-75.898917,11.093736],[-75.892834,11.100472],[-75.886751,11.107208],[-75.880668,11.113944],[-75.874584,11.120679],[-75.8685,11.127415],[-75.862415,11.13415],[-75.856331,11.140885],[-75.850246,11.147621],[-75.84416,11.154356],[-75.838075,11.16109],[-75.831989,11.167825],[-75.825903,11.17456],[-75.819817,11.181294],[-75.81373,11.188029],[-75.807643,11.194763],[-75.801556,11.201497],[-75.795469,11.208231],[-75.789381,11.214965],[-75.783293,11.221699],[-75.777205,11.228432],[-75.771116,11.235166],[-75.765027,11.241899],[-75.758938,11.248632],[-75.752848,11.255365],[-75.746759,11.262098],[-75.740669,11.268831],[-75.734578,11.275564],[-75.728488,11.282296],[-75.722397,11.289029],[-75.716306,11.295761],[-75.710214,11.302493],[-75.704123,11.309225],[-75.698031,11.315957],[-75.691938,11.322689],[-75.685846,11.329421],[-75.679753,11.336152],[-75.67366,11.342884],[-75.667567,11.349615],[-75.661473,11.356346],[-75.655379,11.363077],[-75.649285,11.369808],[-75.64319,11.376539],[-75.637095,11.383269],[-75.631,11.39]]}},{"type":"Feature","properties":{"PLATEBOUND":"CA\\ND","STEPCLASS":"SUB","BOUNDCONT":"TRUE","OROGEN":"FALSE"},"geometry":{"type":"LineString","coordinates":[[-75.631,11.39],[-75.623951,11.395544],[-75.616902,11.401087],[-75.609852,11.40663],[-75.602802,11.412174],[-75.595752,11.417716],[-75.588701,11.423259],[-75.581651,11.428802],[-75.574599,11.434344],[-75.567548,11.439887],[-75.560497,11.445429],[-75.553445,11.450971],[-75.546393,11.456512],[-75.53934,11.462054],[-75.532288,11.467595],[-75.525235,11.473137],[-75.518181,11.478678],[-75.511128,11.484219],[-75.504074,11.489759],[-75.49702,11.4953],[-75.489966,11.50084],[-75.482911,11.50638],[-75.475856,11.51192],[-75.468801,11.51746],[-75.461746,11.523],[-75.45469,11.528539],[-75.447634,11.534079],[-75.440578,11.539618],[-75.433521,11.545157],[-75.426464,11.550696],[-75.419407,11.556234],[-75.41235,11.561773],[-75.405292,11.567311],[-75.398234,11.572849],[-75.391176,11.578387],[-75.384118,11.583925],[-75.377059,11.589463],[-75.37,11.595]]}},{"type":"Feature","properties":{"PLATEBOUND":"CA\\ND","STEPCLASS":"SUB","BOUNDCONT":"TRUE","OROGEN":"FALSE"},"geometry":{"type":"LineString","coordinates":[[-75.37,11.595],[-75.36252,11.600124],[-75.355039,11.605249],[-75.347558,11.610372],[-75.340077,11.615496],[-75.332595,11.62062],[-75.325113,11.625743],[-75.317631,11.630866],[-75.310149,11.635989],[-75.302666,11.641112],[-75.295183,11.646235],[-75.2877,11.651357],[-75.280216,11.656479],[-75.272733,11.661601],[-75.265249,11.666723],[-75.257764,11.671845],[-75.25028,11.676966],[-75.242795,11.682087],[-75.23531,11.687208],[-75.227824,11.692329],[-75.220339,11.69745],[-75.212853,11.70257],[-75.205367,11.707691],[-75.19788,11.712811],[-75.190393,11.71793],[-75.182906,11.72305],[-75.175419,11.728169],[-75.167931,11.733289],[-75.160444,11.738408],[-75.152955,11.743527],[-75.145467,11.748645],[-75.137978,11.753764],[-75.130489,11.758882],[-75.123,11.764]]}},{"type":"Feature","properties":{"PLATEBOUND":"CA\\ND","STEPCLASS":"SUB","BOUNDCONT":"TRUE","OROGEN":"FALSE"},"geometry":{"type":"LineString","coordinates":[[-75.123,11.764],[-75.114829,11.767755],[-75.106658,11.771509],[-75.098487,11.775263],[-75.090316,11.779017],[-75.082144,11.782771],[-75.073973,11.786524],[-75.065801,11.790277],[-75.057628,11.79403],[-75.049456,11.797783],[-75.041283,11.801535],[-75.033111,11.805288],[-75.024937,11.80904],[-75.016764,11.812792],[-75.008591,11.816543],[-75.000417,11.820294],[-74.992243,11.824045],[-74.984069,11.827796],[-74.975894,11.831547],[-74.967719,11.835297],[-74.959545,11.839047],[-74.951369,11.842797],[-74.943194,11.846547],[-74.935019,11.850296],[-74.926843,11.854045],[-74.918667,11.857794],[-74.910491,11.861543],[-74.902314,11.865292],[-74.894137,11.86904],[-74.885961,11.872788],[-74.877783,11.876536],[-74.869606,11.880283],[-74.861429,11.88403],[-74.853251,11.887777],[-74.845073,11.891524],[-74.836895,11.895271],[-74.828716,11.899017],[-74.820537,11.902763],[-74.812358,11.906509],[-74.804179,11.910255],[-74.796,11.914]]}},{"type":"Feature","properties":{"PLATEBOUND":"CA\\ND","STEPCLASS":"SUB","BOUNDCONT":"TRUE","OROGEN":"FALSE"},"geometry":{"type":"LineString","coordinates":[[-74.796,11.914],[-74.787355,11.916897],[-74.778709,11.919793],[-74.770063,11.922689],[-74.761418,11.925585],[-74.752771,11.928481],[-74.744125,11.931376],[-74.735479,11.934271],[-74.726832,11.937166],[-74.718185,11.940061],[-74.709538,11.942955],[-74.700891,11.945849],[-74.692244,11.948743],[-74.683596,11.951636],[-74.674949,11.954529],[-74.666301,11.957422],[-74.657653,11.960315],[-74.649004,11.963208],[-74.640356,11.9661],[-74.631707,11.968992],[-74.623058,11.971883],[-74.614409,11.974775],[-74.60576,11.977666],[-74.597111,11.980557],[-74.588461,11.983447],[-74.579811,11.986337],[-74.571161,11.989227],[-74.562511,11.992117],[-74.553861,11.995007],[-74.545211,11.997896],[-74.53656,12.000785],[-74.527909,12.003674],[-74.519258,12.006562],[-74.510607,12.00945],[-74.501955,12.012338],[-74.493304,12.015226],[-74.484652,12.018113],[-74.476,12.021]]}},{"type":"Feature","properties":{"PLATEBOUND":"CA\\ND","STEPCLASS":"SUB","BOUNDCONT":"TRUE","OROGEN":"FALSE"},"geometry":{"type":"LineString","coordinates":[[-74.476,12.021],[-74.470371,12.027768],[-74.464741,12.034537],[-74.459111,12.041305],[-74.453481,12.048073],[-74.447851,12.054841],[-74.44222,12.061608],[-74.436589,12.068376],[-74.430958,12.075144],[-74.425327,12.081911],[-74.419695,12.088678],[-74.414063,12.095446],[-74.408431,12.102213],[-74.402798,12.10898],[-74.397165,12.115747],[-74.391532,12.122513],[-74.385898,12.12928],[-74.380265,12.136046],[-74.374631,12.142813],[-74.368996,12.149579],[-74.363362,12.156345],[-74.357727,12.163111],[-74.352092,12.169877],[-74.346456,12.176643],[-74.34082,12.183408],[-74.335184,12.190174],[-74.329548,12.196939],[-74.323912,12.203705],[-74.318275,12.21047],[-74.312637,12.217235],[-74.307,12.224]]}},{"type":"Feature","properties":{"PLATEBOUND":"CA\\ND","STEPCLASS":"SUB","BOUNDCONT":"TRUE","OROGEN":"FALSE"},"geometry":{"type":"LineString","coordinates":[[-74.307,12.224],[-74.299459,12.228912],[-74.291918,12.233825],[-74.284376,12.238737],[-74.276834,12.243649],[-74.269292,12.24856],[-74.26175,12.253472],[-74.254207,12.258383],[-74.246664,12.263294],[-74.239121,12.268204],[-74.231578,12.273115],[-74.224034,12.278025],[-74.21649,12.282936],[-74.208946,12.287845],[-74.201401,12.292755],[-74.193856,12.297665],[-74.186311,12.302574],[-74.178765,12.307483],[-74.17122,12.312392],[-74.163674,12.317301],[-74.156127,12.322209],[-74.148581,12.327117],[-74.141034,12.332025],[-74.133487,12.336933],[-74.125939,12.341841],[-74.118392,12.346748],[-74.110844,12.351656],[-74.103295,12.356562],[-74.095747,12.361469],[-74.088198,12.366376],[-74.080649,12.371282],[-74.0731,12.376188],[-74.06555,12.381094],[-74.058,12.386]]}},{"type":"Feature","properties":{"PLATEBOUND":"CA\\ND","STEPCLASS":"SUB","BOUNDCONT":"TRUE","OROGEN":"FALSE"},"geometry":{"type":"LineString","coordinates":[[-74.058,12.386],[-74.053917,12.393935],[-74.049833,12.40187],[-74.045749,12.409804],[-74.041665,12.417739],[-74.037581,12.425673],[-74.033496,12.433608],[-74.029411,12.441542],[-74.025326,12.449477],[-74.02124,12.457411],[-74.017155,12.465345],[-74.013069,12.473279],[-74.008983,12.481213],[-74.004896,12.489147],[-74.00081,12.497081],[-73.996723,12.505015],[-73.992636,12.512949],[-73.988548,12.520883],[-73.984461,12.528816],[-73.980373,12.53675],[-73.976285,12.544683],[-73.972197,12.552617],[-73.968108,12.56055],[-73.964019,12.568484],[-73.95993,12.576417],[-73.955841,12.58435],[-73.951751,12.592283],[-73.947661,12.600216],[-73.943571,12.608149],[-73.93948,12.616082],[-73.93539,12.624015],[-73.931299,12.631948],[-73.927208,12.639881],[-73.923116,12.647813],[-73.919025,12.655746],[-73.914933,12.663678],[-73.910841,12.671611],[-73.906748,12.679543],[-73.902656,12.687476],[-73.898563,12.695408],[-73.89447,12.70334],[-73.890376,12.711272],[-73.886283,12.719204],[-73.882189,12.727136],[-73.878094,12.735068],[-73.874,12.743]]}},{"type":"Feature","properties":{"PLATEBOUND":"CA\\ND","STEPCLASS":"SUB","BOUNDCONT":"TRUE","OROGEN":"FALSE"},"geometry":{"type":"LineString","coordinates":[[-73.874,12.743],[-73.868507,12.750162],[-73.863013,12.757323],[-73.857519,12.764485],[-73.852025,12.771646],[-73.84653,12.778807],[-73.841036,12.785968],[-73.83554,12.793129],[-73.830045,12.80029],[-73.824549,12.807451],[-73.819053,12.814611],[-73.813557,12.821772],[-73.80806,12.828932],[-73.802563,12.836092],[-73.797066,12.843252],[-73.791568,12.850412],[-73.78607,12.857572],[-73.780572,12.864732],[-73.775073,12.871892],[-73.769574,12.879051],[-73.764075,12.88621],[-73.758576,12.89337],[-73.753076,12.900529],[-73.747576,12.907688],[-73.742075,12.914847],[-73.736574,12.922006],[-73.731073,12.929164],[-73.725572,12.936323],[-73.72007,12.943481],[-73.714568,12.95064],[-73.709066,12.957798],[-73.703563,12.964956],[-73.69806,12.972114],[-73.692557,12.979272],[-73.687053,12.986429],[-73.681549,12.993587],[-73.676045,13.000745],[-73.670541,13.007902],[-73.665036,13.015059],[-73.659531,13.022216],[-73.654025,13.029373],[-73.648519,13.03653],[-73.643013,13.043687],[-73.637507,13.050843],[-73.632,13.058]]}},{"type":"Feature","properties":{"PLATEBOUND":"CA\\ND","STEPCLASS":"SUB","BOUNDCONT":"TRUE","OROGEN":"FALSE"},"geometry":{"type":"LineString","coordinates":[[-73.632,13.058],[-73.62453,13.063277],[-73.617059,13.068555],[-73.609588,13.073832],[-73.602116,13.079108],[-73.594645,13.084385],[-73.587173,13.089661],[-73.5797,13.094938],[-73.572228,13.100213],[-73.564755,13.105489],[-73.557282,13.110765],[-73.549808,13.11604],[-73.542334,13.121315],[-73.53486,13.12659],[-73.527385,13.131864],[-73.51991,13.137139],[-73.512435,13.142413],[-73.50496,13.147687],[-73.497484,13.152961],[-73.490008,13.158234],[-73.482531,13.163507],[-73.475055,13.16878],[-73.467577,13.174053],[-73.4601,13.179326],[-73.452622,13.184598],[-73.445144,13.18987],[-73.437666,13.195142],[-73.430187,13.200414],[-73.422708,13.205686],[-73.415229,13.210957],[-73.407749,13.216228],[-73.400269,13.221499],[-73.392789,13.22677],[-73.385308,13.23204],[-73.377827,13.23731],[-73.370346,13.24258],[-73.362864,13.24785],[-73.355382,13.253119],[-73.3479,13.258389],[-73.340418,13.263658],[-73.332935,13.268927],[-73.325452,13.274195],[-73.317968,13.279464],[-73.310484,13.284732],[-73.303,13.29]]}},{"type":"Feature","properties":{"PLATEBOUND":"CA\\ND","STEPCLASS":"SUB","BOUNDCONT":"TRUE","OROGEN":"FALSE"},"geometry":{"type":"LineString","coordinates":[[-73.303,13.29],[-73.294003,13.291821],[-73.285006,13.293641],[-73.276008,13.295461],[-73.26701,13.297281],[-73.258013,13.2991],[-73.249015,13.300919],[-73.240017,13.302738],[-73.231019,13.304556],[-73.222021,13.306374],[-73.213022,13.308192],[-73.204024,13.31001],[-73.195025,13.311827],[-73.186026,13.313644],[-73.177027,13.31546],[-73.168028,13.317276],[-73.159029,13.319092],[-73.15003,13.320908],[-73.14103,13.322723],[-73.132031,13.324538],[-73.123031,13.326353],[-73.114031,13.328167],[-73.105031,13.329981],[-73.096031,13.331794],[-73.087031,13.333608],[-73.07803,13.335421],[-73.06903,13.337233],[-73.060029,13.339046],[-73.051028,13.340858],[-73.042027,13.34267],[-73.033026,13.344481],[-73.024025,13.346292],[-73.015024,13.348103],[-73.006022,13.349913],[-72.997021,13.351723],[-72.988019,13.353533],[-72.979017,13.355343],[-72.970015,13.357152],[-72.961013,13.358961],[-72.95201,13.360769],[-72.943008,13.362577],[-72.934005,13.364385],[-72.925003,13.366193],[-72.916,13.368]]}},{"type":"Feature","properties":{"PLATEBOUND":"CA\\ND","STEPCLASS":"SUB","BOUNDCONT":"TRUE","OROGEN":"FALSE"},"geometry":{"type":"LineString","coordinates":[[-72.916,13.368],[-72.906965,13.368786],[-72.897929,13.369572],[-72.888893,13.370358],[-72.879858,13.371143],[-72.870822,13.371928],[-72.861786,13.372713],[-72.85275,13.373498],[-72.843714,13.374282],[-72.834678,13.375065],[-72.825642,13.375849],[-72.816606,13.376632],[-72.80757,13.377415],[-72.798534,13.378197],[-72.789498,13.378979],[-72.780461,13.379761],[-72.771425,13.380543],[-72.762389,13.381324],[-72.753352,13.382105],[-72.744316,13.382885],[-72.735279,13.383665],[-72.726242,13.384445],[-72.717206,13.385225],[-72.708169,13.386004],[-72.699132,13.386783],[-72.690095,13.387562],[-72.681058,13.38834],[-72.672021,13.389118],[-72.662984,13.389895],[-72.653947,13.390673],[-72.64491,13.39145],[-72.635873,13.392226],[-72.626835,13.393003],[-72.617798,13.393779],[-72.60876,13.394554],[-72.599723,13.39533],[-72.590685,13.396105],[-72.581648,13.396879],[-72.57261,13.397654],[-72.563573,13.398428],[-72.554535,13.399202],[-72.545497,13.399975],[-72.536459,13.400748],[-72.527421,13.401521],[-72.518383,13.402293],[-72.509345,13.403065],[-72.500307,13.403837],[-72.491269,13.404609],[-72.482231,13.40538],[-72.473192,13.406151],[-72.464154,13.406921],[-72.455116,13.407691],[-72.446077,13.408461],[-72.437039,13.409231],[-72.428,13.41]]}},{"type":"Feature","properties":{"PLATEBOUND":"CA\\ND","STEPCLASS":"SUB","BOUNDCONT":"TRUE","OROGEN":"FALSE"},"geometry":{"type":"LineString","coordinates":[[-72.428,13.41],[-72.418815,13.41087],[-72.409629,13.41174],[-72.400444,13.412609],[-72.391258,13.413478],[-72.382072,13.414346],[-72.372886,13.415215],[-72.363701,13.416082],[-72.354515,13.41695],[-72.345329,13.417817],[-72.336143,13.418684],[-72.326957,13.419551],[-72.31777,13.420417],[-72.308584,13.421283],[-72.299398,13.422149],[-72.290212,13.423014],[-72.281025,13.423879],[-72.271839,13.424743],[-72.262652,13.425607],[-72.253466,13.426471],[-72.244279,13.427335],[-72.235092,13.428198],[-72.225905,13.429061],[-72.216718,13.429924],[-72.207531,13.430786],[-72.198344,13.431648],[-72.189157,13.432509],[-72.17997,13.433371],[-72.170783,13.434231],[-72.161596,13.435092],[-72.152408,13.435952],[-72.143221,13.436812],[-72.134034,13.437672],[-72.124846,13.438531],[-72.115658,13.43939],[-72.106471,13.440248],[-72.097283,13.441106],[-72.088095,13.441964],[-72.078907,13.442822],[-72.069719,13.443679],[-72.060531,13.444536],[-72.051343,13.445392],[-72.042155,13.446249],[-72.032967,13.447104],[-72.023779,13.44796],[-72.01459,13.448815],[-72.005402,13.44967],[-71.996214,13.450525],[-71.987025,13.451379],[-71.977837,13.452233],[-71.968648,13.453086],[-71.959459,13.453939],[-71.95027,13.454792],[-71.941082,13.455645],[-71.931893,13.456497],[-71.922704,13.457349],[-71.913515,13.4582],[-71.904326,13.459051],[-71.895136,13.459902],[-71.885947,13.460753],[-71.876758,13.461603],[-71.867568,13.462453],[-71.858379,13.463302],[-71.84919,13.464151],[-71.84,13.465]]}},{"type":"Feature","properties":{"PLATEBOUND":"CA\\ND","STEPCLASS":"SUB","BOUNDCONT":"TRUE","OROGEN":"FALSE"},"geometry":{"type":"LineString","coordinates":[[-71.84,13.465],[-71.830787,13.465555],[-71.821574,13.466109],[-71.812361,13.466663],[-71.803148,13.467216],[-71.793935,13.467769],[-71.784722,13.468322],[-71.775509,13.468875],[-71.766296,13.469427],[-71.757083,13.469979],[-71.74787,13.47053],[-71.738656,13.471081],[-71.729443,13.471632],[-71.72023,13.472182],[-71.711016,13.472733],[-71.701803,13.473282],[-71.692589,13.473832],[-71.683376,13.474381],[-71.674162,13.47493],[-71.664949,13.475478],[-71.655735,13.476026],[-71.646521,13.476574],[-71.637308,13.477121],[-71.628094,13.477668],[-71.61888,13.478215],[-71.609666,13.478762],[-71.600452,13.479308],[-71.591238,13.479853],[-71.582024,13.480399],[-71.57281,13.480944],[-71.563596,13.481489],[-71.554382,13.482033],[-71.545168,13.482577],[-71.535954,13.483121],[-71.52674,13.483664],[-71.517525,13.484207],[-71.508311,13.48475],[-71.499097,13.485292],[-71.489882,13.485834],[-71.480668,13.486376],[-71.471454,13.486917],[-71.462239,13.487458],[-71.453024,13.487999],[-71.44381,13.488539],[-71.434595,13.489079],[-71.42538,13.489619],[-71.416166,13.490158],[-71.406951,13.490697],[-71.397736,13.491236],[-71.388521,13.491774],[-71.379306,13.492312],[-71.370092,13.49285],[-71.360877,13.493387],[-71.351662,13.493924],[-71.342446,13.49446],[-71.333231,13.494997],[-71.324016,13.495533],[-71.314801,13.496068],[-71.305586,13.496603],[-71.296371,13.497138],[-71.287155,13.497673],[-71.27794,13.498207],[-71.268725,13.498741],[-71.259509,13.499275],[-71.250294,13.499808],[-71.241078,13.500341],[-71.231863,13.500873],[-71.222647,13.501405],[-71.213431,13.501937],[-71.204216,13.502469],[-71.195,13.503]]}},{"type":"Feature","properties":{"PLATEBOUND":"CA\\ND","STEPCLASS":"SUB","BOUNDCONT":"TRUE","OROGEN":"FALSE"},"geometry":{"type":"LineString","coordinates":[[-71.195,13.503],[-71.186319,13.500683],[-71.177639,13.498365],[-71.168958,13.496047],[-71.160278,13.493729],[-71.151598,13.49141],[-71.142918,13.489091],[-71.134238,13.486772],[-71.125558,13.484453],[-71.116879,13.482133],[-71.108199,13.479813],[-71.09952,13.477492],[-71.090841,13.475172],[-71.082162,13.472851],[-71.073484,13.470529],[-71.064805,13.468208],[-71.056127,13.465886],[-71.047449,13.463564],[-71.038771,13.461241],[-71.030093,13.458919],[-71.021415,13.456595],[-71.012738,13.454272],[-71.00406,13.451948],[-70.995383,13.449624],[-70.986706,13.4473],[-70.978029,13.444976],[-70.969353,13.442651],[-70.960676,13.440325],[-70.952,13.438]]}},{"type":"Feature","properties":{"PLATEBOUND":"CA\\ND","STEPCLASS":"OTF","BOUNDCONT":"TRUE","OROGEN":"FALSE"},"geometry":{"type":"LineString","coordinates":[[-70.952,13.438],[-70.943624,13.434348],[-70.935249,13.430695],[-70.926874,13.427042],[-70.918499,13.423389],[-70.910124,13.419735],[-70.901749,13.416081],[-70.893375,13.412427],[-70.885001,13.408773],[-70.876628,13.405118],[-70.868254,13.401463],[-70.859881,13.397808],[-70.851508,13.394153],[-70.843135,13.390497],[-70.834763,13.386841],[-70.826391,13.383185],[-70.818019,13.379528],[-70.809647,13.375871],[-70.801276,13.372214],[-70.792904,13.368557],[-70.784534,13.364899],[-70.776163,13.361241],[-70.767792,13.357583],[-70.759422,13.353924],[-70.751052,13.350265],[-70.742683,13.346606],[-70.734313,13.342947],[-70.725944,13.339287],[-70.717575,13.335627],[-70.709207,13.331967],[-70.700838,13.328307],[-70.69247,13.324646],[-70.684102,13.320985],[-70.675735,13.317323],[-70.667367,13.313662],[-70.659,13.31]]}},{"type":"Feature","properties":{"PLATEBOUND":"CA\\ND","STEPCLASS":"CRB","BOUNDCONT":"FALSE","OROGEN":"FALSE"},"geometry":{"type":"LineString","coordinates":[[-70.659,13.31],[-70.652476,13.304082],[-70.645953,13.298164],[-70.63943,13.292246],[-70.632907,13.286327],[-70.626384,13.280408],[-70.619862,13.27449],[-70.61334,13.268571],[-70.606819,13.262652],[-70.600297,13.256732],[-70.593776,13.250813],[-70.587256,13.244893],[-70.580735,13.238973],[-70.574215,13.233053],[-70.567696,13.227133],[-70.561176,13.221213],[-70.554657,13.215292],[-70.548139,13.209371],[-70.54162,13.203451],[-70.535102,13.19753],[-70.528584,13.191608],[-70.522067,13.185687],[-70.51555,13.179766],[-70.509033,13.173844],[-70.502516,13.167922],[-70.496,13.162]]}},{"type":"Feature","properties":{"PLATEBOUND":"CA\\ND","STEPCLASS":"CTF","BOUNDCONT":"TRUE","OROGEN":"FALSE"},"geometry":{"type":"LineString","coordinates":[[-70.496,13.162],[-70.488714,13.156609],[-70.481429,13.151218],[-70.474144,13.145826],[-70.466859,13.140435],[-70.459575,13.135043],[-70.45229,13.129651],[-70.445007,13.124259],[-70.437723,13.118866],[-70.43044,13.113474],[-70.423157,13.108081],[-70.415875,13.102688],[-70.408592,13.097294],[-70.40131,13.091901],[-70.394029,13.086507],[-70.386748,13.081113],[-70.379467,13.075719],[-70.372186,13.070325],[-70.364906,13.06493],[-70.357626,13.059536],[-70.350346,13.054141],[-70.343067,13.048745],[-70.335788,13.04335],[-70.328509,13.037955],[-70.32123,13.032559],[-70.313952,13.027163],[-70.306674,13.021767],[-70.299397,13.01637],[-70.29212,13.010974],[-70.284843,13.005577],[-70.277566,13.00018],[-70.27029,12.994783],[-70.263014,12.989385],[-70.255739,12.983988],[-70.248463,12.97859],[-70.241188,12.973192],[-70.233914,12.967793],[-70.226639,12.962395],[-70.219365,12.956996],[-70.212092,12.951597],[-70.204818,12.946198],[-70.197545,12.940799],[-70.190272,12.9354],[-70.183,12.93]]}},{"type":"Feature","properties":{"PLATEBOUND":"CA\\ND","STEPCLASS":"CRB","BOUNDCONT":"TRUE","OROGEN":"FALSE"},"geometry":{"type":"LineString","coordinates":[[-70.183,12.93],[-70.176036,12.924309],[-70.169073,12.918617],[-70.16211,12.912925],[-70.155148,12.907233],[-70.148185,12.901541],[-70.141223,12.895848],[-70.134262,12.890156],[-70.1273,12.884463],[-70.120339,12.87877],[-70.113378,12.873077],[-70.106418,12.867384],[-70.099458,12.86169],[-70.092498,12.855997],[-70.085539,12.850303],[-70.078579,12.844609],[-70.071621,12.838914],[-70.064662,12.83322],[-70.057704,12.827525],[-70.050746,12.82183],[-70.043788,12.816135],[-70.036831,12.81044],[-70.029874,12.804745],[-70.022917,12.799049],[-70.015961,12.793353],[-70.009005,12.787658],[-70.002049,12.781961],[-69.995094,12.776265],[-69.988139,12.770569],[-69.981184,12.764872],[-69.97423,12.759175],[-69.967275,12.753478],[-69.960321,12.747781],[-69.953368,12.742083],[-69.946415,12.736386],[-69.939462,12.730688],[-69.932509,12.72499],[-69.925557,12.719292],[-69.918605,12.713593],[-69.911653,12.707895],[-69.904702,12.702196],[-69.897751,12.696497],[-69.8908,12.690798],[-69.883849,12.685099],[-69.876899,12.679399],[-69.86995,12.6737],[-69.863,12.668]]}},{"type":"Feature","properties":{"PLATEBOUND":"CA\\ND","STEPCLASS":"CRB","BOUNDCONT":"TRUE","OROGEN":"FALSE"},"geometry":{"type":"LineString","coordinates":[[-69.863,12.668],[-69.855915,12.662267],[-69.848831,12.656533],[-69.841747,12.650799],[-69.834663,12.645066],[-69.827579,12.639331],[-69.820496,12.633597],[-69.813413,12.627863],[-69.806331,12.622128],[-69.799248,12.616393],[-69.792167,12.610658],[-69.785085,12.604923],[-69.778004,12.599187],[-69.770923,12.593452],[-69.763842,12.587716],[-69.756762,12.58198],[-69.749682,12.576244],[-69.742602,12.570507],[-69.735522,12.564771],[-69.728443,12.559034],[-69.721365,12.553297],[-69.714286,12.54756],[-69.707208,12.541823],[-69.70013,12.536085],[-69.693053,12.530348],[-69.685975,12.52461],[-69.678898,12.518872],[-69.671822,12.513133],[-69.664746,12.507395],[-69.65767,12.501656],[-69.650594,12.495917],[-69.643519,12.490178],[-69.636444,12.484439],[-69.629369,12.4787],[-69.622295,12.47296],[-69.61522,12.46722],[-69.608147,12.46148],[-69.601073,12.45574],[-69.594,12.45]]}},{"type":"Feature","properties":{"PLATEBOUND":"CA\\ND","STEPCLASS":"CRB","BOUNDCONT":"TRUE","OROGEN":"FALSE"},"geometry":{"type":"LineString","coordinates":[[-69.594,12.45],[-69.587994,12.443295],[-69.581988,12.436591],[-69.575983,12.429886],[-69.569977,12.423181],[-69.563972,12.416476],[-69.557968,12.40977],[-69.551964,12.403065],[-69.54596,12.396359],[-69.539956,12.389654],[-69.533953,12.382948],[-69.52795,12.376242],[-69.521947,12.369536],[-69.515944,12.362829],[-69.509942,12.356123],[-69.503941,12.349417],[-69.497939,12.34271],[-69.491938,12.336003],[-69.485937,12.329296],[-69.479936,12.322589],[-69.473936,12.315882],[-69.467936,12.309175],[-69.461936,12.302467],[-69.455937,12.29576],[-69.449938,12.289052],[-69.443939,12.282344],[-69.437941,12.275636],[-69.431942,12.268928],[-69.425945,12.26222],[-69.419947,12.255511],[-69.41395,12.248803],[-69.407953,12.242094],[-69.401956,12.235385],[-69.39596,12.228676],[-69.389964,12.221967],[-69.383968,12.215258],[-69.377973,12.208549],[-69.371978,12.201839],[-69.365983,12.19513],[-69.359988,12.18842],[-69.353994,12.18171],[-69.348,12.175]]}},{"type":"Feature","properties":{"PLATEBOUND":"CA\\ND","STEPCLASS":"CRB","BOUNDCONT":"TRUE","OROGEN":"FALSE"},"geometry":{"type":"LineString","coordinates":[[-69.348,12.175],[-69.341639,12.168514],[-69.335279,12.162027],[-69.328919,12.15554],[-69.32256,12.149053],[-69.3162,12.142566],[-69.309841,12.136079],[-69.303482,12.129591],[-69.297124,12.123104],[-69.290766,12.116616],[-69.284408,12.110128],[-69.278051,12.10364],[-69.271693,12.097152],[-69.265336,12.090664],[-69.25898,12.084175],[-69.252624,12.077687],[-69.246268,12.071198],[-69.239912,12.064709],[-69.233557,12.05822],[-69.227202,12.051731],[-69.220847,12.045242],[-69.214492,12.038752],[-69.208138,12.032263],[-69.201784,12.025773],[-69.195431,12.019283],[-69.189078,12.012793],[-69.182725,12.006303],[-69.176372,11.999812],[-69.17002,11.993322],[-69.163668,11.986831],[-69.157316,11.98034],[-69.150965,11.97385],[-69.144614,11.967358],[-69.138263,11.960867],[-69.131912,11.954376],[-69.125562,11.947884],[-69.119212,11.941393],[-69.112863,11.934901],[-69.106513,11.928409],[-69.100164,11.921917],[-69.093816,11.915424],[-69.087467,11.908932],[-69.081119,11.90244],[-69.074771,11.895947],[-69.068424,11.889454],[-69.062077,11.882961],[-69.05573,11.876468],[-69.049383,11.869975],[-69.043037,11.863481],[-69.036691,11.856988],[-69.030345,11.850494],[-69.024,11.844]]}},{"type":"Feature","properties":{"PLATEBOUND":"CA\\ND","STEPCLASS":"CRB","BOUNDCONT":"TRUE","OROGEN":"FALSE"},"geometry":{"type":"LineString","coordinates":[[-69.024,11.844],[-69.017993,11.837248],[-69.011986,11.830496],[-69.00598,11.823744],[-68.999974,11.816991],[-68.993968,11.810239],[-68.987962,11.803486],[-68.981957,11.796733],[-68.975952,11.78998],[-68.969948,11.783227],[-68.963943,11.776474],[-68.957939,11.769721],[-68.951935,11.762967],[-68.945932,11.756214],[-68.939929,11.74946],[-68.933926,11.742706],[-68.927923,11.735952],[-68.921921,11.729198],[-68.915919,11.722444],[-68.909917,11.71569],[-68.903916,11.708935],[-68.897915,11.702181],[-68.891914,11.695426],[-68.885913,11.688671],[-68.879913,11.681916],[-68.873913,11.675161],[-68.867913,11.668406],[-68.861914,11.66165],[-68.855915,11.654895],[-68.849916,11.648139],[-68.843917,11.641384],[-68.837919,11.634628],[-68.831921,11.627872],[-68.825923,11.621116],[-68.819926,11.614359],[-68.813929,11.607603],[-68.807932,11.600846],[-68.801936,11.59409],[-68.795939,11.587333],[-68.789944,11.580576],[-68.783948,11.573819],[-68.777953,11.567062],[-68.771957,11.560305],[-68.765963,11.553547],[-68.759968,11.54679],[-68.753974,11.540032],[-68.74798,11.533274],[-68.741986,11.526516],[-68.735993,11.519758],[-68.73,11.513]]}},{"type":"Feature","properties":{"PLATEBOUND":"CA\\ND","STEPCLASS":"CRB","BOUNDCONT":"TRUE","OROGEN":"FALSE"},"geometry":{"type":"LineString","coordinates":[[-68.73,11.513],[-68.723492,11.506726],[-68.716985,11.500452],[-68.710478,11.494178],[-68.703971,11.487904],[-68.697465,11.481629],[-68.690959,11.475354],[-68.684453,11.46908],[-68.677948,11.462805],[-68.671442,11.45653],[-68.664937,11.450254],[-68.658433,11.443979],[-68.651928,11.437704],[-68.645424,11.431428],[-68.63892,11.425152],[-68.632417,11.418876],[-68.625914,11.4126],[-68.619411,11.406324],[-68.612908,11.400047],[-68.606405,11.393771],[-68.599903,11.387494],[-68.593402,11.381217],[-68.5869,11.37494],[-68.580399,11.368663],[-68.573898,11.362386],[-68.567397,11.356108],[-68.560897,11.349831],[-68.554397,11.343553],[-68.547897,11.337275],[-68.541397,11.330997],[-68.534898,11.324719],[-68.528399,11.318441],[-68.5219,11.312162],[-68.515402,11.305884],[-68.508904,11.299605],[-68.502406,11.293326],[-68.495908,11.287047],[-68.489411,11.280768],[-68.482914,11.274489],[-68.476417,11.268209],[-68.469921,11.26193],[-68.463425,11.25565],[-68.456929,11.24937],[-68.450433,11.24309],[-68.443938,11.23681],[-68.437443,11.230529],[-68.430948,11.224249],[-68.424453,11.217968],[-68.417959,11.211688],[-68.411465,11.205407],[-68.404972,11.199126],[-68.398478,11.192844],[-68.391985,11.186563],[-68.385493,11.180282],[-68.379,11.174]]}},{"type":"Feature","properties":{"PLATEBOUND":"CA\\ND","STEPCLASS":"CRB","BOUNDCONT":"TRUE","OROGEN":"FALSE"},"geometry":{"type":"LineString","coordinates":[[-68.379,11.174],[-68.373378,11.16708],[-68.367756,11.160159],[-68.362134,11.153239],[-68.356513,11.146318],[-68.350892,11.139397],[-68.345271,11.132476],[-68.339651,11.125555],[-68.334031,11.118634],[-68.328411,11.111713],[-68.322791,11.104792],[-68.317172,11.09787],[-68.311552,11.090949],[-68.305933,11.084027],[-68.300315,11.077105],[-68.294696,11.070184],[-68.289078,11.063262],[-68.28346,11.05634],[-68.277843,11.049417],[-68.272225,11.042495],[-68.266608,11.035573],[-68.260992,11.02865],[-68.255375,11.021728],[-68.249759,11.014805],[-68.244143,11.007882],[-68.238527,11.000959],[-68.232911,10.994036],[-68.227296,10.987113],[-68.221681,10.98019],[-68.216067,10.973266],[-68.210452,10.966343],[-68.204838,10.959419],[-68.199224,10.952496],[-68.19361,10.945572],[-68.187997,10.938648],[-68.182384,10.931724],[-68.176771,10.9248],[-68.171158,10.917876],[-68.165546,10.910951],[-68.159934,10.904027],[-68.154322,10.897102],[-68.14871,10.890178],[-68.143099,10.883253],[-68.137488,10.876328],[-68.131877,10.869403],[-68.126267,10.862478],[-68.120656,10.855553],[-68.115046,10.848628],[-68.109437,10.841703],[-68.103827,10.834777],[-68.098218,10.827851],[-68.092609,10.820926],[-68.087,10.814]]}},{"type":"Feature","properties":{"PLATEBOUND":"CA\\ND","STEPCLASS":"CRB","BOUNDCONT":"TRUE","OROGEN":"FALSE"},"geometry":{"type":"LineString","coordinates":[[-68.087,10.814],[-68.083681,10.805738],[-68.080362,10.797475],[-68.077043,10.789213],[-68.073725,10.78095],[-68.070406,10.772687],[-68.067088,10.764425],[-68.06377,10.756162],[-68.060452,10.747899],[-68.057134,10.739637],[-68.053817,10.731374],[-68.0505,10.723111],[-68.047183,10.714848],[-68.043866,10.706585],[-68.040549,10.698322],[-68.037232,10.690059],[-68.033916,10.681796],[-68.0306,10.673533],[-68.027284,10.66527],[-68.023968,10.657007],[-68.020652,10.648744],[-68.017337,10.640481],[-68.014021,10.632217],[-68.010706,10.623954],[-68.007391,10.615691],[-68.004076,10.607427],[-68.000762,10.599164],[-67.997447,10.590901],[-67.994133,10.582637],[-67.990819,10.574374],[-67.987505,10.56611],[-67.984191,10.557846],[-67.980878,10.549583],[-67.977564,10.541319],[-67.974251,10.533055],[-67.970938,10.524792],[-67.967625,10.516528],[-67.964312,10.508264],[-67.961,10.5]]}},{"type":"Feature","properties":{"PLATEBOUND":"ND-SA","STEPCLASS":"CTF","BOUNDCONT":"FALSE","OROGEN":"TRUE"},"geometry":{"type":"LineString","coordinates":[[-81.599,-3.245],[-81.590265,-3.245678],[-81.58153,-3.246355],[-81.572795,-3.247033],[-81.56406,-3.24771],[-81.555324,-3.248388],[-81.546589,-3.249065],[-81.537854,-3.249742],[-81.529119,-3.25042],[-81.520384,-3.251097],[-81.511648,-3.251774],[-81.502913,-3.252451],[-81.494178,-3.253128],[-81.485443,-3.253804],[-81.476708,-3.254481],[-81.467972,-3.255158],[-81.459237,-3.255834],[-81.450502,-3.256511],[-81.441766,-3.257187],[-81.433031,-3.257864],[-81.424296,-3.25854],[-81.41556,-3.259216],[-81.406825,-3.259892],[-81.39809,-3.260568],[-81.389354,-3.261244],[-81.380619,-3.26192],[-81.371884,-3.262596],[-81.363148,-3.263272],[-81.354413,-3.263948],[-81.345677,-3.264623],[-81.336942,-3.265299],[-81.328206,-3.265974],[-81.319471,-3.266649],[-81.310735,-3.267325],[-81.302,-3.268]]}},{"type":"Feature","properties":{"PLATEBOUND":"ND-SA","STEPCLASS":"CTF","BOUNDCONT":"TRUE","OROGEN":"TRUE"},"geometry":{"type":"LineString","coordinates":[[-81.302,-3.268],[-81.293216,-3.267893],[-81.284432,-3.267786],[-81.275649,-3.26768],[-81.266865,-3.267573],[-81.258081,-3.267466],[-81.249297,-3.267359],[-81.240513,-3.267251],[-81.23173,-3.267144],[-81.222946,-3.267037],[-81.214162,-3.266929],[-81.205378,-3.266822],[-81.196594,-3.266714],[-81.187811,-3.266607],[-81.179027,-3.266499],[-81.170243,-3.266391],[-81.161459,-3.266283],[-81.152675,-3.266175],[-81.143892,-3.266067],[-81.135108,-3.265959],[-81.126324,-3.265851],[-81.11754,-3.265743],[-81.108756,-3.265634],[-81.099973,-3.265526],[-81.091189,-3.265417],[-81.082405,-3.265309],[-81.073621,-3.2652],[-81.064838,-3.265091],[-81.056054,-3.264983],[-81.04727,-3.264874],[-81.038486,-3.264765],[-81.029703,-3.264656],[-81.020919,-3.264547],[-81.012135,-3.264438],[-81.003351,-3.264328],[-80.994568,-3.264219],[-80.985784,-3.264109],[-80.977,-3.264]]}},{"type":"Feature","properties":{"PLATEBOUND":"ND-SA","STEPCLASS":"CTF","BOUNDCONT":"TRUE","OROGEN":"TRUE"},"geometry":{"type":"LineString","coordinates":[[-80.977,-3.264],[-80.968959,-3.260202],[-80.960917,-3.256403],[-80.952876,-3.252604],[-80.944835,-3.248806],[-80.936793,-3.245007],[-80.928752,-3.241208],[-80.920711,-3.23741],[-80.91267,-3.233611],[-80.904629,-3.229812],[-80.896588,-3.226013],[-80.888547,-3.222214],[-80.880507,-3.218414],[-80.872466,-3.214615],[-80.864425,-3.210816],[-80.856385,-3.207017],[-80.848344,-3.203217],[-80.840303,-3.199418],[-80.832263,-3.195618],[-80.824223,-3.191819],[-80.816182,-3.188019],[-80.808142,-3.184219],[-80.800102,-3.180419],[-80.792062,-3.17662],[-80.784022,-3.17282],[-80.775982,-3.16902],[-80.767942,-3.16522],[-80.759902,-3.16142],[-80.751862,-3.157619],[-80.743822,-3.153819],[-80.735782,-3.150019],[-80.727743,-3.146219],[-80.719703,-3.142418],[-80.711664,-3.138618],[-80.703624,-3.134817],[-80.695585,-3.131016],[-80.687545,-3.127216],[-80.679506,-3.123415],[-80.671467,-3.119614],[-80.663427,-3.115813],[-80.655388,-3.112013],[-80.647349,-3.108212],[-80.63931,-3.104411],[-80.631271,-3.100609],[-80.623232,-3.096808],[-80.615193,-3.093007],[-80.607155,-3.089206],[-80.599116,-3.085404],[-80.591077,-3.081603],[-80.583039,-3.077802],[-80.575,-3.074]]}},{"type":"Feature","properties":{"PLATEBOUND":"ND-SA","STEPCLASS":"CTF","BOUNDCONT":"TRUE","OROGEN":"TRUE"},"geometry":{"type":"LineString","coordinates":[[-80.575,-3.074],[-80.567148,-3.069937],[-80.559295,-3.065875],[-80.551443,-3.061812],[-80.543591,-3.05775],[-80.535739,-3.053687],[-80.527886,-3.049624],[-80.520034,-3.045561],[-80.512182,-3.041498],[-80.504331,-3.037435],[-80.496479,-3.033372],[-80.488627,-3.029309],[-80.480775,-3.025246],[-80.472923,-3.021183],[-80.465072,-3.017119],[-80.45722,-3.013056],[-80.449369,-3.008993],[-80.441517,-3.004929],[-80.433666,-3.000866],[-80.425814,-2.996802],[-80.417963,-2.992739],[-80.410112,-2.988675],[-80.402261,-2.984611],[-80.39441,-2.980548],[-80.386559,-2.976484],[-80.378708,-2.97242],[-80.370857,-2.968356],[-80.363006,-2.964292],[-80.355155,-2.960228],[-80.347304,-2.956164],[-80.339453,-2.952099],[-80.331603,-2.948035],[-80.323752,-2.943971],[-80.315902,-2.939907],[-80.308051,-2.935842],[-80.300201,-2.931778],[-80.29235,-2.927713],[-80.2845,-2.923649],[-80.27665,-2.919584],[-80.2688,-2.915519],[-80.260949,-2.911455],[-80.253099,-2.90739],[-80.245249,-2.903325],[-80.237399,-2.89926],[-80.229549,-2.895195],[-80.2217,-2.89113],[-80.21385,-2.887065],[-80.206,-2.883]]}},{"type":"Feature","properties":{"PLATEBOUND":"ND-SA","STEPCLASS":"CTF","BOUNDCONT":"TRUE","OROGEN":"TRUE"},"geometry":{"type":"LineString","coordinates":[[-80.206,-2.883],[-80.198395,-2.878473],[-80.190789,-2.873946],[-80.183184,-2.869419],[-80.175579,-2.864892],[-80.167974,-2.860364],[-80.160369,-2.855837],[-80.152764,-2.85131],[-80.145159,-2.846783],[-80.137555,-2.842255],[-80.12995,-2.837728],[-80.122345,-2.8332],[-80.11474,-2.828673],[-80.107136,-2.824145],[-80.099531,-2.819617],[-80.091927,-2.81509],[-80.084322,-2.810562],[-80.076718,-2.806034],[-80.069114,-2.801506],[-80.06151,-2.796978],[-80.053905,-2.79245],[-80.046301,-2.787922],[-80.038697,-2.783394],[-80.031093,-2.778866],[-80.023489,-2.774338],[-80.015885,-2.76981],[-80.008282,-2.765281],[-80.000678,-2.760753],[-79.993074,-2.756225],[-79.985471,-2.751696],[-79.977867,-2.747168],[-79.970263,-2.742639],[-79.96266,-2.738111],[-79.955057,-2.733582],[-79.947453,-2.729054],[-79.93985,-2.724525],[-79.932247,-2.719996],[-79.924643,-2.715467],[-79.91704,-2.710938],[-79.909437,-2.70641],[-79.901834,-2.701881],[-79.894231,-2.697352],[-79.886628,-2.692823],[-79.879025,-2.688294],[-79.871423,-2.683764],[-79.86382,-2.679235],[-79.856217,-2.674706],[-79.848615,-2.670177],[-79.841012,-2.665647],[-79.83341,-2.661118],[-79.825807,-2.656589],[-79.818205,-2.652059],[-79.810602,-2.64753],[-79.803,-2.643]]}},{"type":"Feature","properties":{"PLATEBOUND":"ND-SA","STEPCLASS":"CTF","BOUNDCONT":"TRUE","OROGEN":"TRUE"},"geometry":{"type":"LineString","coordinates":[[-79.803,-2.643],[-79.795153,-2.638616],[-79.787306,-2.634233],[-79.779459,-2.629849],[-79.771612,-2.625465],[-79.763765,-2.621081],[-79.755918,-2.616697],[-79.748071,-2.612313],[-79.740224,-2.607929],[-79.732377,-2.603545],[-79.724531,-2.599161],[-79.716684,-2.594777],[-79.708837,-2.590393],[-79.700991,-2.586008],[-79.693144,-2.581624],[-79.685298,-2.57724],[-79.677452,-2.572855],[-79.669605,-2.568471],[-79.661759,-2.564086],[-79.653913,-2.559702],[-79.646067,-2.555317],[-79.638221,-2.550932],[-79.630375,-2.546548],[-79.622529,-2.542163],[-79.614683,-2.537778],[-79.606837,-2.533393],[-79.598991,-2.529008],[-79.591145,-2.524623],[-79.5833,-2.520238],[-79.575454,-2.515853],[-79.567608,-2.511468],[-79.559763,-2.507083],[-79.551917,-2.502698],[-79.544072,-2.498312],[-79.536226,-2.493927],[-79.528381,-2.489542],[-79.520536,-2.485156],[-79.51269,-2.480771],[-79.504845,-2.476386],[-79.497,-2.472]]}},{"type":"Feature","properties":{"PLATEBOUND":"ND-SA","STEPCLASS":"CCB","BOUNDCONT":"TRUE","OROGEN":"TRUE"},"geometry":{"type":"LineString","coordinates":[[-79.497,-2.472],[-79.489841,-2.466922],[-79.482682,-2.461843],[-79.475524,-2.456765],[-79.468365,-2.451687],[-79.461206,-2.446608],[-79.454048,-2.44153],[-79.446889,-2.436451],[-79.439731,-2.431373],[-79.432572,-2.426294],[-79.425414,-2.421216],[-79.418255,-2.416137],[-79.411097,-2.411059],[-79.403939,-2.40598],[-79.396781,-2.400901],[-79.389623,-2.395822],[-79.382464,-2.390743],[-79.375306,-2.385665],[-79.368148,-2.380586],[-79.360991,-2.375507],[-79.353833,-2.370428],[-79.346675,-2.365349],[-79.339517,-2.36027],[-79.332359,-2.355191],[-79.325202,-2.350112],[-79.318044,-2.345032],[-79.310887,-2.339953],[-79.303729,-2.334874],[-79.296572,-2.329795],[-79.289414,-2.324715],[-79.282257,-2.319636],[-79.2751,-2.314557],[-79.267942,-2.309477],[-79.260785,-2.304398],[-79.253628,-2.299318],[-79.246471,-2.294239],[-79.239314,-2.289159],[-79.232157,-2.28408],[-79.225,-2.279]]}},{"type":"Feature","properties":{"PLATEBOUND":"ND-SA","STEPCLASS":"CCB","BOUNDCONT":"TRUE","OROGEN":"FALSE"},"geometry":{"type":"LineString","coordinates":[[-79.225,-2.279],[-79.218564,-2.272805],[-79.212128,-2.26661],[-79.205692,-2.260415],[-79.199256,-2.25422],[-79.192821,-2.248025],[-79.186385,-2.241829],[-79.179949,-2.235634],[-79.173514,-2.229439],[-79.167078,-2.223244],[-79.160643,-2.217049],[-79.154207,-2.210853],[-79.147772,-2.204658],[-79.141337,-2.198463],[-79.134901,-2.192267],[-79.128466,-2.186072],[-79.122031,-2.179876],[-79.115596,-2.173681],[-79.109161,-2.167485],[-79.102726,-2.16129],[-79.096291,-2.155094],[-79.089856,-2.148899],[-79.083421,-2.142703],[-79.076986,-2.136507],[-79.070552,-2.130312],[-79.064117,-2.124116],[-79.057682,-2.11792],[-79.051248,-2.111724],[-79.044813,-2.105529],[-79.038379,-2.099333],[-79.031944,-2.093137],[-79.02551,-2.086941],[-79.019076,-2.080745],[-79.012641,-2.074549],[-79.006207,-2.068353],[-78.999773,-2.062157],[-78.993339,-2.055961],[-78.986905,-2.049765],[-78.980471,-2.043569],[-78.974037,-2.037373],[-78.967603,-2.031177],[-78.961169,-2.024981],[-78.954735,-2.018785],[-78.948301,-2.012589],[-78.941867,-2.006392],[-78.935434,-2.000196],[-78.929,-1.994]]}},{"type":"Feature","properties":{"PLATEBOUND":"ND-SA","STEPCLASS":"CCB","BOUNDCONT":"TRUE","OROGEN":"FALSE"},"geometry":{"type":"LineString","coordinates":[[-78.929,-1.994],[-78.925256,-1.985815],[-78.921512,-1.977629],[-78.917768,-1.969444],[-78.914024,-1.961258],[-78.91028,-1.953073],[-78.906536,-1.944887],[-78.902793,-1.936702],[-78.899049,-1.928516],[-78.895305,-1.920331],[-78.891562,-1.912145],[-78.887818,-1.90396],[-78.884074,-1.895774],[-78.880331,-1.887589],[-78.876587,-1.879403],[-78.872844,-1.871218],[-78.8691,-1.863032],[-78.865357,-1.854847],[-78.861613,-1.846661],[-78.85787,-1.838475],[-78.854127,-1.83029],[-78.850383,-1.822104],[-78.84664,-1.813919],[-78.842897,-1.805733],[-78.839154,-1.797547],[-78.83541,-1.789362],[-78.831667,-1.781176],[-78.827924,-1.77299],[-78.824181,-1.764805],[-78.820438,-1.756619],[-78.816695,-1.748433],[-78.812952,-1.740248],[-78.809209,-1.732062],[-78.805466,-1.723876],[-78.801723,-1.715691],[-78.797981,-1.707505],[-78.794238,-1.699319],[-78.790495,-1.691133],[-78.786752,-1.682948],[-78.78301,-1.674762],[-78.779267,-1.666576],[-78.775524,-1.65839],[-78.771782,-1.650205],[-78.768039,-1.642019],[-78.764296,-1.633833],[-78.760554,-1.625647],[-78.756811,-1.617461],[-78.753069,-1.609276],[-78.749326,-1.60109],[-78.745584,-1.592904],[-78.741842,-1.584718],[-78.738099,-1.576532],[-78.734357,-1.568347],[-78.730615,-1.560161],[-78.726872,-1.551975],[-78.72313,-1.543789],[-78.719388,-1.535603],[-78.715646,-1.527417],[-78.711904,-1.519231],[-78.708162,-1.511045],[-78.704419,-1.502859],[-78.700677,-1.494674],[-78.696935,-1.486488],[-78.693193,-1.478302],[-78.689451,-1.470116],[-78.685709,-1.46193],[-78.681967,-1.453744],[-78.678226,-1.445558],[-78.674484,-1.437372],[-78.670742,-1.429186],[-78.667,-1.421]]}},{"type":"Feature","properties":{"PLATEBOUND":"ND-SA","STEPCLASS":"CCB","BOUNDCONT":"TRUE","OROGEN":"FALSE"},"geometry":{"type":"LineString","coordinates":[[-78.667,-1.421],[-78.664088,-1.412481],[-78.661176,-1.403962],[-78.658264,-1.395443],[-78.655352,-1.386925],[-78.65244,-1.378406],[-78.649528,-1.369887],[-78.646616,-1.361368],[-78.643704,-1.352849],[-78.640792,-1.34433],[-78.63788,-1.335811],[-78.634968,-1.327292],[-78.632056,-1.318774],[-78.629144,-1.310255],[-78.626233,-1.301736],[-78.623321,-1.293217],[-78.620409,-1.284698],[-78.617497,-1.276179],[-78.614585,-1.26766],[-78.611674,-1.259141],[-78.608762,-1.250622],[-78.60585,-1.242103],[-78.602939,-1.233584],[-78.600027,-1.225066],[-78.597115,-1.216547],[-78.594204,-1.208028],[-78.591292,-1.199509],[-78.588381,-1.19099],[-78.585469,-1.182471],[-78.582557,-1.173952],[-78.579646,-1.165433],[-78.576734,-1.156914],[-78.573823,-1.148395],[-78.570911,-1.139876],[-78.568,-1.131357],[-78.565089,-1.122838],[-78.562177,-1.114319],[-78.559266,-1.1058],[-78.556354,-1.097281],[-78.553443,-1.088762],[-78.550532,-1.080243],[-78.54762,-1.071724],[-78.544709,-1.063205],[-78.541798,-1.054686],[-78.538886,-1.046167],[-78.535975,-1.037648],[-78.533064,-1.029129],[-78.530153,-1.02061],[-78.527241,-1.012091],[-78.52433,-1.003572],[-78.521419,-0.995053],[-78.518508,-0.986534],[-78.515597,-0.978015],[-78.512685,-0.969496],[-78.509774,-0.960977],[-78.506863,-0.952458],[-78.503952,-0.943939],[-78.501041,-0.93542],[-78.49813,-0.926901],[-78.495219,-0.918382],[-78.492308,-0.909863],[-78.489397,-0.901343],[-78.486486,-0.892824],[-78.483575,-0.884305],[-78.480664,-0.875786],[-78.477753,-0.867267],[-78.474842,-0.858748],[-78.471931,-0.850229],[-78.46902,-0.84171],[-78.466109,-0.833191],[-78.463198,-0.824672],[-78.460287,-0.816153],[-78.457376,-0.807634],[-78.454465,-0.799115],[-78.451554,-0.790595],[-78.448643,-0.782076],[-78.445732,-0.773557],[-78.442822,-0.765038],[-78.439911,-0.756519],[-78.437,-0.748]]}},{"type":"Feature","properties":{"PLATEBOUND":"ND-SA","STEPCLASS":"CCB","BOUNDCONT":"TRUE","OROGEN":"FALSE"},"geometry":{"type":"LineString","coordinates":[[-78.437,-0.748],[-78.433127,-0.739841],[-78.429253,-0.731683],[-78.42538,-0.723524],[-78.421507,-0.715365],[-78.417633,-0.707207],[-78.41376,-0.699048],[-78.409887,-0.690889],[-78.406014,-0.682731],[-78.40214,-0.674572],[-78.398267,-0.666413],[-78.394394,-0.658255],[-78.390521,-0.650096],[-78.386647,-0.641937],[-78.382774,-0.633779],[-78.378901,-0.62562],[-78.375028,-0.617461],[-78.371155,-0.609303],[-78.367282,-0.601144],[-78.363409,-0.592985],[-78.359535,-0.584827],[-78.355662,-0.576668],[-78.351789,-0.568509],[-78.347916,-0.56035],[-78.344043,-0.552192],[-78.34017,-0.544033],[-78.336297,-0.535874],[-78.332424,-0.527716],[-78.328551,-0.519557],[-78.324678,-0.511398],[-78.320805,-0.503239],[-78.316932,-0.495081],[-78.313059,-0.486922],[-78.309186,-0.478763],[-78.305313,-0.470604],[-78.30144,-0.462446],[-78.297567,-0.454287],[-78.293694,-0.446128],[-78.289821,-0.437969],[-78.285948,-0.429811],[-78.282075,-0.421652],[-78.278202,-0.413493],[-78.274329,-0.405334],[-78.270457,-0.397176],[-78.266584,-0.389017],[-78.262711,-0.380858],[-78.258838,-0.372699],[-78.254965,-0.364541],[-78.251092,-0.356382],[-78.247219,-0.348223],[-78.243346,-0.340064],[-78.239474,-0.331905],[-78.235601,-0.323747],[-78.231728,-0.315588],[-78.227855,-0.307429],[-78.223982,-0.29927],[-78.22011,-0.291112],[-78.216237,-0.282953],[-78.212364,-0.274794],[-78.208491,-0.266635],[-78.204618,-0.258476],[-78.200746,-0.250318],[-78.196873,-0.242159],[-78.193,-0.234]]}},{"type":"Feature","properties":{"PLATEBOUND":"ND-SA","STEPCLASS":"CCB","BOUNDCONT":"TRUE","OROGEN":"FALSE"},"geometry":{"type":"LineString","coordinates":[[-78.193,-0.234],[-78.189104,-0.226042],[-78.185208,-0.218083],[-78.181312,-0.210125],[-78.177417,-0.202167],[-78.173521,-0.194208],[-78.169625,-0.18625],[-78.165729,-0.178292],[-78.161833,-0.170333],[-78.157937,-0.162375],[-78.154041,-0.154417],[-78.150146,-0.146458],[-78.14625,-0.1385],[-78.142354,-0.130542],[-78.138458,-0.122583],[-78.134562,-0.114625],[-78.130666,-0.106667],[-78.126771,-0.098708],[-78.122875,-0.09075],[-78.118979,-0.082792],[-78.115083,-0.074833],[-78.111187,-0.066875],[-78.107291,-0.058917],[-78.103396,-0.050958],[-78.0995,-0.043],[-78.095604,-0.035042],[-78.091708,-0.027083],[-78.087812,-0.019125],[-78.083916,-0.011167],[-78.080021,-0.003208],[-78.076125,0.00475],[-78.072229,0.012708],[-78.068333,0.020667],[-78.064437,0.028625],[-78.060542,0.036583],[-78.056646,0.044542],[-78.05275,0.0525],[-78.048854,0.060458],[-78.044958,0.068417],[-78.041062,0.076375],[-78.037167,0.084333],[-78.033271,0.092292],[-78.029375,0.10025],[-78.025479,0.108208],[-78.021583,0.116167],[-78.017688,0.124125],[-78.013792,0.132083],[-78.009896,0.140042],[-78.006,0.148]]}},{"type":"Feature","properties":{"PLATEBOUND":"ND-SA","STEPCLASS":"CCB","BOUNDCONT":"FALSE","OROGEN":"FALSE"},"geometry":{"type":"LineString","coordinates":[[-78.006,0.148],[-78.000932,0.155424],[-77.995865,0.162848],[-77.990797,0.170271],[-77.98573,0.177695],[-77.980662,0.185119],[-77.975594,0.192543],[-77.970527,0.199967],[-77.965459,0.20739],[-77.960391,0.214814],[-77.955324,0.222238],[-77.950256,0.229662],[-77.945189,0.237085],[-77.940121,0.244509],[-77.935053,0.251933],[-77.929986,0.259357],[-77.924918,0.266781],[-77.91985,0.274204],[-77.914783,0.281628],[-77.909715,0.289052],[-77.904647,0.296476],[-77.899579,0.303899],[-77.894512,0.311323],[-77.889444,0.318747],[-77.884376,0.326171],[-77.879309,0.333594],[-77.874241,0.341018],[-77.869173,0.348442],[-77.864105,0.355866],[-77.859038,0.363289],[-77.85397,0.370713],[-77.848902,0.378137],[-77.843834,0.385561],[-77.838766,0.392984],[-77.833699,0.400408],[-77.828631,0.407832],[-77.823563,0.415256],[-77.818495,0.422679],[-77.813427,0.430103],[-77.808359,0.437527],[-77.803292,0.44495],[-77.798224,0.452374],[-77.793156,0.459798],[-77.788088,0.467221],[-77.78302,0.474645],[-77.777952,0.482069],[-77.772884,0.489493],[-77.767816,0.496916],[-77.762748,0.50434],[-77.75768,0.511764],[-77.752612,0.519187],[-77.747544,0.526611],[-77.742476,0.534035],[-77.737408,0.541458],[-77.73234,0.548882],[-77.727272,0.556305],[-77.722204,0.563729],[-77.717136,0.571153],[-77.712068,0.578576],[-77.707,0.586]]}},{"type":"Feature","properties":{"PLATEBOUND":"ND-SA","STEPCLASS":"CCB","BOUNDCONT":"TRUE","OROGEN":"FALSE"},"geometry":{"type":"LineString","coordinates":[[-77.707,0.586],[-77.700182,0.591691],[-77.693365,0.597382],[-77.686547,0.603074],[-77.679729,0.608765],[-77.672911,0.614456],[-77.666093,0.620147],[-77.659276,0.625838],[-77.652458,0.631529],[-77.64564,0.63722],[-77.638822,0.642911],[-77.632004,0.648602],[-77.625186,0.654294],[-77.618368,0.659985],[-77.61155,0.665676],[-77.604732,0.671367],[-77.597914,0.677058],[-77.591096,0.682749],[-77.584278,0.68844],[-77.57746,0.694131],[-77.570642,0.699822],[-77.563824,0.705513],[-77.557006,0.711204],[-77.550188,0.716895],[-77.54337,0.722586],[-77.536552,0.728277],[-77.529734,0.733968],[-77.522916,0.739659],[-77.516098,0.74535],[-77.509279,0.75104],[-77.502461,0.756731],[-77.495643,0.762422],[-77.488825,0.768113],[-77.482006,0.773804],[-77.475188,0.779495],[-77.46837,0.785186],[-77.461552,0.790876],[-77.454733,0.796567],[-77.447915,0.802258],[-77.441097,0.807949],[-77.434278,0.81364],[-77.42746,0.81933],[-77.420641,0.825021],[-77.413823,0.830712],[-77.407004,0.836403],[-77.400186,0.842093],[-77.393367,0.847784],[-77.386549,0.853475],[-77.37973,0.859166],[-77.372912,0.864856],[-77.366093,0.870547],[-77.359275,0.876238],[-77.352456,0.881928],[-77.345637,0.887619],[-77.338819,0.893309],[-77.332,0.899]]}},{"type":"Feature","properties":{"PLATEBOUND":"ND-SA","STEPCLASS":"CTF","BOUNDCONT":"TRUE","OROGEN":"FALSE"},"geometry":{"type":"LineString","coordinates":[[-77.332,0.899],[-77.323961,0.902961],[-77.315922,0.906923],[-77.307884,0.910884],[-77.299845,0.914845],[-77.291806,0.918806],[-77.283767,0.922767],[-77.275728,0.926728],[-77.26769,0.93069],[-77.259651,0.934651],[-77.251612,0.938612],[-77.243573,0.942573],[-77.235534,0.946534],[-77.227495,0.950495],[-77.219456,0.954456],[-77.211417,0.958417],[-77.203378,0.962378],[-77.195339,0.966339],[-77.1873,0.9703],[-77.179261,0.974261],[-77.171222,0.978222],[-77.163183,0.982183],[-77.155143,0.986144],[-77.147104,0.990104],[-77.139065,0.994065],[-77.131026,0.998026],[-77.122987,1.001987],[-77.114947,1.005948],[-77.106908,1.009908],[-77.098869,1.013869],[-77.09083,1.01783],[-77.08279,1.021791],[-77.074751,1.025751],[-77.066712,1.029712],[-77.058672,1.033672],[-77.050633,1.037633],[-77.042594,1.041594],[-77.034554,1.045554],[-77.026515,1.049515],[-77.018475,1.053475],[-77.010436,1.057436],[-77.002396,1.061396],[-76.994357,1.065357],[-76.986317,1.069317],[-76.978278,1.073278],[-76.970238,1.077238],[-76.962198,1.081198],[-76.954159,1.085159],[-76.946119,1.089119],[-76.938079,1.093079],[-76.93004,1.09704],[-76.922,1.101]]}},{"type":"Feature","properties":{"PLATEBOUND":"ND-SA","STEPCLASS":"CTF","BOUNDCONT":"TRUE","OROGEN":"FALSE"},"geometry":{"type":"LineString","coordinates":[[-76.922,1.101],[-76.914091,1.104978],[-76.906183,1.108955],[-76.898274,1.112933],[-76.890365,1.116911],[-76.882457,1.120889],[-76.874548,1.124866],[-76.866639,1.128844],[-76.85873,1.132821],[-76.850822,1.136799],[-76.842913,1.140777],[-76.835004,1.144754],[-76.827095,1.148732],[-76.819186,1.152709],[-76.811277,1.156687],[-76.803369,1.160664],[-76.79546,1.164641],[-76.787551,1.168619],[-76.779642,1.172596],[-76.771733,1.176574],[-76.763824,1.180551],[-76.755915,1.184528],[-76.748005,1.188506],[-76.740096,1.192483],[-76.732187,1.19646],[-76.724278,1.200437],[-76.716369,1.204414],[-76.70846,1.208392],[-76.700551,1.212369],[-76.692641,1.216346],[-76.684732,1.220323],[-76.676823,1.2243],[-76.668913,1.228277],[-76.661004,1.232254],[-76.653095,1.236231],[-76.645185,1.240208],[-76.637276,1.244185],[-76.629367,1.248162],[-76.621457,1.252139],[-76.613548,1.256116],[-76.605638,1.260093],[-76.597729,1.26407],[-76.589819,1.268046],[-76.58191,1.272023],[-76.574,1.276]]}},{"type":"Feature","properties":{"PLATEBOUND":"ND-SA","STEPCLASS":"CCB","BOUNDCONT":"TRUE","OROGEN":"FALSE"},"geometry":{"type":"LineString","coordinates":[[-76.574,1.276],[-76.566728,1.281228],[-76.559456,1.286455],[-76.552184,1.291683],[-76.544912,1.296911],[-76.537639,1.302139],[-76.530367,1.307366],[-76.523095,1.312594],[-76.515823,1.317821],[-76.50855,1.323049],[-76.501278,1.328277],[-76.494006,1.333504],[-76.486733,1.338732],[-76.479461,1.343959],[-76.472188,1.349187],[-76.464916,1.354414],[-76.457643,1.359641],[-76.450371,1.364869],[-76.443098,1.370096],[-76.435826,1.375324],[-76.428553,1.380551],[-76.42128,1.385778],[-76.414008,1.391006],[-76.406735,1.396233],[-76.399462,1.40146],[-76.392189,1.406687],[-76.384917,1.411914],[-76.377644,1.417142],[-76.370371,1.422369],[-76.363098,1.427596],[-76.355825,1.432823],[-76.348552,1.43805],[-76.341279,1.443277],[-76.334006,1.448504],[-76.326733,1.453731],[-76.31946,1.458958],[-76.312187,1.464185],[-76.304913,1.469412],[-76.29764,1.474639],[-76.290367,1.479866],[-76.283094,1.485093],[-76.27582,1.49032],[-76.268547,1.495546],[-76.261273,1.500773],[-76.254,1.506]]}},{"type":"Feature","properties":{"PLATEBOUND":"ND-SA","STEPCLASS":"CTF","BOUNDCONT":"TRUE","OROGEN":"FALSE"},"geometry":{"type":"LineString","coordinates":[[-76.254,1.506],[-76.245719,1.509501],[-76.237438,1.513001],[-76.229157,1.516501],[-76.220877,1.520002],[-76.212596,1.523502],[-76.204315,1.527003],[-76.196034,1.530503],[-76.187753,1.534003],[-76.179472,1.537503],[-76.171191,1.541004],[-76.162909,1.544504],[-76.154628,1.548004],[-76.146347,1.551504],[-76.138066,1.555004],[-76.129785,1.558504],[-76.121504,1.562004],[-76.113222,1.565504],[-76.104941,1.569004],[-76.09666,1.572504],[-76.088378,1.576004],[-76.080097,1.579504],[-76.071816,1.583004],[-76.063534,1.586503],[-76.055253,1.590003],[-76.046971,1.593503],[-76.03869,1.597003],[-76.030408,1.600502],[-76.022127,1.604002],[-76.013845,1.607501],[-76.005563,1.611001],[-75.997282,1.614501],[-75.989,1.618]]}},{"type":"Feature","properties":{"PLATEBOUND":"ND-SA","STEPCLASS":"CCB","BOUNDCONT":"TRUE","OROGEN":"FALSE"},"geometry":{"type":"LineString","coordinates":[[-75.989,1.618],[-75.984001,1.625303],[-75.979002,1.632605],[-75.974002,1.639908],[-75.969003,1.64721],[-75.964004,1.654513],[-75.959004,1.661815],[-75.954005,1.669118],[-75.949005,1.676421],[-75.944006,1.683723],[-75.939006,1.691026],[-75.934007,1.698328],[-75.929007,1.705631],[-75.924008,1.712933],[-75.919008,1.720235],[-75.914008,1.727538],[-75.909008,1.73484],[-75.904009,1.742143],[-75.899009,1.749445],[-75.894009,1.756747],[-75.889009,1.76405],[-75.884009,1.771352],[-75.879009,1.778654],[-75.874009,1.785957],[-75.869009,1.793259],[-75.864009,1.800561],[-75.859009,1.807864],[-75.854009,1.815166],[-75.849008,1.822468],[-75.844008,1.82977],[-75.839008,1.837073],[-75.834007,1.844375],[-75.829007,1.851677],[-75.824007,1.858979],[-75.819006,1.866281],[-75.814006,1.873583],[-75.809005,1.880886],[-75.804004,1.888188],[-75.799004,1.89549],[-75.794003,1.902792],[-75.789002,1.910094],[-75.784002,1.917396],[-75.779001,1.924698],[-75.774,1.932]]}},{"type":"Feature","properties":{"PLATEBOUND":"ND-SA","STEPCLASS":"CCB","BOUNDCONT":"TRUE","OROGEN":"FALSE"},"geometry":{"type":"LineString","coordinates":[[-75.774,1.932],[-75.767801,1.938346],[-75.761603,1.944692],[-75.755404,1.951038],[-75.749205,1.957384],[-75.743006,1.96373],[-75.736807,1.970076],[-75.730608,1.976422],[-75.724409,1.982768],[-75.71821,1.989114],[-75.712011,1.99546],[-75.705812,2.001806],[-75.699613,2.008152],[-75.693413,2.014498],[-75.687214,2.020844],[-75.681015,2.027189],[-75.674815,2.033535],[-75.668616,2.039881],[-75.662417,2.046227],[-75.656217,2.052572],[-75.650017,2.058918],[-75.643818,2.065264],[-75.637618,2.071609],[-75.631418,2.077955],[-75.625219,2.0843],[-75.619019,2.090646],[-75.612819,2.096991],[-75.606619,2.103337],[-75.600419,2.109682],[-75.594219,2.116028],[-75.588019,2.122373],[-75.581819,2.128719],[-75.575619,2.135064],[-75.569418,2.141409],[-75.563218,2.147755],[-75.557018,2.1541],[-75.550817,2.160445],[-75.544617,2.16679],[-75.538416,2.173136],[-75.532216,2.179481],[-75.526015,2.185826],[-75.519815,2.192171],[-75.513614,2.198516],[-75.507413,2.204861],[-75.501212,2.211206],[-75.495011,2.217551],[-75.488811,2.223896],[-75.48261,2.230241],[-75.476409,2.236586],[-75.470208,2.242931],[-75.464006,2.249276],[-75.457805,2.255621],[-75.451604,2.261966],[-75.445403,2.26831],[-75.439201,2.274655],[-75.433,2.281]]}},{"type":"Feature","properties":{"PLATEBOUND":"ND-SA","STEPCLASS":"CCB","BOUNDCONT":"TRUE","OROGEN":"FALSE"},"geometry":{"type":"LineString","coordinates":[[-75.433,2.281],[-75.42663,2.287201],[-75.420259,2.293401],[-75.413888,2.299601],[-75.407518,2.305802],[-75.401147,2.312002],[-75.394776,2.318203],[-75.388406,2.324403],[-75.382035,2.330603],[-75.375664,2.336804],[-75.369293,2.343004],[-75.362922,2.349204],[-75.356551,2.355404],[-75.35018,2.361604],[-75.343808,2.367804],[-75.337437,2.374005],[-75.331066,2.380205],[-75.324694,2.386405],[-75.318323,2.392605],[-75.311952,2.398805],[-75.30558,2.405005],[-75.299208,2.411204],[-75.292837,2.417404],[-75.286465,2.423604],[-75.280093,2.429804],[-75.273721,2.436004],[-75.26735,2.442204],[-75.260978,2.448403],[-75.254606,2.454603],[-75.248234,2.460803],[-75.241861,2.467002],[-75.235489,2.473202],[-75.229117,2.479401],[-75.222745,2.485601],[-75.216372,2.491801],[-75.21,2.498]]}},{"type":"Feature","properties":{"PLATEBOUND":"ND-SA","STEPCLASS":"CCB","BOUNDCONT":"TRUE","OROGEN":"FALSE"},"geometry":{"type":"LineString","coordinates":[[-75.21,2.498],[-75.203302,2.503861],[-75.196603,2.509722],[-75.189904,2.515583],[-75.183206,2.521443],[-75.176507,2.527304],[-75.169808,2.533165],[-75.163109,2.539025],[-75.15641,2.544886],[-75.149711,2.550747],[-75.143012,2.556607],[-75.136313,2.562468],[-75.129614,2.568328],[-75.122915,2.574189],[-75.116216,2.580049],[-75.109516,2.58591],[-75.102817,2.59177],[-75.096118,2.59763],[-75.089418,2.603491],[-75.082718,2.609351],[-75.076019,2.615211],[-75.069319,2.621071],[-75.062619,2.626931],[-75.055919,2.632791],[-75.04922,2.638652],[-75.04252,2.644512],[-75.03582,2.650372],[-75.02912,2.656231],[-75.022419,2.662091],[-75.015719,2.667951],[-75.009019,2.673811],[-75.002319,2.679671],[-74.995618,2.685531],[-74.988918,2.69139],[-74.982217,2.69725],[-74.975517,2.70311],[-74.968816,2.708969],[-74.962115,2.714829],[-74.955414,2.720688],[-74.948714,2.726548],[-74.942013,2.732407],[-74.935312,2.738267],[-74.928611,2.744126],[-74.92191,2.749986],[-74.915208,2.755845],[-74.908507,2.761704],[-74.901806,2.767563],[-74.895105,2.773423],[-74.888403,2.779282],[-74.881702,2.785141],[-74.875,2.791]]}},{"type":"Feature","properties":{"PLATEBOUND":"ND-SA","STEPCLASS":"CCB","BOUNDCONT":"TRUE","OROGEN":"FALSE"},"geometry":{"type":"LineString","coordinates":[[-74.875,2.791],[-74.868026,2.796635],[-74.861051,2.80227],[-74.854077,2.807905],[-74.847103,2.81354],[-74.840128,2.819175],[-74.833154,2.824809],[-74.826179,2.830444],[-74.819204,2.836079],[-74.812229,2.841714],[-74.805255,2.847348],[-74.79828,2.852983],[-74.791305,2.858617],[-74.78433,2.864252],[-74.777354,2.869886],[-74.770379,2.875521],[-74.763404,2.881155],[-74.756429,2.886789],[-74.749453,2.892424],[-74.742478,2.898058],[-74.735502,2.903692],[-74.728527,2.909326],[-74.721551,2.91496],[-74.714575,2.920594],[-74.7076,2.926228],[-74.700624,2.931862],[-74.693648,2.937496],[-74.686672,2.94313],[-74.679696,2.948764],[-74.672719,2.954398],[-74.665743,2.960032],[-74.658767,2.965665],[-74.651791,2.971299],[-74.644814,2.976933],[-74.637838,2.982566],[-74.630861,2.9882],[-74.623884,2.993833],[-74.616908,2.999467],[-74.609931,3.0051],[-74.602954,3.010733],[-74.595977,3.016367],[-74.589,3.022]]}},{"type":"Feature","properties":{"PLATEBOUND":"ND-SA","STEPCLASS":"CCB","BOUNDCONT":"TRUE","OROGEN":"FALSE"},"geometry":{"type":"LineString","coordinates":[[-74.589,3.022],[-74.58305,3.028635],[-74.5771,3.03527],[-74.571151,3.041904],[-74.565201,3.048539],[-74.559251,3.055174],[-74.553301,3.061809],[-74.54735,3.068443],[-74.5414,3.075078],[-74.53545,3.081712],[-74.529499,3.088347],[-74.523549,3.094981],[-74.517598,3.101616],[-74.511648,3.10825],[-74.505697,3.114885],[-74.499746,3.121519],[-74.493796,3.128153],[-74.487845,3.134788],[-74.481894,3.141422],[-74.475943,3.148056],[-74.469991,3.15469],[-74.46404,3.161324],[-74.458089,3.167959],[-74.452138,3.174593],[-74.446186,3.181227],[-74.440235,3.187861],[-74.434283,3.194495],[-74.428331,3.201129],[-74.42238,3.207763],[-74.416428,3.214396],[-74.410476,3.22103],[-74.404524,3.227664],[-74.398572,3.234298],[-74.39262,3.240932],[-74.386668,3.247565],[-74.380715,3.254199],[-74.374763,3.260832],[-74.368811,3.267466],[-74.362858,3.2741],[-74.356905,3.280733],[-74.350953,3.287367],[-74.345,3.294]]}},{"type":"Feature","properties":{"PLATEBOUND":"ND-SA","STEPCLASS":"CTF","BOUNDCONT":"TRUE","OROGEN":"FALSE"},"geometry":{"type":"LineString","coordinates":[[-74.345,3.294],[-74.33713,3.298065],[-74.32926,3.302131],[-74.32139,3.306196],[-74.31352,3.310262],[-74.305649,3.314327],[-74.297779,3.318392],[-74.289909,3.322457],[-74.282038,3.326522],[-74.274168,3.330587],[-74.266297,3.334652],[-74.258426,3.338717],[-74.250556,3.342781],[-74.242685,3.346846],[-74.234814,3.350911],[-74.226943,3.354975],[-74.219072,3.35904],[-74.211201,3.363104],[-74.20333,3.367169],[-74.195459,3.371233],[-74.187588,3.375297],[-74.179717,3.379362],[-74.171845,3.383426],[-74.163974,3.38749],[-74.156102,3.391554],[-74.148231,3.395618],[-74.140359,3.399682],[-74.132487,3.403745],[-74.124616,3.407809],[-74.116744,3.411873],[-74.108872,3.415936],[-74.101,3.42]]}},{"type":"Feature","properties":{"PLATEBOUND":"ND-SA","STEPCLASS":"CCB","BOUNDCONT":"TRUE","OROGEN":"FALSE"},"geometry":{"type":"LineString","coordinates":[[-74.101,3.42],[-74.094001,3.425601],[-74.087002,3.431201],[-74.080003,3.436802],[-74.073003,3.442402],[-74.066004,3.448003],[-74.059005,3.453603],[-74.052005,3.459203],[-74.045006,3.464804],[-74.038006,3.470404],[-74.031006,3.476004],[-74.024006,3.481604],[-74.017006,3.487204],[-74.010006,3.492804],[-74.003006,3.498404],[-73.996006,3.504004],[-73.989006,3.509604],[-73.982006,3.515204],[-73.975005,3.520803],[-73.968005,3.526403],[-73.961004,3.532003],[-73.954003,3.537602],[-73.947003,3.543202],[-73.940002,3.548801],[-73.933001,3.554401],[-73.926,3.56]]}},{"type":"Feature","properties":{"PLATEBOUND":"ND-SA","STEPCLASS":"CCB","BOUNDCONT":"TRUE","OROGEN":"FALSE"},"geometry":{"type":"LineString","coordinates":[[-73.926,3.56],[-73.922532,3.568094],[-73.919064,3.576188],[-73.915596,3.584282],[-73.912128,3.592376],[-73.90866,3.60047],[-73.905192,3.608564],[-73.901724,3.616658],[-73.898256,3.624751],[-73.894788,3.632845],[-73.891319,3.640939],[-73.887851,3.649033],[-73.884383,3.657127],[-73.880914,3.665221],[-73.877445,3.673314],[-73.873977,3.681408],[-73.870508,3.689502],[-73.867039,3.697596],[-73.86357,3.705689],[-73.860102,3.713783],[-73.856633,3.721877],[-73.853164,3.72997],[-73.849694,3.738064],[-73.846225,3.746158],[-73.842756,3.754251],[-73.839287,3.762345],[-73.835817,3.770439],[-73.832348,3.778532],[-73.828879,3.786626],[-73.825409,3.794719],[-73.821939,3.802813],[-73.81847,3.810906],[-73.815,3.819]]}},{"type":"Feature","properties":{"PLATEBOUND":"ND-SA","STEPCLASS":"CCB","BOUNDCONT":"TRUE","OROGEN":"FALSE"},"geometry":{"type":"LineString","coordinates":[[-73.815,3.819],[-73.813158,3.827421],[-73.811316,3.835842],[-73.809475,3.844263],[-73.807633,3.852684],[-73.805791,3.861105],[-73.803949,3.869527],[-73.802107,3.877948],[-73.800265,3.886369],[-73.798423,3.89479],[-73.796581,3.903211],[-73.794738,3.911632],[-73.792896,3.920053],[-73.791054,3.928474],[-73.789212,3.936895],[-73.78737,3.945316],[-73.785527,3.953737],[-73.783685,3.962158],[-73.781842,3.970579],[-73.78,3.979]]}},{"type":"Feature","properties":{"PLATEBOUND":"ND-SA","STEPCLASS":"CCB","BOUNDCONT":"TRUE","OROGEN":"FALSE"},"geometry":{"type":"LineString","coordinates":[[-73.78,3.979],[-73.773735,3.985301],[-73.767469,3.991601],[-73.761204,3.997902],[-73.754938,4.004203],[-73.748673,4.010503],[-73.742407,4.016804],[-73.736141,4.023104],[-73.729875,4.029404],[-73.723609,4.035705],[-73.717343,4.042005],[-73.711077,4.048305],[-73.704811,4.054605],[-73.698544,4.060906],[-73.692278,4.067206],[-73.686011,4.073506],[-73.679744,4.079806],[-73.673477,4.086106],[-73.667211,4.092405],[-73.660944,4.098705],[-73.654676,4.105005],[-73.648409,4.111305],[-73.642142,4.117604],[-73.635875,4.123904],[-73.629607,4.130204],[-73.623339,4.136503],[-73.617072,4.142803],[-73.610804,4.149102],[-73.604536,4.155401],[-73.598268,4.161701],[-73.592,4.168]]}},{"type":"Feature","properties":{"PLATEBOUND":"ND-SA","STEPCLASS":"CTF","BOUNDCONT":"TRUE","OROGEN":"FALSE"},"geometry":{"type":"LineString","coordinates":[[-73.592,4.168],[-73.584178,4.172119],[-73.576356,4.176238],[-73.568533,4.180357],[-73.560711,4.184475],[-73.552888,4.188594],[-73.545066,4.192713],[-73.537243,4.196831],[-73.52942,4.200949],[-73.521598,4.205068],[-73.513775,4.209186],[-73.505952,4.213304],[-73.498129,4.217422],[-73.490305,4.22154],[-73.482482,4.225658],[-73.474659,4.229776],[-73.466835,4.233894],[-73.459012,4.238012],[-73.451188,4.242129],[-73.443365,4.246247],[-73.435541,4.250364],[-73.427717,4.254481],[-73.419893,4.258599],[-73.412069,4.262716],[-73.404245,4.266833],[-73.396421,4.27095],[-73.388597,4.275067],[-73.380773,4.279184],[-73.372948,4.283301],[-73.365124,4.287418],[-73.357299,4.291534],[-73.349474,4.295651],[-73.34165,4.299767],[-73.333825,4.303884],[-73.326,4.308]]}},{"type":"Feature","properties":{"PLATEBOUND":"ND-SA","STEPCLASS":"CTF","BOUNDCONT":"TRUE","OROGEN":"FALSE"},"geometry":{"type":"LineString","coordinates":[[-73.326,4.308],[-73.318161,4.312201],[-73.310322,4.316402],[-73.302483,4.320603],[-73.294644,4.324803],[-73.286804,4.329004],[-73.278965,4.333205],[-73.271125,4.337405],[-73.263286,4.341606],[-73.255446,4.345806],[-73.247607,4.350006],[-73.239767,4.354206],[-73.231927,4.358406],[-73.224087,4.362606],[-73.216247,4.366806],[-73.208407,4.371006],[-73.200566,4.375206],[-73.192726,4.379406],[-73.184885,4.383605],[-73.177045,4.387805],[-73.169204,4.392004],[-73.161364,4.396203],[-73.153523,4.400403],[-73.145682,4.404602],[-73.137841,4.408801],[-73.13,4.413]]}},{"type":"Feature","properties":{"PLATEBOUND":"ND-SA","STEPCLASS":"CCB","BOUNDCONT":"TRUE","OROGEN":"FALSE"},"geometry":{"type":"LineString","coordinates":[[-73.13,4.413],[-73.125229,4.420455],[-73.120459,4.42791],[-73.115688,4.435366],[-73.110917,4.442821],[-73.106146,4.450276],[-73.101375,4.457731],[-73.096604,4.465186],[-73.091832,4.472641],[-73.087061,4.480096],[-73.082289,4.487551],[-73.077518,4.495006],[-73.072746,4.502461],[-73.067974,4.509916],[-73.063202,4.517371],[-73.05843,4.524825],[-73.053658,4.53228],[-73.048886,4.539735],[-73.044114,4.54719],[-73.039342,4.554644],[-73.034569,4.562099],[-73.029797,4.569554],[-73.025024,4.577008],[-73.020251,4.584463],[-73.015478,4.591917],[-73.010705,4.599372],[-73.005932,4.606826],[-73.001159,4.61428],[-72.996386,4.621735],[-72.991612,4.629189],[-72.986839,4.636643],[-72.982065,4.644098],[-72.977292,4.651552],[-72.972518,4.659006],[-72.967744,4.66646],[-72.96297,4.673914],[-72.958196,4.681368],[-72.953422,4.688823],[-72.948648,4.696277],[-72.943873,4.703731],[-72.939099,4.711185],[-72.934324,4.718638],[-72.92955,4.726092],[-72.924775,4.733546],[-72.92,4.741]]}},{"type":"Feature","properties":{"PLATEBOUND":"ND-SA","STEPCLASS":"CCB","BOUNDCONT":"TRUE","OROGEN":"FALSE"},"geometry":{"type":"LineString","coordinates":[[-72.92,4.741],[-72.914751,4.747965],[-72.909503,4.75493],[-72.904254,4.761894],[-72.899005,4.768859],[-72.893756,4.775824],[-72.888507,4.782788],[-72.883258,4.789753],[-72.878009,4.796718],[-72.872759,4.803682],[-72.86751,4.810647],[-72.86226,4.817611],[-72.85701,4.824575],[-72.85176,4.83154],[-72.846511,4.838504],[-72.84126,4.845468],[-72.83601,4.852433],[-72.83076,4.859397],[-72.82551,4.866361],[-72.820259,4.873325],[-72.815009,4.880289],[-72.809758,4.887253],[-72.804507,4.894217],[-72.799256,4.901181],[-72.794005,4.908145],[-72.788754,4.915109],[-72.783503,4.922073],[-72.778251,4.929036],[-72.773,4.936]]}},{"type":"Feature","properties":{"PLATEBOUND":"ND-SA","STEPCLASS":"CCB","BOUNDCONT":"TRUE","OROGEN":"FALSE"},"geometry":{"type":"LineString","coordinates":[[-72.773,4.936],[-72.767617,4.943001],[-72.762234,4.950001],[-72.75685,4.957002],[-72.751467,4.964002],[-72.746083,4.971002],[-72.740699,4.978003],[-72.735315,4.985003],[-72.729931,4.992003],[-72.724547,4.999004],[-72.719163,5.006004],[-72.713779,5.013004],[-72.708394,5.020004],[-72.70301,5.027004],[-72.697625,5.034004],[-72.69224,5.041004],[-72.686855,5.048004],[-72.68147,5.055004],[-72.676085,5.062003],[-72.6707,5.069003],[-72.665315,5.076003],[-72.659929,5.083002],[-72.654544,5.090002],[-72.649158,5.097002],[-72.643772,5.104001],[-72.638386,5.111001],[-72.633,5.118]]}},{"type":"Feature","properties":{"PLATEBOUND":"ND-SA","STEPCLASS":"CTF","BOUNDCONT":"TRUE","OROGEN":"FALSE"},"geometry":{"type":"LineString","coordinates":[[-72.633,5.118],[-72.625002,5.122173],[-72.617003,5.126346],[-72.609005,5.130519],[-72.601006,5.134692],[-72.593008,5.138865],[-72.585009,5.143037],[-72.57701,5.14721],[-72.569011,5.151382],[-72.561012,5.155555],[-72.553013,5.159727],[-72.545014,5.163899],[-72.537014,5.168071],[-72.529015,5.172243],[-72.521015,5.176415],[-72.513016,5.180587],[-72.505016,5.184758],[-72.497016,5.18893],[-72.489016,5.193101],[-72.481016,5.197273],[-72.473016,5.201444],[-72.465015,5.205615],[-72.457015,5.209786],[-72.449015,5.213957],[-72.441014,5.218128],[-72.433013,5.222298],[-72.425012,5.226469],[-72.417011,5.23064],[-72.40901,5.23481],[-72.401009,5.23898],[-72.393008,5.243151],[-72.385007,5.247321],[-72.377005,5.251491],[-72.369003,5.255661],[-72.361002,5.25983],[-72.353,5.264]]}},{"type":"Feature","properties":{"PLATEBOUND":"ND-SA","STEPCLASS":"CCB","BOUNDCONT":"TRUE","OROGEN":"FALSE"},"geometry":{"type":"LineString","coordinates":[[-72.353,5.264],[-72.348602,5.271801],[-72.344204,5.279601],[-72.339805,5.287402],[-72.335407,5.295202],[-72.331008,5.303003],[-72.32661,5.310803],[-72.322211,5.318603],[-72.317812,5.326404],[-72.313413,5.334204],[-72.309014,5.342004],[-72.304615,5.349804],[-72.300215,5.357605],[-72.295816,5.365405],[-72.291417,5.373205],[-72.287017,5.381005],[-72.282617,5.388805],[-72.278217,5.396605],[-72.273817,5.404405],[-72.269417,5.412205],[-72.265017,5.420005],[-72.260617,5.427805],[-72.256216,5.435605],[-72.251816,5.443405],[-72.247415,5.451204],[-72.243014,5.459004],[-72.238613,5.466804],[-72.234212,5.474604],[-72.229811,5.482403],[-72.22541,5.490203],[-72.221008,5.498003],[-72.216607,5.505802],[-72.212205,5.513602],[-72.207804,5.521401],[-72.203402,5.529201],[-72.199,5.537]]}},{"type":"Feature","properties":{"PLATEBOUND":"ND-SA","STEPCLASS":"CCB","BOUNDCONT":"TRUE","OROGEN":"FALSE"},"geometry":{"type":"LineString","coordinates":[[-72.199,5.537],[-72.197277,5.545655],[-72.195553,5.554311],[-72.19383,5.562966],[-72.192106,5.571621],[-72.190382,5.580276],[-72.188659,5.588932],[-72.186935,5.597587],[-72.185211,5.606242],[-72.183487,5.614897],[-72.181763,5.623552],[-72.18004,5.632208],[-72.178316,5.640863],[-72.176592,5.649518],[-72.174867,5.658173],[-72.173143,5.666828],[-72.171419,5.675484],[-72.169695,5.684139],[-72.167971,5.692794],[-72.166246,5.701449],[-72.164522,5.710104],[-72.162797,5.718759],[-72.161073,5.727414],[-72.159348,5.736069],[-72.157624,5.744725],[-72.155899,5.75338],[-72.154174,5.762035],[-72.15245,5.77069],[-72.150725,5.779345],[-72.149,5.788]]}},{"type":"Feature","properties":{"PLATEBOUND":"ND-SA","STEPCLASS":"CCB","BOUNDCONT":"TRUE","OROGEN":"FALSE"},"geometry":{"type":"LineString","coordinates":[[-72.149,5.788],[-72.146668,5.7966],[-72.144335,5.8052],[-72.142003,5.813801],[-72.13967,5.822401],[-72.137338,5.831001],[-72.135005,5.839601],[-72.132672,5.848201],[-72.13034,5.856801],[-72.128007,5.865401],[-72.125674,5.874001],[-72.123341,5.882601],[-72.121008,5.891201],[-72.118675,5.899801],[-72.116341,5.908401],[-72.114008,5.917001],[-72.111675,5.925601],[-72.109341,5.934201],[-72.107008,5.942801],[-72.104674,5.951401],[-72.102341,5.960001],[-72.100007,5.968601],[-72.097673,5.977201],[-72.095339,5.985801],[-72.093005,5.994401],[-72.090671,6.003001],[-72.088337,6.011601],[-72.086003,6.020201],[-72.083669,6.0288],[-72.081334,6.0374],[-72.079,6.046]]}},{"type":"Feature","properties":{"PLATEBOUND":"ND-SA","STEPCLASS":"CCB","BOUNDCONT":"TRUE","OROGEN":"FALSE"},"geometry":{"type":"LineString","coordinates":[[-72.079,6.046],[-72.073835,6.053201],[-72.068671,6.060401],[-72.063506,6.067602],[-72.058341,6.074803],[-72.053175,6.082003],[-72.04801,6.089204],[-72.042844,6.096404],[-72.037679,6.103605],[-72.032513,6.110805],[-72.027347,6.118005],[-72.022181,6.125205],[-72.017015,6.132406],[-72.011849,6.139606],[-72.006682,6.146806],[-72.001516,6.154006],[-71.996349,6.161206],[-71.991182,6.168406],[-71.986015,6.175606],[-71.980848,6.182805],[-71.975681,6.190005],[-71.970513,6.197205],[-71.965346,6.204405],[-71.960178,6.211604],[-71.95501,6.218804],[-71.949842,6.226003],[-71.944674,6.233203],[-71.939506,6.240402],[-71.934337,6.247601],[-71.929169,6.254801],[-71.924,6.262]]}},{"type":"Feature","properties":{"PLATEBOUND":"ND-SA","STEPCLASS":"CCB","BOUNDCONT":"TRUE","OROGEN":"FALSE"},"geometry":{"type":"LineString","coordinates":[[-71.924,6.262],[-71.923087,6.270826],[-71.922175,6.279652],[-71.921262,6.288478],[-71.920349,6.297305],[-71.919436,6.306131],[-71.918523,6.314957],[-71.91761,6.323783],[-71.916698,6.332609],[-71.915785,6.341435],[-71.914872,6.350261],[-71.913959,6.359087],[-71.913046,6.367913],[-71.912132,6.376739],[-71.911219,6.385566],[-71.910306,6.394392],[-71.909393,6.403218],[-71.90848,6.412044],[-71.907567,6.42087],[-71.906653,6.429696],[-71.90574,6.438522],[-71.904827,6.447348],[-71.903913,6.456174],[-71.903,6.465]]}},{"type":"Feature","properties":{"PLATEBOUND":"ND-SA","STEPCLASS":"CCB","BOUNDCONT":"TRUE","OROGEN":"FALSE"},"geometry":{"type":"LineString","coordinates":[[-71.903,6.465],[-71.902417,6.474],[-71.901834,6.483],[-71.901251,6.492],[-71.900668,6.501],[-71.900084,6.51],[-71.899501,6.519],[-71.898918,6.528],[-71.898335,6.537],[-71.897751,6.546],[-71.897168,6.555],[-71.896585,6.564],[-71.896002,6.573],[-71.895418,6.582],[-71.894835,6.591],[-71.894251,6.6],[-71.893668,6.609],[-71.893085,6.618],[-71.892501,6.627],[-71.891918,6.636],[-71.891334,6.645],[-71.890751,6.654],[-71.890167,6.663],[-71.889584,6.672],[-71.889,6.681]]}},{"type":"Feature","properties":{"PLATEBOUND":"ND-SA","STEPCLASS":"CCB","BOUNDCONT":"TRUE","OROGEN":"FALSE"},"geometry":{"type":"LineString","coordinates":[[-71.889,6.681],[-71.892742,6.689117],[-71.896483,6.697234],[-71.900225,6.705351],[-71.903967,6.713468],[-71.907709,6.721584],[-71.911451,6.729701],[-71.915193,6.737818],[-71.918936,6.745935],[-71.922678,6.754051],[-71.926421,6.762168],[-71.930164,6.770285],[-71.933907,6.778401],[-71.93765,6.786518],[-71.941393,6.794634],[-71.945136,6.802751],[-71.94888,6.810867],[-71.952623,6.818984],[-71.956367,6.8271],[-71.960111,6.835217],[-71.963855,6.843333],[-71.967599,6.851449],[-71.971343,6.859566],[-71.975087,6.867682],[-71.978832,6.875798],[-71.982576,6.883914],[-71.986321,6.89203],[-71.990066,6.900146],[-71.993811,6.908263],[-71.997556,6.916379],[-72.001301,6.924495],[-72.005046,6.932611],[-72.008792,6.940727],[-72.012537,6.948843],[-72.016283,6.956958],[-72.020029,6.965074],[-72.023775,6.97319],[-72.027521,6.981306],[-72.031267,6.989422],[-72.035013,6.997537],[-72.03876,7.005653],[-72.042506,7.013769],[-72.046253,7.021884],[-72.05,7.03]]}},{"type":"Feature","properties":{"PLATEBOUND":"ND-SA","STEPCLASS":"CCB","BOUNDCONT":"TRUE","OROGEN":"FALSE"},"geometry":{"type":"LineString","coordinates":[[-72.05,7.03],[-72.051105,7.038842],[-72.05221,7.047684],[-72.053315,7.056526],[-72.05442,7.065369],[-72.055525,7.074211],[-72.05663,7.083053],[-72.057735,7.091895],[-72.05884,7.100737],[-72.059945,7.109579],[-72.061051,7.118421],[-72.062156,7.127263],[-72.063261,7.136106],[-72.064367,7.144948],[-72.065472,7.15379],[-72.066578,7.162632],[-72.067683,7.171474],[-72.068789,7.180316],[-72.069894,7.189158],[-72.071,7.198]]}},{"type":"Feature","properties":{"PLATEBOUND":"ND-SA","STEPCLASS":"CCB","BOUNDCONT":"TRUE","OROGEN":"FALSE"},"geometry":{"type":"LineString","coordinates":[[-72.071,7.198],[-72.0705,7.206929],[-72.07,7.215857],[-72.0695,7.224786],[-72.069,7.233714],[-72.0685,7.242643],[-72.068,7.251572],[-72.0675,7.2605],[-72.067,7.269429],[-72.0665,7.278357],[-72.066,7.287286],[-72.0655,7.296214],[-72.065,7.305143],[-72.0645,7.314071],[-72.064,7.323]]}},{"type":"Feature","properties":{"PLATEBOUND":"ND-SA","STEPCLASS":"CCB","BOUNDCONT":"TRUE","OROGEN":"FALSE"},"geometry":{"type":"LineString","coordinates":[[-72.064,7.323],[-72.070857,7.3287],[-72.077714,7.3344],[-72.084571,7.340099],[-72.091428,7.345799],[-72.098286,7.351499],[-72.105143,7.357198],[-72.112001,7.362897],[-72.118859,7.368596],[-72.125717,7.374295],[-72.132576,7.379994],[-72.139434,7.385693],[-72.146293,7.391392],[-72.153152,7.397091],[-72.160011,7.402789],[-72.16687,7.408488],[-72.173729,7.414186],[-72.180589,7.419884],[-72.187449,7.425582],[-72.194308,7.43128],[-72.201169,7.436978],[-72.208029,7.442676],[-72.214889,7.448374],[-72.22175,7.454071],[-72.228611,7.459769],[-72.235472,7.465466],[-72.242333,7.471163],[-72.249194,7.476861],[-72.256056,7.482558],[-72.262917,7.488254],[-72.269779,7.493951],[-72.276641,7.499648],[-72.283504,7.505345],[-72.290366,7.511041],[-72.297229,7.516737],[-72.304091,7.522434],[-72.310954,7.52813],[-72.317817,7.533826],[-72.324681,7.539522],[-72.331544,7.545218],[-72.338408,7.550913],[-72.345272,7.556609],[-72.352136,7.562305],[-72.359,7.568]]}},{"type":"Feature","properties":{"PLATEBOUND":"ND-SA","STEPCLASS":"CCB","BOUNDCONT":"TRUE","OROGEN":"FALSE"},"geometry":{"type":"LineString","coordinates":[[-72.359,7.568],[-72.363587,7.575765],[-72.368174,7.58353],[-72.372761,7.591295],[-72.377349,7.59906],[-72.381936,7.606825],[-72.386524,7.61459],[-72.391112,7.622355],[-72.3957,7.63012],[-72.400288,7.637884],[-72.404877,7.645649],[-72.409465,7.653413],[-72.414054,7.661178],[-72.418643,7.668943],[-72.423232,7.676707],[-72.427821,7.684471],[-72.43241,7.692236],[-72.437,7.7]]}},{"type":"Feature","properties":{"PLATEBOUND":"ND-SA","STEPCLASS":"CTF","BOUNDCONT":"TRUE","OROGEN":"FALSE"},"geometry":{"type":"LineString","coordinates":[[-72.437,7.7],[-72.429362,7.704762],[-72.421724,7.709523],[-72.414086,7.714285],[-72.406447,7.719046],[-72.398809,7.723807],[-72.39117,7.728568],[-72.383531,7.733329],[-72.375892,7.738089],[-72.368252,7.74285],[-72.360613,7.74761],[-72.352973,7.752371],[-72.345333,7.757131],[-72.337693,7.761891],[-72.330053,7.766651],[-72.322413,7.77141],[-72.314772,7.77617],[-72.307132,7.780929],[-72.299491,7.785689],[-72.29185,7.790448],[-72.284209,7.795207],[-72.276567,7.799966],[-72.268926,7.804725],[-72.261284,7.809483],[-72.253642,7.814242],[-72.246,7.819]]}},{"type":"Feature","properties":{"PLATEBOUND":"ND-SA","STEPCLASS":"CTF","BOUNDCONT":"TRUE","OROGEN":"FALSE"},"geometry":{"type":"LineString","coordinates":[[-72.246,7.819],[-72.238251,7.823201],[-72.230503,7.827403],[-72.222754,7.831604],[-72.215005,7.835805],[-72.207256,7.840005],[-72.199507,7.844206],[-72.191757,7.848407],[-72.184007,7.852607],[-72.176258,7.856807],[-72.168508,7.861007],[-72.160758,7.865207],[-72.153007,7.869407],[-72.145257,7.873607],[-72.137507,7.877806],[-72.129756,7.882005],[-72.122005,7.886205],[-72.114254,7.890404],[-72.106503,7.894603],[-72.098751,7.898801],[-72.091,7.903]]}},{"type":"Feature","properties":{"PLATEBOUND":"ND-SA","STEPCLASS":"CCB","BOUNDCONT":"TRUE","OROGEN":"FALSE"},"geometry":{"type":"LineString","coordinates":[[-72.091,7.903],[-72.085136,7.909735],[-72.079272,7.916469],[-72.073408,7.923203],[-72.067543,7.929938],[-72.061679,7.936672],[-72.055814,7.943406],[-72.049949,7.95014],[-72.044084,7.956874],[-72.038218,7.963608],[-72.032353,7.970342],[-72.026487,7.977076],[-72.020621,7.983809],[-72.014755,7.990543],[-72.008888,7.997276],[-72.003022,8.00401],[-71.997155,8.010743],[-71.991288,8.017476],[-71.985421,8.024209],[-71.979553,8.030942],[-71.973686,8.037675],[-71.967818,8.044408],[-71.96195,8.051141],[-71.956082,8.057874],[-71.950214,8.064606],[-71.944345,8.071339],[-71.938477,8.078071],[-71.932608,8.084803],[-71.926739,8.091536],[-71.920869,8.098268],[-71.915,8.105]]}},{"type":"Feature","properties":{"PLATEBOUND":"ND-SA","STEPCLASS":"CCB","BOUNDCONT":"TRUE","OROGEN":"FALSE"},"geometry":{"type":"LineString","coordinates":[[-71.915,8.105],[-71.907943,8.110295],[-71.900885,8.11559],[-71.893827,8.120885],[-71.88677,8.12618],[-71.879711,8.131474],[-71.872653,8.136769],[-71.865595,8.142063],[-71.858536,8.147357],[-71.851477,8.152652],[-71.844418,8.157946],[-71.837359,8.163239],[-71.8303,8.168533],[-71.82324,8.173827],[-71.81618,8.17912],[-71.80912,8.184414],[-71.80206,8.189707],[-71.795,8.195]]}},{"type":"Feature","properties":{"PLATEBOUND":"ND-SA","STEPCLASS":"CCB","BOUNDCONT":"TRUE","OROGEN":"FALSE"},"geometry":{"type":"LineString","coordinates":[[-71.795,8.195],[-71.790052,8.202351],[-71.785103,8.209701],[-71.780155,8.217052],[-71.775206,8.224402],[-71.770257,8.231752],[-71.765308,8.239103],[-71.760358,8.246453],[-71.755409,8.253803],[-71.750459,8.261153],[-71.745509,8.268503],[-71.740559,8.275853],[-71.735609,8.283203],[-71.730658,8.290553],[-71.725708,8.297903],[-71.720757,8.305252],[-71.715806,8.312602],[-71.710855,8.319952],[-71.705903,8.327301],[-71.700952,8.334651],[-71.696,8.342]]}},{"type":"Feature","properties":{"PLATEBOUND":"ND-SA","STEPCLASS":"CTF","BOUNDCONT":"TRUE","OROGEN":"FALSE"},"geometry":{"type":"LineString","coordinates":[[-71.696,8.342],[-71.688002,8.345702],[-71.680004,8.349405],[-71.672006,8.353107],[-71.664008,8.356808],[-71.656009,8.36051],[-71.648011,8.364212],[-71.640012,8.367913],[-71.632013,8.371614],[-71.624014,8.375315],[-71.616015,8.379016],[-71.608016,8.382717],[-71.600016,8.386418],[-71.592017,8.390118],[-71.584017,8.393818],[-71.576017,8.397518],[-71.568017,8.401218],[-71.560017,8.404918],[-71.552016,8.408618],[-71.544016,8.412317],[-71.536015,8.416016],[-71.528014,8.419715],[-71.520013,8.423414],[-71.512012,8.427113],[-71.504011,8.430812],[-71.496009,8.43451],[-71.488008,8.438208],[-71.480006,8.441907],[-71.472004,8.445605],[-71.464002,8.449302],[-71.456,8.453]]}},{"type":"Feature","properties":{"PLATEBOUND":"ND-SA","STEPCLASS":"CTF","BOUNDCONT":"TRUE","OROGEN":"FALSE"},"geometry":{"type":"LineString","coordinates":[[-71.456,8.453],[-71.448002,8.456809],[-71.440005,8.460618],[-71.432007,8.464426],[-71.424009,8.468235],[-71.41601,8.472043],[-71.408012,8.475851],[-71.400013,8.479659],[-71.392015,8.483467],[-71.384016,8.487274],[-71.376017,8.491082],[-71.368017,8.494889],[-71.360018,8.498696],[-71.352018,8.502503],[-71.344019,8.50631],[-71.336019,8.510117],[-71.328019,8.513923],[-71.320019,8.517729],[-71.312018,8.521535],[-71.304018,8.525341],[-71.296017,8.529147],[-71.288017,8.532953],[-71.280016,8.536758],[-71.272015,8.540564],[-71.264013,8.544369],[-71.256012,8.548174],[-71.24801,8.551979],[-71.240009,8.555783],[-71.232007,8.559588],[-71.224005,8.563392],[-71.216002,8.567196],[-71.208,8.571]]}},{"type":"Feature","properties":{"PLATEBOUND":"ND-SA","STEPCLASS":"CCB","BOUNDCONT":"TRUE","OROGEN":"FALSE"},"geometry":{"type":"LineString","coordinates":[[-71.208,8.571],[-71.200946,8.576001],[-71.193892,8.581002],[-71.186837,8.586003],[-71.179783,8.591004],[-71.172728,8.596004],[-71.165673,8.601005],[-71.158618,8.606005],[-71.151563,8.611005],[-71.144508,8.616005],[-71.137452,8.621005],[-71.130396,8.626005],[-71.12334,8.631005],[-71.116284,8.636004],[-71.109227,8.641004],[-71.102171,8.646003],[-71.095114,8.651002],[-71.088057,8.656001],[-71.081,8.661]]}},{"type":"Feature","properties":{"PLATEBOUND":"ND-SA","STEPCLASS":"CCB","BOUNDCONT":"TRUE","OROGEN":"FALSE"},"geometry":{"type":"LineString","coordinates":[[-71.081,8.661],[-71.074502,8.667085],[-71.068005,8.673169],[-71.061507,8.679254],[-71.055008,8.685338],[-71.04851,8.691422],[-71.042011,8.697506],[-71.035513,8.70359],[-71.029013,8.709674],[-71.022514,8.715758],[-71.016015,8.721841],[-71.009515,8.727925],[-71.003015,8.734008],[-70.996515,8.740091],[-70.990015,8.746175],[-70.983514,8.752258],[-70.977013,8.758341],[-70.970513,8.764423],[-70.964011,8.770506],[-70.95751,8.776589],[-70.951008,8.782671],[-70.944507,8.788754],[-70.938005,8.794836],[-70.931502,8.800918],[-70.925,8.807]]}},{"type":"Feature","properties":{"PLATEBOUND":"ND-SA","STEPCLASS":"CTF","BOUNDCONT":"TRUE","OROGEN":"FALSE"},"geometry":{"type":"LineString","coordinates":[[-70.925,8.807],[-70.916751,8.809877],[-70.908503,8.812754],[-70.900254,8.815631],[-70.892005,8.818507],[-70.883756,8.821384],[-70.875507,8.82426],[-70.867258,8.827136],[-70.859008,8.830012],[-70.850759,8.832887],[-70.842509,8.835763],[-70.834259,8.838638],[-70.826009,8.841513],[-70.817759,8.844388],[-70.809509,8.847263],[-70.801259,8.850137],[-70.793008,8.853012],[-70.784758,8.855886],[-70.776507,8.85876],[-70.768256,8.861634],[-70.760005,8.864507],[-70.751754,8.867381],[-70.743503,8.870254],[-70.735251,8.873127],[-70.727,8.876]]}},{"type":"Feature","properties":{"PLATEBOUND":"ND-SA","STEPCLASS":"CTF","BOUNDCONT":"TRUE","OROGEN":"FALSE"},"geometry":{"type":"LineString","coordinates":[[-70.727,8.876],[-70.719431,8.880931],[-70.711862,8.885861],[-70.704293,8.890792],[-70.696724,8.895722],[-70.689155,8.900652],[-70.681585,8.905582],[-70.674015,8.910511],[-70.666445,8.915441],[-70.658875,8.92037],[-70.651304,8.9253],[-70.643733,8.930229],[-70.636162,8.935158],[-70.628591,8.940087],[-70.62102,8.945015],[-70.613448,8.949944],[-70.605877,8.954872],[-70.598305,8.9598],[-70.590733,8.964728],[-70.58316,8.969656],[-70.575588,8.974584],[-70.568015,8.979511],[-70.560442,8.984439],[-70.552869,8.989366],[-70.545296,8.994293],[-70.537722,8.99922],[-70.530148,9.004147],[-70.522574,9.009074],[-70.515,9.014]]}},{"type":"Feature","properties":{"PLATEBOUND":"ND-SA","STEPCLASS":"CCB","BOUNDCONT":"TRUE","OROGEN":"FALSE"},"geometry":{"type":"LineString","coordinates":[[-70.515,9.014],[-70.508176,9.019436],[-70.501352,9.024872],[-70.494528,9.030308],[-70.487703,9.035744],[-70.480879,9.04118],[-70.474054,9.046615],[-70.467229,9.052051],[-70.460404,9.057486],[-70.453578,9.062921],[-70.446752,9.068356],[-70.439927,9.073791],[-70.433101,9.079226],[-70.426274,9.084661],[-70.419448,9.090095],[-70.412621,9.095529],[-70.405794,9.100964],[-70.398967,9.106398],[-70.39214,9.111832],[-70.385312,9.117266],[-70.378484,9.1227],[-70.371656,9.128133],[-70.364828,9.133567],[-70.358,9.139]]}},{"type":"Feature","properties":{"PLATEBOUND":"ND-SA","STEPCLASS":"CCB","BOUNDCONT":"TRUE","OROGEN":"FALSE"},"geometry":{"type":"LineString","coordinates":[[-70.358,9.139],[-70.351409,9.144931],[-70.344818,9.150862],[-70.338227,9.156793],[-70.331636,9.162724],[-70.325044,9.168654],[-70.318452,9.174585],[-70.31186,9.180515],[-70.305268,9.186445],[-70.298676,9.192375],[-70.292083,9.198305],[-70.28549,9.204235],[-70.278897,9.210165],[-70.272304,9.216095],[-70.26571,9.222024],[-70.259116,9.227954],[-70.252522,9.233883],[-70.245928,9.239812],[-70.239333,9.245741],[-70.232739,9.25167],[-70.226144,9.257599],[-70.219549,9.263527],[-70.212953,9.269456],[-70.206358,9.275384],[-70.199762,9.281312],[-70.193166,9.287241],[-70.18657,9.293169],[-70.179973,9.299096],[-70.173377,9.305024],[-70.16678,9.310952],[-70.160183,9.316879],[-70.153585,9.322807],[-70.146988,9.328734],[-70.14039,9.334661],[-70.133792,9.340588],[-70.127194,9.346515],[-70.120595,9.352442],[-70.113997,9.358369],[-70.107398,9.364295],[-70.100799,9.370222],[-70.094199,9.376148],[-70.0876,9.382074],[-70.081,9.388]]}},{"type":"Feature","properties":{"PLATEBOUND":"ND-SA","STEPCLASS":"CCB","BOUNDCONT":"TRUE","OROGEN":"FALSE"},"geometry":{"type":"LineString","coordinates":[[-70.081,9.388],[-70.074566,9.394064],[-70.068132,9.400129],[-70.061697,9.406193],[-70.055263,9.412257],[-70.048828,9.418321],[-70.042393,9.424384],[-70.035957,9.430448],[-70.029522,9.436512],[-70.023086,9.442575],[-70.01665,9.448638],[-70.010214,9.454701],[-70.003777,9.460764],[-69.99734,9.466827],[-69.990903,9.47289],[-69.984466,9.478953],[-69.978029,9.485015],[-69.971591,9.491078],[-69.965154,9.49714],[-69.958715,9.503202],[-69.952277,9.509264],[-69.945839,9.515326],[-69.9394,9.521388],[-69.932961,9.52745],[-69.926522,9.533512],[-69.920082,9.539573],[-69.913643,9.545634],[-69.907203,9.551696],[-69.900763,9.557757],[-69.894322,9.563818],[-69.887882,9.569879],[-69.881441,9.575939],[-69.875,9.582]]}},{"type":"Feature","properties":{"PLATEBOUND":"ND-SA","STEPCLASS":"CCB","BOUNDCONT":"TRUE","OROGEN":"FALSE"},"geometry":{"type":"LineString","coordinates":[[-69.875,9.582],[-69.869229,9.588937],[-69.863458,9.595874],[-69.857687,9.602811],[-69.851916,9.609747],[-69.846144,9.616684],[-69.840373,9.62362],[-69.834601,9.630557],[-69.828828,9.637493],[-69.823056,9.644429],[-69.817283,9.651365],[-69.81151,9.658301],[-69.805737,9.665237],[-69.799963,9.672173],[-69.794189,9.679109],[-69.788416,9.686044],[-69.782641,9.69298],[-69.776867,9.699915],[-69.771092,9.70685],[-69.765317,9.713786],[-69.759542,9.720721],[-69.753767,9.727656],[-69.747991,9.734591],[-69.742215,9.741525],[-69.736439,9.74846],[-69.730663,9.755395],[-69.724886,9.762329],[-69.71911,9.769263],[-69.713333,9.776198],[-69.707555,9.783132],[-69.701778,9.790066],[-69.696,9.797]]}},{"type":"Feature","properties":{"PLATEBOUND":"ND-SA","STEPCLASS":"CCB","BOUNDCONT":"TRUE","OROGEN":"FALSE"},"geometry":{"type":"LineString","coordinates":[[-69.696,9.797],[-69.689624,9.803174],[-69.683248,9.809348],[-69.676871,9.815522],[-69.670495,9.821696],[-69.664118,9.827869],[-69.657741,9.834043],[-69.651363,9.840216],[-69.644985,9.84639],[-69.638608,9.852563],[-69.632229,9.858736],[-69.625851,9.864909],[-69.619473,9.871082],[-69.613094,9.877254],[-69.606715,9.883427],[-69.600335,9.889599],[-69.593956,9.895771],[-69.587576,9.901944],[-69.581196,9.908116],[-69.574816,9.914288],[-69.568435,9.920459],[-69.562055,9.926631],[-69.555674,9.932803],[-69.549292,9.938974],[-69.542911,9.945145],[-69.536529,9.951317],[-69.530147,9.957488],[-69.523765,9.963659],[-69.517383,9.969829],[-69.511,9.976]]}},{"type":"Feature","properties":{"PLATEBOUND":"ND-SA","STEPCLASS":"CCB","BOUNDCONT":"TRUE","OROGEN":"FALSE"},"geometry":{"type":"LineString","coordinates":[[-69.511,9.976],[-69.503624,9.981002],[-69.496247,9.986004],[-69.488871,9.991006],[-69.481494,9.996008],[-69.474117,10.00101],[-69.46674,10.006011],[-69.459362,10.011013],[-69.451985,10.016014],[-69.444607,10.021015],[-69.437228,10.026016],[-69.42985,10.031016],[-69.422471,10.036017],[-69.415093,10.041017],[-69.407713,10.046017],[-69.400334,10.051017],[-69.392955,10.056017],[-69.385575,10.061017],[-69.378195,10.066016],[-69.370815,10.071016],[-69.363434,10.076015],[-69.356054,10.081014],[-69.348673,10.086013],[-69.341292,10.091011],[-69.33391,10.09601],[-69.326529,10.101008],[-69.319147,10.106006],[-69.311765,10.111004],[-69.304382,10.116002],[-69.297,10.121]]}},{"type":"Feature","properties":{"PLATEBOUND":"ND-SA","STEPCLASS":"CTF","BOUNDCONT":"TRUE","OROGEN":"FALSE"},"geometry":{"type":"LineString","coordinates":[[-69.297,10.121],[-69.289152,10.124752],[-69.281303,10.128503],[-69.273455,10.132255],[-69.265606,10.136006],[-69.257757,10.139757],[-69.249908,10.143508],[-69.242058,10.147259],[-69.234209,10.151009],[-69.226359,10.154759],[-69.218509,10.158509],[-69.210659,10.162259],[-69.202809,10.166009],[-69.194958,10.169759],[-69.187108,10.173508],[-69.179257,10.177257],[-69.171406,10.181006],[-69.163555,10.184755],[-69.155703,10.188503],[-69.147852,10.192252],[-69.14,10.196]]}},{"type":"Feature","properties":{"PLATEBOUND":"ND-SA","STEPCLASS":"CTF","BOUNDCONT":"TRUE","OROGEN":"FALSE"},"geometry":{"type":"LineString","coordinates":[[-69.14,10.196],[-69.132548,10.200684],[-69.125095,10.205367],[-69.117643,10.21005],[-69.11019,10.214733],[-69.102737,10.219416],[-69.095283,10.224099],[-69.08783,10.228782],[-69.080376,10.233464],[-69.072922,10.238146],[-69.065468,10.242829],[-69.058013,10.24751],[-69.050559,10.252192],[-69.043104,10.256874],[-69.035649,10.261555],[-69.028193,10.266236],[-69.020738,10.270917],[-69.013282,10.275598],[-69.005826,10.280279],[-68.99837,10.284959],[-68.990913,10.28964],[-68.983457,10.29432],[-68.976,10.299]]}},{"type":"Feature","properties":{"PLATEBOUND":"ND-SA","STEPCLASS":"CTF","BOUNDCONT":"TRUE","OROGEN":"FALSE"},"geometry":{"type":"LineString","coordinates":[[-68.976,10.299],[-68.967951,10.303109],[-68.959902,10.307218],[-68.951853,10.311326],[-68.943804,10.315435],[-68.935754,10.319543],[-68.927704,10.323651],[-68.919654,10.327759],[-68.911604,10.331866],[-68.903554,10.335974],[-68.895503,10.340081],[-68.887452,10.344188],[-68.879401,10.348295],[-68.87135,10.352401],[-68.863298,10.356508],[-68.855247,10.360614],[-68.847195,10.36472],[-68.839143,10.368826],[-68.83109,10.372931],[-68.823038,10.377037],[-68.814985,10.381142],[-68.806932,10.385247],[-68.798879,10.389352],[-68.790826,10.393456],[-68.782772,10.39756],[-68.774718,10.401665],[-68.766664,10.405769],[-68.75861,10.409872],[-68.750556,10.413976],[-68.742501,10.418079],[-68.734446,10.422182],[-68.726391,10.426285],[-68.718336,10.430388],[-68.710281,10.43449],[-68.702225,10.438593],[-68.694169,10.442695],[-68.686113,10.446797],[-68.678057,10.450898],[-68.67,10.455]]}},{"type":"Feature","properties":{"PLATEBOUND":"ND-SA","STEPCLASS":"CTF","BOUNDCONT":"TRUE","OROGEN":"FALSE"},"geometry":{"type":"LineString","coordinates":[[-68.67,10.455],[-68.661422,10.457476],[-68.652844,10.459951],[-68.644266,10.462427],[-68.635688,10.464902],[-68.62711,10.467377],[-68.618532,10.469851],[-68.609953,10.472326],[-68.601374,10.4748],[-68.592796,10.477274],[-68.584217,10.479747],[-68.575638,10.482221],[-68.567058,10.484694],[-68.558479,10.487167],[-68.5499,10.48964],[-68.54132,10.492112],[-68.53274,10.494585],[-68.52416,10.497057],[-68.51558,10.499528],[-68.507,10.502]]}},{"type":"Feature","properties":{"PLATEBOUND":"ND-SA","STEPCLASS":"CTF","BOUNDCONT":"TRUE","OROGEN":"FALSE"},"geometry":{"type":"LineString","coordinates":[[-68.507,10.502],[-68.498279,10.503835],[-68.489557,10.505671],[-68.480836,10.507505],[-68.472114,10.50934],[-68.463392,10.511174],[-68.45467,10.513009],[-68.445948,10.514843],[-68.437226,10.516676],[-68.428504,10.51851],[-68.419782,10.520343],[-68.41106,10.522176],[-68.402337,10.524009],[-68.393614,10.525841],[-68.384892,10.527673],[-68.376169,10.529505],[-68.367446,10.531337],[-68.358723,10.533169],[-68.35,10.535]]}},{"type":"Feature","properties":{"PLATEBOUND":"ND-SA","STEPCLASS":"CRB","BOUNDCONT":"TRUE","OROGEN":"FALSE"},"geometry":{"type":"LineString","coordinates":[[-68.35,10.535],[-68.341239,10.534043],[-68.332479,10.533086],[-68.323718,10.532128],[-68.314958,10.53117],[-68.306197,10.530212],[-68.297437,10.529254],[-68.288677,10.528295],[-68.279916,10.527336],[-68.271156,10.526377],[-68.262396,10.525418],[-68.253636,10.524459],[-68.244876,10.523499],[-68.236116,10.522539],[-68.227356,10.521579],[-68.218596,10.520618],[-68.209836,10.519657],[-68.201076,10.518696],[-68.192317,10.517735],[-68.183557,10.516774],[-68.174797,10.515812],[-68.166038,10.51485],[-68.157278,10.513888],[-68.148519,10.512926],[-68.139759,10.511963],[-68.131,10.511]]}},{"type":"Feature","properties":{"PLATEBOUND":"ND-SA","STEPCLASS":"CTF","BOUNDCONT":"TRUE","OROGEN":"FALSE"},"geometry":{"type":"LineString","coordinates":[[-68.131,10.511],[-68.122052,10.510423],[-68.113105,10.509846],[-68.104157,10.509269],[-68.09521,10.508692],[-68.086262,10.508114],[-68.077314,10.507536],[-68.068367,10.506958],[-68.05942,10.50638],[-68.050472,10.505801],[-68.041525,10.505222],[-68.032577,10.504643],[-68.02363,10.504063],[-68.014683,10.503484],[-68.005736,10.502904],[-67.996788,10.502323],[-67.987841,10.501743],[-67.978894,10.501162],[-67.969947,10.500581],[-67.961,10.5]]}},{"type":"Feature","properties":{"PLATEBOUND":"CA-SA","STEPCLASS":"CTF","BOUNDCONT":"FALSE","OROGEN":"FALSE"},"geometry":{"type":"LineString","coordinates":[[-67.961,10.5],[-67.952118,10.501776],[-67.943236,10.503551],[-67.934354,10.505326],[-67.925471,10.507101],[-67.916589,10.508875],[-67.907706,10.51065],[-67.898824,10.512424],[-67.889941,10.514198],[-67.881058,10.515971],[-67.872175,10.517745],[-67.863292,10.519518],[-67.854409,10.521291],[-67.845526,10.523063],[-67.836642,10.524836],[-67.827759,10.526608],[-67.818875,10.52838],[-67.809992,10.530151],[-67.801108,10.531923],[-67.792224,10.533694],[-67.78334,10.535464],[-67.774456,10.537235],[-67.765572,10.539005],[-67.756688,10.540776],[-67.747803,10.542545],[-67.738919,10.544315],[-67.730034,10.546084],[-67.72115,10.547854],[-67.712265,10.549622],[-67.70338,10.551391],[-67.694495,10.553159],[-67.68561,10.554927],[-67.676725,10.556695],[-67.66784,10.558463],[-67.658954,10.56023],[-67.650069,10.561997],[-67.641183,10.563764],[-67.632297,10.565531],[-67.623412,10.567297],[-67.614526,10.569063],[-67.60564,10.570829],[-67.596754,10.572595],[-67.587867,10.57436],[-67.578981,10.576125],[-67.570095,10.57789],[-67.561208,10.579655],[-67.552322,10.581419],[-67.543435,10.583183],[-67.534548,10.584947],[-67.525661,10.586711],[-67.516774,10.588474],[-67.507887,10.590237],[-67.499,10.592]]}},{"type":"Feature","properties":{"PLATEBOUND":"CA-SA","STEPCLASS":"CTF","BOUNDCONT":"TRUE","OROGEN":"FALSE"},"geometry":{"type":"LineString","coordinates":[[-67.499,10.592],[-67.490002,10.59308],[-67.481004,10.59416],[-67.472006,10.59524],[-67.463008,10.59632],[-67.45401,10.597399],[-67.445012,10.598478],[-67.436014,10.599557],[-67.427016,10.600635],[-67.418017,10.601714],[-67.409019,10.602792],[-67.40002,10.603869],[-67.391022,10.604947],[-67.382023,10.606024],[-67.373025,10.607101],[-67.364026,10.608178],[-67.355027,10.609254],[-67.346028,10.61033],[-67.337029,10.611406],[-67.32803,10.612482],[-67.319031,10.613558],[-67.310032,10.614633],[-67.301033,10.615708],[-67.292034,10.616782],[-67.283035,10.617857],[-67.274035,10.618931],[-67.265036,10.620005],[-67.256036,10.621078],[-67.247037,10.622152],[-67.238037,10.623225],[-67.229038,10.624298],[-67.220038,10.62537],[-67.211038,10.626443],[-67.202038,10.627515],[-67.193038,10.628586],[-67.184038,10.629658],[-67.175038,10.630729],[-67.166038,10.6318],[-67.157038,10.632871],[-67.148038,10.633942],[-67.139038,10.635012],[-67.130037,10.636082],[-67.121037,10.637152],[-67.112036,10.638221],[-67.103036,10.639291],[-67.094035,10.640359],[-67.085035,10.641428],[-67.076034,10.642497],[-67.067033,10.643565],[-67.058032,10.644633],[-67.049031,10.645701],[-67.04003,10.646768],[-67.031029,10.647835],[-67.022028,10.648902],[-67.013027,10.649969],[-67.004026,10.651035],[-66.995025,10.652101],[-66.986023,10.653167],[-66.977022,10.654233],[-66.96802,10.655298],[-66.959019,10.656363],[-66.950017,10.657428],[-66.941016,10.658493],[-66.932014,10.659557],[-66.923012,10.660621],[-66.91401,10.661685],[-66.905008,10.662748],[-66.896006,10.663812],[-66.887004,10.664875],[-66.878002,10.665937],[-66.869,10.667]]}},{"type":"Feature","properties":{"PLATEBOUND":"CA-SA","STEPCLASS":"CTF","BOUNDCONT":"TRUE","OROGEN":"FALSE"},"geometry":{"type":"LineString","coordinates":[[-66.869,10.667],[-66.86,10.666902],[-66.851,10.666804],[-66.842,10.666705],[-66.832999,10.666606],[-66.823999,10.666507],[-66.814999,10.666408],[-66.805999,10.666308],[-66.796999,10.666208],[-66.787999,10.666108],[-66.778999,10.666008],[-66.769999,10.665907],[-66.760999,10.665806],[-66.751999,10.665705],[-66.742999,10.665603],[-66.733998,10.665502],[-66.724998,10.6654],[-66.715998,10.665297],[-66.706998,10.665195],[-66.697998,10.665092],[-66.688998,10.664989],[-66.679998,10.664886],[-66.670998,10.664782],[-66.661998,10.664679],[-66.652998,10.664575],[-66.643998,10.66447],[-66.634998,10.664366],[-66.625998,10.664261],[-66.616998,10.664156],[-66.607998,10.66405],[-66.598998,10.663945],[-66.589998,10.663839],[-66.580998,10.663733],[-66.571998,10.663627],[-66.562999,10.66352],[-66.553999,10.663413],[-66.544999,10.663306],[-66.535999,10.663198],[-66.526999,10.663091],[-66.517999,10.662983],[-66.508999,10.662875],[-66.499999,10.662766],[-66.490999,10.662658],[-66.481999,10.662549],[-66.472999,10.662439],[-66.464,10.66233],[-66.455,10.66222],[-66.446,10.66211],[-66.437,10.662]]}},{"type":"Feature","properties":{"PLATEBOUND":"CA-SA","STEPCLASS":"CTF","BOUNDCONT":"TRUE","OROGEN":"FALSE"},"geometry":{"type":"LineString","coordinates":[[-66.437,10.662],[-66.427904,10.661834],[-66.418807,10.661667],[-66.409711,10.6615],[-66.400614,10.661333],[-66.391518,10.661166],[-66.382422,10.660998],[-66.373325,10.66083],[-66.364229,10.660662],[-66.355133,10.660493],[-66.346036,10.660325],[-66.33694,10.660156],[-66.327844,10.659986],[-66.318747,10.659817],[-66.309651,10.659647],[-66.300555,10.659477],[-66.291459,10.659307],[-66.282362,10.659136],[-66.273266,10.658965],[-66.26417,10.658794],[-66.255074,10.658623],[-66.245977,10.658451],[-66.236881,10.658279],[-66.227785,10.658107],[-66.218689,10.657935],[-66.209593,10.657762],[-66.200497,10.657589],[-66.1914,10.657416],[-66.182304,10.657243],[-66.173208,10.657069],[-66.164112,10.656895],[-66.155016,10.656721],[-66.14592,10.656546],[-66.136824,10.656371],[-66.127728,10.656196],[-66.118632,10.656021],[-66.109535,10.655845],[-66.100439,10.655669],[-66.091343,10.655493],[-66.082247,10.655317],[-66.073151,10.65514],[-66.064055,10.654963],[-66.054959,10.654786],[-66.045863,10.654609],[-66.036767,10.654431],[-66.027671,10.654253],[-66.018575,10.654075],[-66.00948,10.653896],[-66.000384,10.653718],[-65.991288,10.653539],[-65.982192,10.653359],[-65.973096,10.65318],[-65.964,10.653]]}},{"type":"Feature","properties":{"PLATEBOUND":"CA-SA","STEPCLASS":"CTF","BOUNDCONT":"TRUE","OROGEN":"FALSE"},"geometry":{"type":"LineString","coordinates":[[-65.964,10.653],[-65.95506,10.652231],[-65.94612,10.651461],[-65.937181,10.650691],[-65.928241,10.649921],[-65.919301,10.64915],[-65.910362,10.64838],[-65.901422,10.647609],[-65.892482,10.646838],[-65.883543,10.646066],[-65.874603,10.645295],[-65.865664,10.644523],[-65.856725,10.64375],[-65.847785,10.642978],[-65.838846,10.642205],[-65.829907,10.641432],[-65.820968,10.640659],[-65.812029,10.639886],[-65.803089,10.639112],[-65.79415,10.638338],[-65.785211,10.637564],[-65.776272,10.636789],[-65.767334,10.636014],[-65.758395,10.635239],[-65.749456,10.634464],[-65.740517,10.633689],[-65.731578,10.632913],[-65.72264,10.632137],[-65.713701,10.631361],[-65.704762,10.630584],[-65.695824,10.629807],[-65.686885,10.62903],[-65.677947,10.628253],[-65.669008,10.627475],[-65.66007,10.626698],[-65.651132,10.62592],[-65.642194,10.625141],[-65.633255,10.624363],[-65.624317,10.623584],[-65.615379,10.622805],[-65.606441,10.622025],[-65.597503,10.621246],[-65.588565,10.620466],[-65.579627,10.619686],[-65.570689,10.618906],[-65.561751,10.618125],[-65.552813,10.617344],[-65.543875,10.616563],[-65.534938,10.615782],[-65.526,10.615]]}},{"type":"Feature","properties":{"PLATEBOUND":"CA-SA","STEPCLASS":"CTF","BOUNDCONT":"TRUE","OROGEN":"FALSE"},"geometry":{"type":"LineString","coordinates":[[-65.526,10.615],[-65.517,10.614672],[-65.507999,10.614344],[-65.498999,10.614016],[-65.489998,10.613688],[-65.480998,10.613359],[-65.471998,10.61303],[-65.462997,10.612701],[-65.453997,10.612371],[-65.444997,10.612042],[-65.435997,10.611712],[-65.426996,10.611381],[-65.417996,10.611051],[-65.408996,10.61072],[-65.399996,10.610389],[-65.390996,10.610058],[-65.381995,10.609726],[-65.372995,10.609395],[-65.363995,10.609063],[-65.354995,10.60873],[-65.345995,10.608398],[-65.336995,10.608065],[-65.327995,10.607732],[-65.318995,10.607398],[-65.309995,10.607065],[-65.300995,10.606731],[-65.291995,10.606397],[-65.282995,10.606063],[-65.273995,10.605728],[-65.264995,10.605393],[-65.255996,10.605058],[-65.246996,10.604723],[-65.237996,10.604387],[-65.228996,10.604051],[-65.219996,10.603715],[-65.210997,10.603378],[-65.201997,10.603042],[-65.192997,10.602705],[-65.183997,10.602368],[-65.174998,10.60203],[-65.165998,10.601692],[-65.156998,10.601354],[-65.147999,10.601016],[-65.138999,10.600678],[-65.13,10.600339],[-65.121,10.6]]}},{"type":"Feature","properties":{"PLATEBOUND":"CA-SA","STEPCLASS":"CRB","BOUNDCONT":"TRUE","OROGEN":"FALSE"},"geometry":{"type":"LineString","coordinates":[[-65.121,10.6],[-65.113249,10.596189],[-65.105497,10.592378],[-65.097746,10.588566],[-65.089995,10.584755],[-65.082245,10.580943],[-65.074494,10.577131],[-65.066744,10.573319],[-65.058994,10.569506],[-65.051244,10.565694],[-65.043494,10.561881],[-65.035745,10.558068],[-65.027995,10.554255],[-65.020246,10.550441],[-65.012497,10.546628],[-65.004749,10.542814],[-64.997,10.539]]}},{"type":"Feature","properties":{"PLATEBOUND":"CA-SA","STEPCLASS":"CTF","BOUNDCONT":"TRUE","OROGEN":"FALSE"},"geometry":{"type":"LineString","coordinates":[[-64.997,10.539],[-64.988107,10.537825],[-64.979215,10.53665],[-64.970322,10.535474],[-64.961429,10.534298],[-64.952537,10.533122],[-64.943645,10.531946],[-64.934752,10.530769],[-64.92586,10.529592],[-64.916968,10.528415],[-64.908076,10.527238],[-64.899184,10.52606],[-64.890292,10.524882],[-64.8814,10.523704],[-64.872508,10.522526],[-64.863616,10.521347],[-64.854724,10.520169],[-64.845833,10.51899],[-64.836941,10.51781],[-64.82805,10.516631],[-64.819158,10.515451],[-64.810267,10.514271],[-64.801375,10.51309],[-64.792484,10.51191],[-64.783593,10.510729],[-64.774702,10.509548],[-64.765811,10.508367],[-64.75692,10.507185],[-64.748029,10.506003],[-64.739138,10.504821],[-64.730247,10.503639],[-64.721357,10.502456],[-64.712466,10.501273],[-64.703575,10.50009],[-64.694685,10.498907],[-64.685795,10.497724],[-64.676904,10.49654],[-64.668014,10.495356],[-64.659124,10.494171],[-64.650233,10.492987],[-64.641343,10.491802],[-64.632453,10.490617],[-64.623563,10.489432],[-64.614673,10.488246],[-64.605784,10.48706],[-64.596894,10.485874],[-64.588004,10.484688],[-64.579115,10.483501],[-64.570225,10.482315],[-64.561336,10.481127],[-64.552446,10.47994],[-64.543557,10.478753],[-64.534667,10.477565],[-64.525778,10.476377],[-64.516889,10.475189],[-64.508,10.474]]}},{"type":"Feature","properties":{"PLATEBOUND":"CA-SA","STEPCLASS":"CTF","BOUNDCONT":"TRUE","OROGEN":"FALSE"},"geometry":{"type":"LineString","coordinates":[[-64.508,10.474],[-64.498971,10.475368],[-64.489942,10.476735],[-64.480913,10.478102],[-64.471883,10.479469],[-64.462854,10.480836],[-64.453825,10.482203],[-64.444795,10.483569],[-64.435765,10.484935],[-64.426736,10.4863],[-64.417706,10.487666],[-64.408676,10.489031],[-64.399646,10.490396],[-64.390616,10.491761],[-64.381586,10.493125],[-64.372556,10.494489],[-64.363526,10.495853],[-64.354496,10.497217],[-64.345465,10.49858],[-64.336435,10.499943],[-64.327404,10.501306],[-64.318374,10.502669],[-64.309343,10.504031],[-64.300312,10.505393],[-64.291281,10.506755],[-64.28225,10.508117],[-64.273219,10.509478],[-64.264188,10.510839],[-64.255157,10.5122],[-64.246126,10.51356],[-64.237094,10.514921],[-64.228063,10.516281],[-64.219032,10.51764],[-64.21,10.519]]}},{"type":"Feature","properties":{"PLATEBOUND":"CA-SA","STEPCLASS":"CTF","BOUNDCONT":"TRUE","OROGEN":"FALSE"},"geometry":{"type":"LineString","coordinates":[[-64.21,10.519],[-64.201027,10.519356],[-64.192055,10.519712],[-64.183082,10.520067],[-64.174109,10.520422],[-64.165137,10.520777],[-64.156164,10.521132],[-64.147191,10.521486],[-64.138219,10.52184],[-64.129246,10.522194],[-64.120273,10.522548],[-64.1113,10.522901],[-64.102327,10.523254],[-64.093355,10.523607],[-64.084382,10.52396],[-64.075409,10.524312],[-64.066436,10.524664],[-64.057463,10.525016],[-64.04849,10.525368],[-64.039517,10.525719],[-64.030544,10.52607],[-64.021571,10.526421],[-64.012598,10.526772],[-64.003625,10.527122],[-63.994652,10.527472],[-63.985679,10.527822],[-63.976706,10.528171],[-63.967732,10.528521],[-63.958759,10.52887],[-63.949786,10.529219],[-63.940813,10.529567],[-63.93184,10.529916],[-63.922866,10.530264],[-63.913893,10.530611],[-63.90492,10.530959],[-63.895947,10.531306],[-63.886973,10.531653],[-63.878,10.532]]}}]}